Nama Makanan,Ukuran Porsi,Kalori (kkal),Karbohidrat (g),Lemak (g),Protein (g)
nasi putih,100 g,129,27.9,0.28,2.66
nasi putih butirsedang dimasak,100 g,130,28.59,0.21,2.38
rice,100 g,125.82,27.97,0.14,3.19
nasi goreng,100 g,168,21.06,6.23,6.3
nasi merah,100 g,110,22.78,0.89,2.56
nasi padang,100 g,174.74,18.42,3.95,18.42
nasi putih butirpendek dimasak,100 g,130,28.73,0.19,2.36
nasi,100 g,70,18,0,1
nasi liwet,100 g,138,25.94,2.72,2.74
nasi putih butirpanjang dimasak,100 g,130,28.17,0.28,2.69
nasi jagung,100 g,150,26.14,3.99,2.67
nasi basmati,100 g,121,25.22,0.38,3.54
nasi uduk,100 g,83,55,35,25
nasi kebuli,100 g,159,20.7,6.33,4.87
bubur pedas,100 g,81,12.09,2.13,3.96
nasi daun jeruk,100 g,183,33.83,3.55,3.16
ketupat,100 g,160,30.36,2.42,3.27
nasi pecel,100 g,230,31.74,9.33,6.58
nasi merah butirsedang dimasak,100 g,112,23.51,0.83,2.32
bubur nasi,100 g,72,15.26,0.54,1.5
nasi ketan ketan,100 g,97,21.09,0.19,2.02
multi grain mix,100 g,400,76,4,12
nasi goreng cina,100 g,151,18.95,5.61,5.67
nasi tiwul,100 g,147,35.08,0.26,1.25
beras hitam,100 g,235.29,50.59,2.35,7.06
ready meal chicken popbites sambal matah,100 g,187.5,25.94,6.25,7.19
iwel iwel,100 g,226,40,6.08,3.13
nasi uduk komplit,100 g,136,14,3.43,12.29
nasi goreng tanpa daging,100 g,151,20.97,5.48,4.23
beras putih,100 g,361,79.48,0.59,6.75
nasi samin,100 g,207,36.72,5.36,4.47
nasi hitam,100 g,260,50.59,2.9,7.87
shirataki rice,100 g,11.76,3.53,0,1.18
nasi ayam betutu sambal matah,100 g,196,24,7.6,7.6
brondong ketan,100 g,380,86,1.5,6
beef teriyaki chicken combo large,100 g,148.75,18.88,4.5,8.38
japanese teriyaki bento,100 g,126.67,17.67,4,4.67
nasi ayam woku,100 g,160,24.4,2.4,9.6
ronde,100 g,308,68.39,0.45,5.57
ayam saus padang with nasi lemak,100 g,464,47,12,42
nasi coklat,100 g,116,24.51,0.73,2.47
beef bowl large,100 g,170.49,21.48,6.23,7.05
basmati rice spaghetti,100 g,362.5,82.32,0.54,6.79
fukumi mentah,100 g,350,80,0,7.5
rice vermicelli thai tom yum,100 g,200,36,4,4
beef bowl regular,100 g,162.62,19.29,6.43,7.14
hoka hemat,100 g,103.25,11.75,3.75,5
perencah nasi goreng,100 g,233.33,33.33,6.67,6.67
kari jepang,100 g,153,25.55,4.23,5.14
beras merah,100 g,340,73,1,10
original beef bowl with veggies,100 g,113.25,16.45,2.99,4.49
sumpia udang pedas,100 g,500,60,22.5,10
rice mix bbq,100 g,600,0,70,0
value set,100 g,670,68.5,30.2,28.2
rasa ayam,100 g,422.22,71.11,11.11,6.67
bubur sapi,100 g,24,2.4,0,3.2
mie,100 g,137,25.01,2.06,4.51
mie telur ditambah masak,100 g,138,25.16,2.07,4.54
mi goreng,100 g,475,61.25,21.25,9
rasa ayam bawang,100 g,434.78,62.32,15.94,10.14
bakmi,100 g,169,25.06,4.88,6.34
mie goreng,100 g,477.78,63.33,21.11,10
rasa soto mie,100 g,428.57,65.71,14.29,10
mie jebew,100 g,208,25.06,10.12,5.36
mie telur urai,100 g,364.29,73.57,1.43,15
mie telur kering,100 g,384,71.27,4.44,14.16
mie aceh,100 g,116,17.96,3.58,3.34
bihun panjang,100 g,84,20.66,0.01,0.04
cap ayam,100 g,358.21,76.12,0,10.45
mie glosor,100 g,72,15.71,0.86,0.27
mie tek tek,100 g,300,10,12,34
kwetiau,100 g,175,23.76,6.37,5.05
mi goreng pedas,100 g,455.7,65.82,16.46,10.13
bihun goreng,100 g,152,18.26,5.68,5.91
mie urai,100 g,364.29,73.57,1.43,15
gekikara ramen rasa pedas,100 g,458.72,66.06,16.51,10.09
rasa soto,100 g,418.18,70.91,10.91,9.09
japchae,100 g,369,75.22,6.21,0.67
mie rebus,100 g,434.78,62.32,15.94,10.14
korean spicy chicken,100 g,448.28,66.67,16.09,9.2
bakmi mewah rasa,100 g,460,64,20,10
mi goreng rasa rendang,100 g,461.54,64.84,17.58,9.89
mi instan rasa mi goreng,100 g,400,67.69,9.23,10.77
mie gelas rasa ayam bawang,100 g,400,60,20,10
soto banjar,100 g,449.28,62.32,18.84,10.14
omelet mie,100 g,138,24.43,2.03,4.48
mie kremezz shake shorr,100 g,466.67,66.67,20,6.67
mie sedaap cup goreng,100 g,482.35,62.35,22.35,8.24
mi instan rasa kari ayam,100 g,410.96,73.97,6.85,10.96
mie sagu,100 g,190,46.41,0.34,0.22
mie lidi coklat,100 g,444.44,71.11,13.33,11.11
veggie noodle tomato,100 g,360,70.67,4.67,9.33
mie instan cup kari ayam,100 g,466.67,58.33,21.67,11.67
bihunku seduh rasa kaldu ayam,100 g,333.33,75,0,4.17
mie goreng jumbo,100 g,465.12,61.24,20.16,9.3
mi goreng original,100 g,120,24,3.33,0
tasty bakmi ayam geprek matah,100 g,459.68,65.32,16.94,11.29
mi goreng rasa soto,100 g,470.59,62.35,21.18,9.41
mie instan kuah alami rasa ayam bawang,100 g,383.33,65,8.33,11.67
mi hokkien,100 g,170,17.57,6.12,10.39
kari ayam,100 g,444.44,62.5,16.67,9.72
mie lethek,100 g,164,24.12,4.62,5.95
samyang cheese,100 g,414.29,67.14,12.86,8.57
green barley noodle vegetable soup,100 g,360,65.33,2.67,18.67
organic noodle spinach,100 g,375,75,2.5,12.5
mie goreng rasa ayam,100 g,386.67,70.67,6.67,10.67
fitmee soto,100 g,65.22,10.87,2.17,0
mie instan,100 g,466.67,63.33,20,8.33
mie kering,100 g,360,88,0,0
mi keriting goreng spesial,100 g,444.44,62.22,16.67,11.11
mi instan pedas korea,100 g,367.65,69.12,6.62,8.82
mi goreng rasa mi ayam istimewa,100 g,420,62,16,7
neoguri udon,100 g,433.33,63.33,16.67,8.33
mikuya ramen tori kara flavor,100 g,450,62.5,17.5,9.17
ayam bawang,100 g,453.33,61.33,20,9.33
selera pedas rasa sup tomat pedas,100 g,457.14,62.86,18.57,10
korean spicy chicken cup,100 g,469.14,62.96,20.99,9.88
mie selera pedas rasa ayam pedas limau,100 g,458.82,68.24,16.47,9.41
mie goreng extra pedas,100 g,440,68,16,9.33
champong,100 g,429.84,67.74,13.71,8.06
mi keriting rasa ayam panggang,100 g,433.33,58.89,16.67,11.11
mie goreng ala chef devina,100 g,462.37,63.44,18.28,10.75
mie gepeng soup green chili soto,100 g,432.84,59.7,17.91,10.45
rasa ayam spesial,100 g,453.33,62.67,18.67,9.33
ramen keju,100 g,433.33,60,16.67,10
tomyam flavour,100 g,463.86,59.16,21.2,8.92
mie goreng rendang,100 g,376.62,70.13,6.49,10.39
rasa tengkleng,100 g,466.67,60,18.67,12
mie gaga extra pedas goreng jalapeno,100 g,447.06,63.53,16.47,9.41
laksa ala singapura,100 g,435.29,68.24,14.12,9.41
mi instan goreng rasa pedas,100 g,400,67.69,7.69,12.31
niku udon,100 g,104.35,15.65,3.7,7.39
curly fried noodle salted egg,100 g,480,53,25,11
bihun kering,100 g,364,83.24,0.56,3.44
tom yum noodle,100 g,67.57,14.86,0,0
mikuya ramen iyaiya flavor,100 g,466.67,58.33,21.67,9.17
ghost pepper creamy curry lontong,100 g,440,64,16,8
ayam goreng,100 g,260,10.76,14.55,21.93
daging ayam panggang bakar dimasak,100 g,167,0,6.63,25.01
dada ayam,100 g,195,0,7.72,29.55
daging dada ayam ayam pedaging dipanggang dimasak,100 g,165,0,3.57,31.02
dada ayam rebus kulit tidak dimakan,100 g,150,0,3,28.74
ayam kecap,100 g,223,9.41,11.96,18.82
ayam dilapisi tepung roti dan digoreng,100 g,297,16.32,18.82,15.59
ayam,100 g,237,0,13.49,27.07
opor ayam,100 g,163,5.6,8.67,16.53
ayam masak merah,100 g,131,7.53,4.31,16.01
ayam ricarica,100 g,202,3.71,11.41,20.49
dada ayam goreng ada lapisan kulit tidak dimakan,100 g,184,0,4.68,33.34
dada ayam goreng tanpa pelapis kulit dimakan,100 g,216,0,9.1,31.67
dada ayam kulit tidak dimakan,100 g,164,0,3.54,30.76
ayam geprek,100 g,263,7.6,17.99,17.61
ayam suwir,100 g,112,0,2.07,21.86
ayam balado,100 g,207,3,10,23
dada ayam panggang atau goreng dilapisi kulit,100 g,261,9.48,13.27,24.47
daging paha ayam ayam pedaging dipanggang dimasak,100 g,209,0,10.88,25.94
ayam kulit tidak dimakan,100 g,188,0,7.35,28.69
paha ayam kulit tidak dimakan,100 g,207,0,10.79,25.72
ayam woku,100 g,117,0.68,5.14,16.11
ayam kuning,100 g,140,0,5,26
dada ayam masak,100 g,110,0,1.24,23.09
chicken karage,100 g,240,21,11,13
chicken breast original recipe,100 g,220.86,6.75,12.88,20.86
daging dada ayam ayam pedaging,100 g,110,0,1.24,23.09
ayam potong berbumbu,100 g,166.67,12.67,6,16
ampela,100 g,145,0,2.66,30.14
sayap ayam kulit tidak dimakan,100 g,201,0,8.06,30.21
leher ayam,100 g,297,0,26.24,14.07
hati ayam,100 g,116,0,4.83,16.92
ayam goreng tanpa pelapis kulit dimakan,100 g,260,0,15.35,28.62
daging dada dan kulit ayam ayam pedaging,100 g,172,0,9.25,20.85
ayam lada hitam,100 g,177,4.25,8.34,20.49
burger daging ayam,100 g,260,24,13,12
dada ayam panggang oven bebas lemak iris,100 g,79,2.17,0.39,16.79
ayam cincang buncis,100 g,144,19.23,3.69,9.23
daging dan kulit ayam panggang,100 g,216,0,15.85,17.14
bakpao ayam,100 g,239,41.9,2.61,12.46
nasi ayam hainan,100 g,200,24,8,10
chicken yakiniku,100 g,300,15,10,37.5
ceker,100 g,215,0.2,14.6,19.4
chicken katsu,100 g,200,13,10,15
hati ayam goreng,100 g,172,1.11,6.43,25.78
ayam goreng mcd spicy,100 g,273,9.9,16.8,19
nugget chicken stick,100 g,269.23,19.23,13.46,17.31
ayam bakar kulit tidak dimakan,100 g,188,0,7.35,28.69
chicken drumstick original recipe,100 g,235.29,5.88,13.73,21.57
rolade ayam,100 g,132.53,7.23,6.02,14.46
daging burung dara,100 g,142,0,7.5,17.5
french blackpepper bento,100 g,162.07,22.07,4.14,8.97
minyak ayam,100 g,900,0,99.8,0
ayam bakar,100 g,372,7.14,30.95,17.57
kwetiau goreng,100 g,210,26,9,7
hot chicken flavor ramen x spicy,100 g,428.57,60.71,12.14,9.29
fire chicken,100 g,271.43,15.54,13.04,23.21
nasi jeruk ayam bakar,100 g,821.67,116.67,20,46.67
kulit ayam,100 g,454,0,40.68,20.36
usus ayam goreng,100 g,345,19.84,21.69,17.78
paha ayam panggang,100 g,245,0,15.36,24.85
ayam atau kalkun manis dan asam,100 g,89,11.23,2.43,6.09
ayam kukus jahe,100 g,193,2.1,10.06,22.12
sosis ayam,100 g,213.33,20,10.67,9.33
ayam panggang,100 g,237,0,13.49,27.07
kornet daging ayam,100 g,140,10,7,10
daging ayam panggang,100 g,111,0,2.7,20.33
usus ayam,100 g,94,0,2.06,17.66
daging paha ayam ayam pedaging,100 g,119,0,3.91,19.65
kaldu ayam,100 g,453.33,66.67,16,8
daging sapi,100 g,288,0,19.54,26.33
daging sapi tanpa lemak,100 g,137,0,5,21.41
rendang,100 g,195,4.49,11.07,19.68
gulai daging sapi,100 g,109,3.02,4.63,13.2
daging sapi panggang,100 g,267,0,17.32,25.91
sapi iris mercon,100 g,386.25,3.75,25,35
sumsum sapi,100 g,786,0,84.4,6.7
koyor sapi,100 g,146,0,0.62,34.6
lemak sapi,100 g,902,0,100,0
steak daging sapi,100 g,252,0,15.01,27.29
babat sapi,100 g,94,1.99,4.05,11.71
daging sapi giling,100 g,276,0,18.58,25.35
sapi ala jepang,100 g,255.56,6.67,16.67,17.78
kari daging sapi,100 g,184,5.8,12.96,11.69
dendeng daging sapi,100 g,410,11,25.6,33.2
punggung sapi,100 g,342,0,26.15,24.84
paru sapi,100 g,92,0,2.5,16.2
usus sapi,100 g,130,1.5,7.2,14
daging sapi sirloin atas diiris hingga cm lemak kelas tinggi,100 g,214,0,14.28,19.92
bakso sapi,100 g,270.83,9.17,5,13.33
kornet daging punggung sapi diawetkan,100 g,198,0.14,14.9,14.68
abon sapi,100 g,480,52,20,16
sapi iris limau,100 g,400,11.25,32.5,16.25
enchilada dengan keju dan daging sapi,100 g,168,15.87,9.19,6.21
sapi panggang,100 g,533.33,53.33,30,6.67
daging sapi tbone steak bagian tanpa lemak diiris hingga cm lemak dimasak dipanggang,100 g,189,0,8.69,25.99
burger sapi,100 g,181.82,18.18,6.06,12.12
daging sapi top sirloin hanya bagian yang tanpa lemak diiris hingga cm lemak,100 g,127,0,3.54,22.27
rolade sapi,100 g,156.63,9.64,7.23,12.05
kaldu sapi,100 g,375,0,1.88,93.75
daging sapi muda,100 g,229,0,11.3,29.85
mie gelas rasa baso sapi,100 g,428.57,64.29,14.29,10.71
sosis sapi,100 g,133.33,3.33,3.33,23.33
daging sapi top sirloin diiris hingga cm lemak kualitas menengah,100 g,201,0,12.71,20.3
kornet daging sapi,100 g,160,8,9,12
hati sapi,100 g,165,0.15,4.73,28.48
daging sapi luncheon,100 g,200,10,12,10
sozzis sapi,100 g,180,18,7,10
daging sapi ekstra tanpa lemak,100 g,248,0,15.35,25.71
daging sapi panggang hanya bagian tanpa lemak yang dimakan,100 g,198,0,8.52,28.32
rasa baso sapi,100 g,467.53,63.64,19.48,9.09
daging sapi tbone steak diiris hingga cm lemak,100 g,212,0,14.31,19.39
daging sapi asap diawetkan,100 g,146,0,5.82,21.8
daging sapi top sirloin diiris hingga cm lemak,100 g,189,0,11.13,20.68
steak daging sapi hanya bagian yang tidak berlemak yang dimakan,100 g,187,0,6.63,29.81
daging sapi tenderloin diiris hingga cm lemak,100 g,247,0,18.16,19.61
daging sapi top loin diiris hingga cm lemak,100 g,228,0,15.49,20.61
limpa sapi,100 g,105,0,3,18.3
kailan sapi,100 g,104,5,6,8
lidah sapi,100 g,224,3.68,16.09,14.9
enchilada dengan daging sapi dan keju,100 g,202,15.78,11.37,10.02
enchilada dengan daging sapi,100 g,187,17.99,8.7,10.02
gelas baso sapi,100 g,14000,1800,600,200
semur daging,100 g,141,4.34,8,12.7
empal daging,100 g,212,7.47,10.29,22.31
oseng mercon daging,100 g,293.33,10.67,22.67,10.67
daging,100 g,287,0,19.29,26.41
daging lada hitam,100 g,269.23,38.46,11.54,7.69
potongan daging domba daging dan lemak dimakan,100 g,314,0,24.37,22.03
daging babi,100 g,271,0,17.04,27.34
daging domba panggang,100 g,266,0,18.15,23.93
soyburger tanpa daging,100 g,179,13.4,5.97,17.91
irisan daging babi biasa,100 g,163,3.83,8.6,16.6
bakso daging sapi,100 g,107.69,4.62,2.31,18.46
daging rusa besar,100 g,111,0,1.45,22.95
daging sapi cincang,100 g,167.86,25,5,6.07
potongan daging domba hanya daging yang dimakan,100 g,215,0,10.48,28.17
daging domba,100 g,292,0,20.77,24.32
steak daging babi atau potongan daging,100 g,248,0,14.25,28
daging analog cincang,100 g,375,37.5,0,52.5
irisan daging babi ekstra tanpa lemak,100 g,110,2.63,2.86,17.28
daging kambing goreng,100 g,153,0,4.52,26.46
potongan daging babi,100 g,250,0,14.57,27.91
bakso tanpa daging,100 g,197,8,9,21
daging babi pinggang bagian atas tanpa tulang,100 g,144,0,5.89,21.35
daging menjanganrusa rebus,100 g,190,0,3.93,36.08
daging isi tortelini,100 g,193,17.36,7.65,12.64
salad pasta atau makaroni dengan daging,100 g,172,17.94,8.15,6.66
daging analog irisan,100 g,350,30,2.5,52.5
daging menjanganrusa yang diawetkan,100 g,187,0,4.08,35.11
potongan daging babi panggang,100 g,240,0,13.8,27.09
daging menjanganrusa,100 g,190,0,3.93,36.08
daging sapi top sirloin hanya bagian yang tanpa lemak diiris hingga cm lemak kualitas tinggi,100 g,131,0,4.08,22.09
daging punggung sapi hanya bagian tanpa lemak yang dimakan,100 g,230,0,11.53,29.63
calzone dengan daging dan keju,100 g,348,30.9,18.12,14.62
ikan,100 g,84,0,0.92,17.76
ikan tongkol goreng,100 g,200,2.38,11.41,20.95
ikan kembung,100 g,167,0,9.36,19.32
ikan mujair goreng,100 g,169,2.22,6.92,24.55
ikan kembung balado,100 g,163,2,7.37,21.13
ikan panggang,100 g,126,0.33,3.44,21.94
ikan layang,100 g,112,0,1.75,22.72
gulai ikan,100 g,100,1.9,4.59,12.4
ikan tongkol,100 g,110,0,0.92,23.87
nila ikan dimasak panas kering,100 g,128,0,2.65,26.15
ikan tongkol asampadeh,100 g,119,6.1,3.5,15.7
ikan bandeng goreng,100 g,233,2.38,16.4,18.08
ikan cakalang,100 g,132,0,1.29,28.21
kakap ikan spesies campuran,100 g,100,0,1.34,20.51
ikan tuna,100 g,108,0,0.95,23.38
nila ikan,100 g,96,0,1.7,20.08
ikan bawal,100 g,84,0,1.22,17.21
ikan mujair,100 g,88,0,1.34,18.66
ikan pindang,100 g,157,0,2.8,28
ikan kuah kuning,100 g,116,3.15,2.63,19.16
ikan patin,100 g,89,0,2.96,14.91
ikan kerapu,100 g,92,0,1.02,19.38
ikan salem,100 g,158,0,7.89,20.07
ikan asin,100 g,195,0,1.59,42.16
ikan mas,100 g,87,0,2.08,16.01
ikan gurame asam manis,100 g,194,12.44,10.16,12.54
ikan tenggiri,100 g,121,0,3.3,21.4
ikan putih,100 g,172,0,7.51,24.47
ikan todak,100 g,121,0,4.01,19.8
lele goreng,100 g,105,0,2.85,18.47
ikan wader,100 g,84,0,2.27,14.88
ikan belanak,100 g,117,0,3.79,19.35
ikan bawal goreng,100 g,113,0,2.69,20.78
tuna bumbu kari,100 g,90,3,2.5,13
ikan kembung goreng,100 g,167,0,9.36,19.32
sardines dalam saus extra pedas,100 g,100,6,2,18
ikan bandeng,100 g,148,0,6.73,20.53
ikan selar,100 g,100,0,2.21,18.76
ikan lemuru,100 g,112,0,2.98,20
ikan kuwe,100 g,74,0,2.42,12.2
pepes tongkol,100 g,105,7.1,1.27,15.93
olahan ikan,100 g,150,27,3.5,3
makarel,100 g,128.57,4.29,2.14,22.86
fish snack,100 g,350,60,0,25
fish nugget,100 g,170,32,1.5,8
ikan shisamo,100 g,165,0,8.37,21.14
pepes ikan mas,100 g,98,0.16,4.63,13.21
ikan tuna bumbu pepes,100 g,110,6,4.5,12
nila bakar,100 g,130,0.6,3.05,25.38
sardines in tomato sauce,100 g,171.43,1.43,11.43,15.71
tuna sirip biru ikan,100 g,144,0,4.9,23.33
ikan baung,100 g,144,5.2,5.8,17.8
tuna sirip kuning ikan,100 g,108,0,0.95,23.38
ikan todak masak,100 g,177,0.49,8.23,23.8
dimasak hiduphidup,100 g,133,0.41,4.24,22
salmon kalengan,100 g,144,0,6.28,20.57
tuna chunk in vegetable oil,100 g,130,1,4,22
fish shumai,100 g,195.12,18.29,8.54,10.98
ikan pecak atlantik dan pacifik,100 g,110,0,2.29,20.81
keecho,100 g,200,12,10,16
fish dumpling cheese,100 g,125,10,5,10
sarden dengan saus tomat campuran,100 g,186,0.74,10.46,20.86
salmon asap,100 g,117,0,4.32,18.28
siomay ikan,100 g,160,18,5,5
ikan baronang,100 g,78,0,0.64,16.96
ikan kembung atlantik,100 g,205,0,13.89,18.6
chikuwa,100 g,125,25,0,8.33
crab flavored stick,100 g,133.33,20,0,6.67
crab stick,100 g,93.75,18.75,0,6.25
ikan senangin,100 g,88,0,2.11,16.22
katsuobushi,100 g,340,2.34,2.26,76.8
ikan gindara,100 g,126,0,6.91,14.9
ikan kembung kukus,100 g,201,2.31,12,20.21
ikan kod panggang,100 g,122,0.41,3.59,20.91
ikan salmon,100 g,146,0,5.93,21.62
fish bites,100 g,260.42,21.88,13.54,11.46
steamboat,100 g,150,20,5,10
chinese blackpepper fish with cu chao mian fuyunghai,100 g,946,98,26,80
bakso ikan,100 g,107,11.72,1.23,11.27
gurame,100 g,125,0,5.49,17.48
sarden saus sambal,100 g,183.33,8.33,11.67,11.67
ikan salmon atlantik ditambak,100 g,183,0,10.85,19.9
ikan kod atlantik,100 g,82,0,0.67,17.81
ikan kod pacifik,100 g,82,0,0.63,17.9
ikan dori,100 g,84,0,4.11,11.02
terasi,100 g,155,9.9,2.9,22.3
udang,100 g,144,1.24,2.35,27.59
udang goreng,100 g,287,27.57,14.64,10.58
udang asam manis,100 g,269,25.12,16.84,6.56
udang kukus atau rebus,100 g,138,1.19,2.26,26.5
udang goreng tepung,100 g,245,11.77,12.26,20.7
sambal udang,100 g,137,24.59,2.47,4.78
udang panggang,100 g,154,1.17,5.03,24.47
udang goreng mentega,100 g,202,12,7,19
udang kupas,100 g,62.5,0,0.89,11.61
udang rebon,100 g,284,3.33,3.75,59.15
udang crispy,100 g,466.67,26.67,30,26.67
udang karang rebus atau kukus,100 g,81,0,1.19,16.63
udang karang udang,100 g,72,0,0.97,14.85
kroket udang,100 g,150,26.67,1.67,6.67
salted egg prawn roll,100 g,535.71,57.14,28.57,14.29
seafood platter,100 g,180,28,5,8
ebi fry,100 g,150,20,1.25,10
udang keju,100 g,370,27,26,6
udang lapis tepung ebi furai,100 g,150,23,2,10
lumpia udang,100 g,259.15,5.21,20.7,10.7
ayam udang kribo,100 g,222.22,16.67,10,16.67
siomay udang,100 g,185.19,18.52,6.48,12.96
terasi udang matang,100 g,250,25,2.5,40
ebi furai,100 g,181.82,29.55,1.14,11.36
naget udang ebi katsu,100 g,170,26,4,8
prawn crackers,100 g,433.33,76.67,11.67,6.67
shrimp creamy tom yum flavour,100 g,67.22,2.22,0.67,0.28
kaldu udang,100 g,430.77,60,15.38,9.23
sponge crunch cheddar cheese,100 g,583.33,58.33,37.5,8.33
spicy cheese dumpling,100 g,200,14.44,11.11,11.11
shumai,100 g,175,27.5,5,7.5
shrimp shumai,100 g,158.54,19.51,4.27,9.76
sambal uleg udang,100 g,437.5,12.5,37.5,12.5
udang popcorn lapis tepung,100 g,150,23,2,11
kerupuk udang rasa kari,100 g,466.67,66.67,20,0
shrimp roll,100 g,222.22,20,11.11,8.89
petis,100 g,127,1.94,2.3,23.78
shrimp wonton soup,100 g,261.9,42.86,5.95,8.33
shrimp crackers,100 g,500,64.29,25,7.14
bola udang,100 g,160,17,6,9
terasi udang,100 g,125,0,0,25
petis udang,100 g,350,60,2.5,25
shrimp hakau,100 g,162.16,22.97,4.05,6.76
pangsit udang,100 g,226.19,36.9,5.36,8.33
golden money bag,100 g,145.83,25,0,8.33
kekian,100 g,750,100,0,75
siomay,100 g,206.06,10.91,13.03,10.91
kerupuk udang nusantara,100 g,350,75,0,10
sambal ijo,100 g,409.09,9.09,36.36,9.09
bakso udang,100 g,120,18,2,7
mini wonton,100 g,320,34,14,10
kerupuk udang,100 g,120,80,0,10
udang scampi,100 g,212,0.01,15.83,16.87
quick bites odeng kue ikan,100 g,216.67,23.33,8.33,10
cumicumi,100 g,92,3.08,1.38,15.58
cumi saus padang,100 g,160,7.12,8.02,14.67
cumi asin,100 g,173,2.52,8.19,20.92
cumi goreng,100 g,125,9.9,2.17,15.13
cumi kukus atau rebus,100 g,91,3.05,1.37,15.45
cumi sambalado,100 g,199.5,3,11.5,16
squid ball bakso cumi,100 g,100,12,0,12
imitation squid flower,100 g,133.33,10,5.56,10
moricle moringa latte,100 g,400,56,12,20
kerang hijau,100 g,171,6.15,5.02,23.71
kerang,100 g,217,10.49,10.96,18.14
kerang kukus atau rebus,100 g,106,2.33,3.09,16.18
sate kerang,100 g,155,10.8,3.69,19.58
kerang spesies campuran,100 g,88,2.36,0.76,16.78
kerang panggang,100 g,132,2.92,3.86,20.22
pancake campuran kering,100 g,194,36.7,2.5,5.2
tapioka mutiara kering,100 g,358,88.69,0.02,0.19
kelapa kering,100 g,660,23.65,64.53,6.88
spaghetti kering,100 g,371,74.67,1.51,13.04
saus kari kering dikeringkan,100 g,427,50.62,23.1,9.38
jamur kering padat kaleng,100 g,25,5.09,0.29,1.87
biji wijen kering utuh,100 g,573,23.45,49.67,17.73
roti isi campu kering,100 g,386,76.2,3.4,11
salami babi kering atau keras,100 g,407,1.6,33.72,22.58
kacang sangrai kering dengan garam,100 g,585,21.51,49.66,23.68
roti isi campur kering komersial,100 g,178,21.7,8.6,3.2
cranberry kering dimaniskan,100 g,308,82.36,1.37,0.07
kacang pinus kering,100 g,673,13.08,68.37,13.69
biji bunga matahari kering tanpa garam,100 g,582,24.07,49.8,19.33
kacang kemiri sangrai kering dengan tambahan garam,100 g,710,13.55,74.27,9.5
biskuit tawar atau mentega campuran kering siap,100 g,335,48.4,12.1,7.3
biji bunga matahari kering,100 g,570,18.76,49.57,22.78
pasta gandum utuh kering,100 g,348,75.03,1.4,14.63
halibut ikan atlantik dan pasifik dimasak panas kering,100 g,140,0,2.94,26.69
kacang hijau kering padat kaleng,100 g,69,12.58,0.35,4.42
kacang sangrai kering tanpa garam,100 g,585,21.51,49.66,23.68
kacang campuran sangrai kering dengan kacang tanah dengan tambahan garam,100 g,594,25.35,51.45,17.3
almond sangrai kering dengan tambahan garam,100 g,597,19.29,52.83,22.09
roti jagung muffin jagung campuran kering,100 g,418,69.5,12.2,7
kacang almond panggang kering tanpa tambahan garam,100 g,597,19.29,52.83,22.09
kacang kemiri kering sangrai tanpa tambahan gula,100 g,710,13.55,74.27,9.5
kacang macadamia sangrai kering dengan tambahan garam,100 g,716,12.83,76.08,7.79
muesli kering buahbuahan dan kacangkacangan,100 g,340,77.8,4.9,9.7
biji bunga matahari sangrai keringdengan tambahan garam,100 g,582,24.07,49.8,19.33
ikan tuna ringan kering padat dalam air kalengan,100 g,116,0,0.82,25.51
ikan putih tuna kering padat dalam air kalengan,100 g,128,0,2.97,23.62
aprikot kering,100 g,241,62.64,0.51,3.39
jamur merang,100 g,28,4.86,0.4,2.79
air keran,100 g,0,0,0,0
rumput laut kering,100 g,298,52.39,4.01,31.84
apel kering,100 g,243,65.89,0.32,0.93
cranberry kering,100 g,308,82.36,1.37,0.07
prune kering,100 g,240,63.88,0.38,2.18
kering tempe,100 g,259,26.94,12.93,13.6
kering kentang,100 g,317,33.54,16.54,10.46
kacang asin sangrai kering,100 g,585,21.51,49.66,23.68
buncis kering dimasak,100 g,236,27.55,10.7,8.77
campuran buah kering,100 g,244,64.81,0.44,2.19
kacang mete sangrai kering,100 g,574,32.69,46.35,15.31
kacang campuran sangrai kering,100 g,594,25.35,51.45,17.3
kacang tawar sangrai kering,100 g,585,21.51,49.66,23.68
biji bunga matahari yang dikuliti sangrai kering,100 g,582,24.07,49.8,19.33
makaroni atau mie dengan keju campuran kering,100 g,219,25.74,10.06,6.25
kentang tumbuk dari kentang kering,100 g,105,12.22,5.56,2.02
biskuit kering,100 g,500,66.67,23.33,6.67
soes kering,100 g,500,62.5,25,12.5
kuetiaw kering,100 g,360,82,0,7
roti kering,100 g,388.89,77.78,0,11.11
soes kering cheese,100 g,625,37.5,43.75,12.5
mie kering gandum,100 g,375,77.21,1.47,11.76
buah plum kering,100 g,300,66.67,0,0
mie kering shirataki,100 g,120,28,0,2
soes kering original,100 g,571.43,42.86,35.71,14.29
mie kering pipih,100 g,378.57,77.14,1.79,12.14
kembang tahu kering,100 g,380,23.3,13.8,49
sambal rebon kering,100 g,333.33,33.33,16.67,33.33
mayonais kurang lemak,100 g,360,28,24,0
ikan teri kering,100 g,170,0,3,33.4
broker brownies kering,100 g,540,58,30,8
bagelen kering rasa keju,100 g,500,60,25,10
singles light kurang lemak,100 g,205.88,5.88,11.76,17.65
tahu,100 g,78,2.1,4.95,7.97
tahu kukus,100 g,78,1.93,4.34,7.97
oseng tahu,100 g,232,9.42,18.64,10.19
sup tahu,100 g,63,4.09,3,5.02
tahu kuning,100 g,80,0.8,4.7,10.9
tahu cabe garam,100 g,153,23.22,3.33,7.89
tahu kecap,100 g,144,9.03,9.06,9.37
tahu bakso,100 g,167,27,3,8
tahu aci,100 g,217,18.18,14.07,6.39
tahu telur tomat,100 g,100,5,8,8
tahu putih,100 g,120,3.33,7.33,10.67
egg tofu,100 g,70,1,7,5
tahu original,100 g,110,2,7,10
tahu susu,100 g,89.74,1.28,5.13,8.97
tahu bakar,100 g,118,4.04,7.08,12.06
pepes tahu jamur,100 g,103,5.87,5.95,8.38
tahu gejrot,100 g,98,1.81,8.04,6.05
tofu tempe delight,100 g,168,4,12.67,10.67
seafood tofu,100 g,200,10,16,8
tahu sutra silken tofu,100 g,115,2,8,9
agedashi tofu,100 g,100,8,5,5
sapo tahu,100 g,76,1.63,4,8.3
tofu telur,100 g,71.43,4.29,2.14,10
chicken tofu,100 g,400,7.5,25,35
tahu sutera,100 g,110,6,5,10
morinu silken tofu organic,100 g,52.94,1.18,2.35,4.71
sotong tahu bulat,100 g,346,50.72,14.02,4.55
japanese silken tofu,100 g,115,2,8,9
silken tofu,100 g,80,2.4,3.2,10.4
mangkok tahu,100 g,710,6,65,26
silken egg tofu,100 g,130,4,7,12
tofu telur ayam,100 g,85.71,2.86,4.29,10
tofu rasa udang,100 g,85.71,0,4.29,10
tahu sutera telur,100 g,130,4,7,12
tahu kocek,100 g,203,10.11,14.04,13.19
kembang tahu,100 g,380,23.3,13.8,48.9
mapo tofu with mushroom szechuan sauce,100 g,103.85,3.08,6.15,9.23
kung pao fish with yang chow fried rice,100 g,189.2,18.8,5.2,16.8
tofu telur veggie,100 g,85.71,4.29,4.29,8.57
tempe,100 g,193,9.39,10.8,18.54
tempe rebus,100 g,196,9.35,11.38,18.19
tempe orek,100 g,175,15.6,8.2,13.11
tempe mendoan,100 g,200,12.69,12.78,11.18
tempe balado,100 g,242,11.47,17.05,14.69
tempe kecap,100 g,189,11.06,12.09,12.02
oseng buncis tempe,100 g,210,32.3,6.45,7.94
tempe penyet,100 g,198,12.84,11.43,15.68
keripik tempe,100 g,534,58.41,31.92,5.15
tempe gembus,100 g,65,12.11,0.2,3.46
steak tempe,100 g,179,13.99,9.25,11.76
buncis orek tempe,100 g,211.11,12.22,13.33,8.89
tempe chips original,100 g,560,50,30,15
krumpe,100 g,500,55,25,15
keripik tempe rasa tempe orek,100 g,550,35,35,25
tempeh chips spicy balado,100 g,560,52,36,12
tempe rasa original,100 g,550,40,35,20
tempe chips sour cream,100 g,560,48,32,16
tempe chips,100 g,266.47,33.88,11.53,8.76
tempe chicken onion,100 g,550,60,30,10
tempe himalayan salt,100 g,600,46.67,40,13.33
yc nasi yummy daging sapi suwir,100 g,181.48,25.93,6.3,5.19
fish ma la xiang guo with salted fish fried rice kungpao tempe,100 g,433,45,13,32
semur telur,100 g,130,5.27,7.81,9.7
maklor,100 g,225,25.07,10.07,8.2
putih telur,100 g,52,0.73,0.17,10.9
telur puyuh rebus,100 g,157,0.41,11.05,13
telur tomat,100 g,82,4.02,4.66,5.65
telur ceplok,100 g,92,0.4,7.04,6.27
telur rebus,100 g,452.94,3.29,31.06,36.82
telur kukus,100 g,144,3.26,7.85,14.26
telur ayam kampung,100 g,140,1.67,9,13.67
martabak,100 g,315,40.6,14.65,8.15
quail egg,100 g,162.5,0.88,12.25,12.5
martabak telur,100 g,185,18.52,7.68,9.9
fu yung hai,100 g,131,3.61,9.71,7.55
telur,100 g,174,1.2,14,10.8
telur omega,100 g,100,1,6,4
telur ayam omega,100 g,150,1.67,10,11.67
gudeg original,100 g,190,10,12,11
healthy japanese chicken ramen korean mayak egg,100 g,468,48,12,42
kacang telur,100 g,560,52,36,4
telur ayam negeri rendah kolestrol,100 g,158.73,0,14.29,11.11
telur pitan,100 g,171,5.1,11,12.15
kuning telur,100 g,322,3.59,26.54,15.86
nasi goreng spesial,100 g,230,22,13,7
aice chocolate,100 g,90,14,4,2
nata de coco,100 g,66.67,16.44,0,0
telur asin,100 g,214.06,1.69,15.98,14.86
roti martabak,100 g,247,29.91,8.65,11.74
salad selada dengan telur keju tomat dan atau wortel,100 g,52,3.14,3.14,3.33
telur dadar atau telur orakarik dengan daging babi asap,100 g,184,1.48,13.05,14.22
ayam bawang telur,100 g,480.52,58.44,23.38,7.79
pengganti telur cair,100 g,84,0.64,3.31,12
sayur campuran,100 g,60,13.09,0.15,2.86
sayur campur tumis,100 g,120,0,0,0
sayuran rebus tanpa daging,100 g,56,9.73,0.97,2.65
sayur bening bayam,100 g,36,7.64,0.37,1.79
sayuran campur matang jagung kacang lima kacang polong kacang hijau dan wortel,100 g,81,12.74,2.12,2.78
sayur tahu toge,100 g,86,12.91,1.93,5.93
sayur nangka,100 g,66,8.7,3.5,1.3
sayur pakis,100 g,34,5.54,0.4,4.55
sayur toge,100 g,114,0,0,3.4
bumbu racik sayur asem,100 g,312.5,75,0,12.5
sayur gedi,100 g,51,10,0.88,3.06
panzerotti dengan sayuran dan keju,100 g,250,18.19,16.74,6.75
jus campuran sayuran sayuran lain selain tomat,100 g,7100,1493,59,367
siomay ayam sayur,100 g,195.4,25.29,5.75,9.2
prenagen buah dan sayur,100 g,42.42,11.82,0,0
promina sup mi ayam sayur,100 g,425,62.5,15,12.5
bumbu sayur asem,100 g,250,42.86,3.57,0
jus sayur koktail kalengan,100 g,4600,1101,22,152
sup ayam dan sayur dengan volume air yang sama kalengan,100 g,7500,858,284,362
sup mi daging sayur,100 g,464.29,64.29,16.07,12.5
pengganti krim cair,100 ml,138,11.54,10.11,1.01
krekers sayur,100 g,500,70,20,10
ikan layur,100 g,88,0.38,1.02,18.04
mandu isi daging dan sayur,100 g,200,26,8,8
sayuran campur beku,100 g,64,13.46,0.52,3.33
lontong isi sayur,100 g,139,23.22,4.12,2.39
bumbu kuah sayur sop,100 g,200,40,0,0
bumbu kuah sayur asem,100 g,312.5,75,0,0
sup krim sayur bawang,100 g,400,66.67,6.67,6.67
tuna dalam minyak sayur,100 g,150,1,6,22
sayur brongkos,100 g,142,12.21,3.67,14.87
bumbu racik sayur lodeh,100 g,200,40,0,0
risol sayur,100 g,208,25.15,10.03,4.64
bumbu racik sayur sop,100 g,200,20,0,20
malkist sayur,100 g,500,65,20,10
sayur umbut kelapa,100 g,67,5.18,2.89,5.57
sup mi ayam sayur,100 g,444.44,66.67,14.81,12.96
sup sayuran,100 g,446.15,61.54,16.92,9.23
makaroni rasa sup sayuran,100 g,325,67.5,1.25,12.5
bayam dimasak dari segar,100 g,40,3.68,2.25,2.88
bayam,100 g,23,3.63,0.39,2.86
tumis bayam,100 g,86,4.68,6.81,3.3
keripik bayam,100 g,537,49.22,36.48,3.06
bayam dimasak dari beku lemak tidak ditambahkan dalam masakan,100 g,32,5.13,0.5,3.99
bayam cincang atau daun beku,100 g,31,4.33,0.75,3.94
green delight,100 ml,40,9.2,0,0.4
daily greens,100 ml,36,8.8,0,0
bayam brazil,100 g,23,3.63,0.39,2.86
mie bayam,100 g,370,82,0,11
spinach noodle,100 g,370,82,0,11
sun bubur ayam kampung bayam,100 g,400,75,5,10
tropic green,100 ml,48,11.2,0,0.8
daging dan kulit sayap ayam ayam pedaging,100 g,14.22,0,1.03,1.18
kuahkaldu ayam kalengan,100 g,79,5.42,5.71,1.93
salad ayam,100 g,132,7.31,4.94,14.5
ayam penyet,100 g,199,5.29,8.53,25.05
taquitos dengan ayam,100 g,245,19.02,12.63,14.49
koloke ayam,100 g,261,17.9,9.52,24.09
tumis kangkung,100 g,98,3.99,8.71,2.56
kangkung,100 g,20,3.18,0.34,2.51
brokoli dimasak dari segar,100 g,54,6.98,2.69,2.3
brokoli,100 g,34,6.64,0.37,2.82
brokoli dimasak lemak tidak ditambahkan dalam masakan,100 g,35,7.14,0.41,2.37
brokoli dimasak dari segar lemak tidak ditambahkan dalam masakan,100 g,35,7.14,0.41,2.37
brokoli dimasak dari beku,100 g,45,5.24,2.06,3.01
brokoli sultan,100 g,100,11,5,2
brokoli dimasak dari beku lemak tidak ditambahkan dalam masakan,100 g,28,5.32,0.11,3.08
brokoli cina dimasak,100 g,22,3.81,0.72,1.14
brokoli tusuk beku,100 g,29,5.35,0.34,3.06
beef stew with carrot,100 g,400,70,7,16
wortel dimasak,100 g,54,7.99,2.48,0.74
wortel,100 g,41,9.58,0.24,0.93
kue wortel tanpa lapisan gula,100 g,416,49.09,23.24,4.22
nasi tim ayam tomat wortel,100 g,400,76,8,12
red rocket,100 ml,36,7.6,0,0.8
tropic golden,100 ml,40,8.8,0,1.2
glowing calamansi,100 ml,44,10,0,0.8
pepaya,100 g,39,9.81,0.14,0.61
melon,100 g,34,8.16,0.19,0.84
buah naga,100 g,51,12.38,0.38,0.78
semangka merah,100 g,30,7.55,0.15,0.61
buah pir,100 g,58,15.46,0.12,0.38
nanas,100 g,48,12.63,0.12,0.54
pisang,100 g,89,22.84,0.33,1.09
mangga,100 g,65,17,0.27,0.51
super fruit mix,100 g,320,84,0,0
rujak buah,100 g,213,14.96,15.1,8.53
stroberi,100 g,32,7.68,0.3,0.67
apel tanpa kulit,100 g,48,12.76,0.13,0.27
jambu biji,100 g,68,14.32,0.95,2.55
duku,100 g,68,17.06,0.43,0.85
jambu kristal,100 g,49,12.2,0.3,0.9
nangka,100 g,94,24.01,0.3,1.47
labu siam,100 g,17,3.9,0.13,0.82
murbei,100 g,43,9.8,0.39,1.44
blewah melon,100 g,34,8.16,0.19,0.84
blueberry manis beku,100 g,81,21.95,0.13,0.4
labu siam buah dengan garam dikeringkan direbus dimasak,100 g,24,5.09,0.48,0.62
pare,100 g,29,6.82,0.22,1.12
terong belanda,100 g,48,8.64,1.15,2.1
jambu monyet,100 g,43,11.41,0.14,0.21
timun suri,100 g,16,3.65,0.12,0.65
jeruk kimkit,100 g,43,11.93,0.27,0.81
asam jawa,100 g,239,62.5,0.6,2.8
jambu jamaika,100 g,48,9.99,0.66,1.78
buah ara,100 g,74,19.18,0.3,0.75
mangga muda,100 g,59,15.32,0.24,0.46
fitbar fruits delight,100 g,450,75,17.5,10
pisang single,100 g,90,22,0,1
buah srikaya,100 g,94,23.64,0.29,2.06
jeruk mandarin kaleng atau beku,100 g,61,16.19,0.1,0.45
kedondong,100 g,41,10,0.27,0.88
apel braeburn,100 g,52,13.81,0.17,0.26
nangka muda,100 g,54,11.89,0.36,2.3
rasberi beku,100 g,103,26.16,0.16,0.7
stroberi beku,100 g,87,23.46,0.14,0.52
belimbing,100 g,31,6.73,0.33,1.04
nanas potongan manis beku,100 g,86,22.2,0.1,0.4
ceri merah asam,100 g,50,12.18,0.3,1
manggis,100 g,73,17.91,0.58,0.41
sirsak,100 g,66,16.84,0.3,1
jeruk dengan kulit,100 g,63,15.5,0.3,1.3
pisang kepok,100 g,104,27.44,0.26,0.97
semangka kuning,100 g,30,7.55,0.15,0.61
rasberi beku tanpa pemanis,100 g,52,11.94,0.65,1.2
jeruk keprok jeruk mandarin sirup ringan kemasan kalengan,100 g,15400,4080,25,113
mix fruit,100 ml,100,22.86,0,0
kismis tanpa biji,100 g,299,79.18,0.46,3.07
sukun,100 g,103,27.12,0.23,1.07
pisang kepok rebus,100 g,115,30.08,0.35,1.23
matoa,100 g,87,21.4,0.49,1.05
jamblang,100 g,60,15.56,0.23,0.72
rasberi,100 g,52,11.94,0.65,1.2
beri,100 g,33,7.98,0.3,0.68
stroberi beku tanpa pemanis,100 g,35,9.13,0.11,0.43
blueberry tanpa pemanis beku,100 g,51,12.17,0.64,0.42
kesemek,100 g,70,18.59,0.19,0.58
durian,100 g,147,27.09,5.33,1.47
apel granny smith,100 g,52,13.81,0.17,0.26
stroberi dalam sirup dimasak atau kalengan,100 g,92,23.53,0.26,0.56
jeruk bali merah dan merah muda,100 g,42,10.66,0.14,0.77
apel fuji,100 g,52,13.81,0.17,0.26
jambu air,100 g,46,11.66,0.27,0.5
banana,100 g,91.3,23.39,0.35,1.13
pisang mas,100 g,90,23.27,0.33,1.1
pisang raja,100 g,122,30.73,0.34,0.97
pisang uli,100 g,143,35.55,0.56,1.08
pisang barangan,100 g,107,27.87,0.35,1.21
pisang tanduk,100 g,122,31.89,0.37,1.3
pisang susu,100 g,94,23.03,0.33,1.42
pisang lampung,100 g,99,25.65,0.34,1.15
pisang raja direbus matang,100 g,115,30.96,0.18,0.78
pisang nugget,100 g,300,35,15,4
pisang keju,100 g,250,25.53,13.64,8.62
jantung pisang,100 g,123,31.83,0.35,1.4
keripik pisang,100 g,519,58.4,33.6,2.3
pisang bolen cokelat,100 g,400,40,24,8
lapis kukus pisang cokelat,100 g,380,42,22,6
sale pisang,100 g,276,66.51,0.9,2.87
carang gesing,100 g,81,13.44,2.36,2.78
cavendish banana chips,100 g,600,53.33,40,3.33
coklat pisang,100 ml,72,12.8,1.6,1.6
getuk pisang,100 g,142,34.12,0.44,1.14
pisang molen,100 g,275,39.05,11.68,3.91
puding pisang,100 g,127,21.2,3.6,2.4
pisang goroho,100 g,111,28.04,0.27,1.53
sanggara belanda,100 g,242,36.71,10.83,3.58
yogurt banana berries,100 g,85.71,12.86,2.86,2.86
nutrijell rasa pisang,100 g,400,70,15,0
es kul kul pisang,100 g,90,23.15,0.47,1.28
roti isi pisang coklat,100 g,342.86,54.29,10,8.57
soft cake choco banana,100 g,400,52,18.67,5.33
yoghurt drink low fat banana,100 ml,79.17,16.25,1.04,1.67
lada pisang,100 g,27,5.35,0.45,1.66
low fat banana,100 ml,80,15.2,0.8,2.8
chocolate hgh,100 ml,132,14.4,4.8,8.8
susu pisang,100 g,72,12,2,2.4
tepung pisang crispy,100 g,350,80,0,5
cavendish banana chips chocolate,100 g,550,55,35,5
banana blast,100 ml,73.68,11.58,2.37,2.11
banana milk,100 ml,66.67,9.44,1.94,2.22
peach berry,100 ml,36,9.2,0,0
good to go banana strawberry ml,100 ml,68,11.6,1.4,2.4
roti manis cokelat pisang,100 g,344.44,53.33,10,7.78
roti isi rasa cokelatpisang,100 g,345.45,58.18,8.18,7.27
pisang goreng,100 g,263.16,43.16,8.42,3.16
roti manis isi pisang cokelat,100 g,270,43,8,5
susu uht rasa pisang,100 g,140,22,4.5,4
squeeze yogurt cavendish banana,100 g,100,14.29,2.86,4.29
susu rasa pisang,100 ml,94.74,12.63,2.63,3.16
yogurt drink banana,100 ml,125,38,2,7
good to go cereal milk banana,100 ml,68,11.6,1.4,2.4
sun bubur susu sereal pisang,100 g,400,80,7.5,10
oatmeal instan rasa pisang madu,100 g,400,80,6.67,10
prime duo custard pisang cokelat,100 g,345.45,52.73,12.73,9.09
roti sandwich funwari pisang susu,100 g,274.73,48.35,6.59,6.59
nasi padang rendang,100 g,181.48,17.59,10.19,5.19
swiss roll strawberry,100 g,388.89,61.11,16.67,5.56
serealfit,100 g,130,25,2.5,2
salju kreker rasa original,100 g,500,70,20,0
muffin cup cake,100 g,444.44,50,22.22,5.56
britobar,100 g,454.55,63.64,18.18,9.09
jus apel,100 g,11700,2897,27,15
greenst,100 ml,28,5.6,0,1.2
greenfield organic,100 g,357.14,85.71,0,14.29
fruit tea apel,100 ml,32,7.6,0,0
pai apel,100 g,265,37.1,12.5,2.4
jus apel kaleng atau botol,100 g,11700,2897,27,15
jus cranberryapel botol,100 g,15400,3883,27,0
apple cider vinegar,100 ml,0,0,0,0
minuman jus apel,100 g,12500,3227,7,5
frestea apel,100 g,40,9.6,0,0
pai apel satu kerak,100 g,242,39.02,9.25,1.81
lychee apple tea,100 ml,44,10.8,0,0
sari apel,100 ml,49,12.24,0.12,0.06
saus apel tanpa pemanis,100 g,43,11.29,0.05,0.17
teajus apel,100 g,357.14,100,0,0
minuman sari buah apel,100 g,5000,1300,0,0
jus apel berkonsentrasi beku diencerkan dengan air,100 g,11200,2758,24,33
frestea apel botol,100 ml,44,11.2,0,0
saus apel dengan gula,100 g,76,19.91,0.18,0.18
bontea green original,100 g,333.33,100,0,0
lovy cookies chocobutter,100 g,450,70,17.5,10
lovy cookies coffeeccino,100 g,500,60,25,5
jeruk santang,100 g,47,11.75,0.12,0.94
jeruk sunkist,100 g,51.95,12.34,0,0.65
jus jeruk peras segar,100 g,11200,2579,50,174
jeruk,100 g,51.95,12.34,0,0.65
jeruk bali,100 g,32,8.08,0.1,0.63
jus jeruk,100 g,11200,2579,50,174
jus jeruk dingin termasuk dari konsentrat,100 g,11000,2505,67,199
jeruk peras,100 g,357.14,100,0,0
floridina coco,100 ml,51.43,12,0,0
isi soto koya jeruk nipis,100 g,464.29,65.18,18.75,8.93
refresh rasa jeruk,100 g,10000,2500,0,0
soda jeruk,100 ml,51.14,13.07,0,0
nasi daun jeruk ayam sambal matah,100 g,590,69,26,20
minum jus jeruk,100 g,13400,3339,0,50
pulpy orange,100 ml,43.33,11.33,0,0
fanta orange,100 ml,20,4.4,0,0
jeju orange,100 g,357.14,100,0,0
jus jeruk beku dilarutkan dengan air,100 g,11200,2714,15,169
jeruk extra manis,100 g,363.64,90.91,0,0
sunkist,100 ml,52.31,12.62,0,0
jus jeruk bali,100 g,9400,2213,25,128
jus jeruk bali merah muda,100 g,9600,2272,25,124
jus jeruk bali segar,100 g,9600,2272,25,124
american sweet orange,100 g,5000,1300,0,0
orange flavor,100 ml,53.85,11.54,0,0.77
jeruk nipis jahe,100 g,409.09,100,0,0
jeruk nipis,100 g,363.64,100,0,0
permen jeruk,100 g,400,93.33,0,0
squeezed orange less sugar,100 ml,30,7.5,0,0
daun jeruk,100 g,12,4.05,0.08,0.27
madurasa jeruk nipis,100 g,320,80,0,0
jeruk keprok jeruk mandarin jus kemasan kalengan,100 g,9200,2383,7,154
tropic calamansi,100 ml,40,9.2,0,0.4
coconut water rasa jeruk,100 g,32,8.4,0,0
squash delight jeruk florida,100 ml,137.93,34.48,0,0
pulpy x extra vit c,100 ml,30,7.67,0,0
jus jeruk bali putih,100 g,9600,2272,25,124
squash orange,100 ml,200,46.67,0,0
golden orange,100 ml,48,10.8,0,0.8
lofet kacang rasa daun jeruk,100 g,600,20,44,32
orange water c,100 ml,24,6.4,0,0
sari buah jeruk,100 ml,40,9.5,0,1
rasa jeruk,100 ml,40,8.67,0.67,0.33
cerelac apel jeruk pisang,100 g,420,66,9,16
keripik talas pedas daun jeruk,100 g,500,65,25,5
bumbu sachet nasi daun jeruk,100 g,400,60,20,0
susu uht full cream ml,100 ml,60,4.8,3.2,3.2
susu,100 g,12200,1149,488,803
kental manis,100 g,250,57.5,10,2.5
ultra mimi full cream,100 ml,64,4.8,3.2,3.2
uht full cream milk,100 g,16000,1100,900,800
susu murni,100 ml,62,4.66,3.35,3.32
susu uht low fat high calcium,100 ml,44,5.2,1.2,3.2
susu uht full cream,100 ml,60,5,3,3
susu low fat,100 g,10000,1200,300,700
susu uht rasa stroberi,100 ml,75,11,2.25,3
purefarm full cream,100 g,13000,1000,700,700
low fat milk,100 g,11000,1200,300,900
susu coklat,100 g,19000,2888,525,770
choco malt,100 ml,90,13.5,3.5,1
non fat milk,100 ml,35,5.5,0,3
susu kental manis,100 g,325,57.5,10,2.5
dancow full cream,100 g,444.44,40.74,29.63,22.22
susu bear brand,100 ml,63.49,4.76,3.7,3.17
fresh milk choco sea salt,100 ml,100,13.2,3.6,3.2
ultra mimi kids full cream,100 ml,64,4.8,3.2,3.2
hicalcium skimmed milk,100 g,9000,1100,0,1100
oat milk,100 ml,59,6.6,3,1
prostar casein protein,100 g,909.09,116.67,9.09,83.33
nutrive benecol strawberry,100 ml,60,8,2,1
susu rasa sereal stroberi,100 ml,64,11.2,2,0.8
milky strawberry,100 g,11000,1500,450,400
susu evaporasi,100 g,125,12.5,6.25,5
susu uht rasa cokelat,100 ml,75,11.5,2.25,2
susu putih manis,100 ml,77.78,8.89,3.33,3.33
soy milk unsweetened,100 ml,31.2,0.4,2.2,1.88
uht milk low fat high calcium,100 ml,40,4.5,1.25,3
almond milk,100 ml,26,1.5,2.1,0.6
susu uht rasa coklat,100 ml,88,11.2,3.6,4
wrp on the go,100 ml,75,12,1.5,3.5
susu cappuccino,100 ml,45,3.5,2.5,2.5
double belgian chocolate with pistachio milk,100 ml,25,2.22,1.67,0.56
fresh milk,100 ml,65,4.5,4,3
cereal chocolate milk drinks,100 ml,85,15,2,1.5
almond breeze original,100 ml,25,3.33,1.11,0.56
goalll,100 ml,105.88,14.12,5.88,1.18
susu rendah lemak dengan tambahan vitamin a,100 g,12200,1142,481,805
haenam goguma,100 ml,66.67,9.44,1.94,2.22
almond breeze latte,100 ml,33.33,4.44,1.11,1.11
purefarm kacang hijau,100 g,62.22,9.78,1.33,2.67
skim milk plain fiber pro,100 g,346.15,57.69,0,26.92
rasa kacang hijau,100 g,428.57,77.14,10,8.57
soya bean milk,100 ml,69,7.6,3,2.7
bulgarian style yogurt mango,100 ml,88,14.4,2,2.4
susu vanila,100 g,400,55,10,25
yogurt rasa stroberi,100 ml,100,14.4,3.6,2.4
carnivor,100 g,335.14,21.62,0,62.16
susu pasteurisasi rasa vanilla,100 g,13000,2200,300,400
gold plus,100 g,328.57,48.57,1.43,28.57
daily formula,100 g,25000,4200,400,1200
whey protein,100 g,15000,2100,200,1200
fresh milk low fat,100 g,9000,1100,250,600
susu uht coklat,100 ml,85,13,2.5,2
vsoy multigrain,100 ml,69,7.6,3,2.7
susu kental manis cokelat,100 g,325,55,11.25,2.5
lose weight,100 g,388.89,61.11,2.78,25.93
susu susu murni,100 g,14600,1103,793,786
thai milk green tea,100 ml,52,10,2.4,1.6
lemak susu,100 g,10200,1218,237,822
matcha green tea latte with walnut milk,100 ml,33.33,1.67,2.78,0.56
susu dengan lemak yang telah dikurangi,100 g,12200,1142,481,805
susu kedelai,100 ml,54,5.1,1.99,4.64
hicalcium low fat milk,100 ml,40,4.5,1.25,3
susu tawar,100 ml,58,5,3,2.8
chocolate taro botol,100 ml,35,7.5,0,1
topping kental manis,100 ml,350,120,0,0
uht full cream,100 ml,60,5,3,3
dairy milk chocolate,100 ml,550,60,30,10
sereal in,100 g,416.67,83.33,8.33,4.17
susu uht low fat,100 g,4500,550,125,350
low fat source of calcium ml,100 ml,65,10,1,3.5
susu almond manis,100 g,5900,633,351,148
susu uht vanilla,100 ml,57.89,7.89,2.11,2.11
susu kental manis tiga sapi,100 g,120,22,3.5,1
avocado strawberry sundae,100 ml,100,16,3.5,1
susu almond,100 g,4000,140,358,151
skm coklat,100 g,333.33,57.14,9.52,2.38
chilgo pisang,100 ml,67.86,10,2.14,2.14
minuman serbuk kedelai,100 g,440,62,12,22
teen vanilla caramel,100 g,16000,2800,250,600
susu tanpa lemak dengan tambahan vitamin a dan protein,100 g,10100,1368,62,974
keju cheddar,100 g,403,1.28,33.14,24.9
keju slice,100 g,294.12,5.88,20.59,17.65
gold cheddar,100 g,333.33,20.83,25,4.17
cheddar cheese,100 g,300,10,25,10
quick melt keju cepat leleh,100 g,300,13.33,23.33,16.67
keju serbaguna,100 g,300,26.67,20,6.67
mozzarella cheddar,100 g,333.33,13.33,26.67,13.33
saus keju,100 g,174,6.83,13.29,6.71
quick melt,100 g,375,12.5,31.25,6.25
slice melt,100 g,375,6.25,28.12,18.75
cheese spread,100 g,300,6.67,30,6.67
singles,100 g,305.88,11.76,20.59,17.65
belcube,100 g,260,4.6,20,12
cheddar,100 g,300,5,25,20
keju gouda atau edam,100 g,357,1.67,27.69,24.98
cheese stick bbq,100 g,291.67,16.67,20.83,16.67
rich cheese,100 g,300,13.33,23.33,13.33
keju ricotta susu murni,100 g,174,3.04,12.98,11.26
mozarella,100 g,350,10,30,15
keju kambing agak lembut,100 g,364,2.54,29.84,21.58
rendah lemak lemak keju cottage,100 g,72,2.72,1.02,12.39
milky soft,100 g,333.33,10,26.67,10
ricotta cheese,100 g,200,4,18,8
spready,100 g,350,20,30,5
baked cheese tart,100 g,402.22,42.22,22.22,8.89
singkong serut rasa keju,100 g,550,65,30,0
finger cheese biskuit,100 g,440,72,10,12
keju ricotta,100 g,156,4.09,10.44,11.32
singles bbq chicken,100 g,352.94,17.65,23.53,11.76
mozza cheese slice,100 g,333.33,13.33,26.67,13.33
the big cheez,100 g,514,53,35,7
keju amerika kemasan dingin,100 g,331,8.32,24.46,19.66
raclette cheese flavour,100 g,550,55,35,5
keju cottage rendah lemak lemak susu,100 g,90,3.63,1.93,13.74
sagu keju,100 g,500,66.67,16.67,0
keju parmesan keras,100 g,392,3.22,25.83,35.75
bisvit selimut keju,100 g,450,60,20,10
cedda cheese slice,100 g,300,20,23.33,6.67
cream cheese light,100 g,180,2,14,10
keju cottage,100 g,103,2.68,4.51,12.49
keju romano,100 g,387,3.63,26.94,31.8
keju mozzarella tanpa lemak,100 g,149,3.5,0,31.7
zuperrr keju malkist,100 g,523.81,61.9,23.81,4.76
keju krim bebas lemak,100 g,96,5.8,1.36,14.41
keju feta,100 g,264,4.09,21.28,14.21
super ring,100 g,571.43,50,42.86,7.14
pasta keju,100 g,625,50,37.5,0
keju alami,100 g,363,2.47,27.77,25.48
cream cheese wafer,100 g,450,70,20,10
keju edam,100 g,357,1.43,27.8,24.99
keju kambing lembut,100 g,268,0.89,21.08,18.52
mozza cheese,100 g,333.33,6.67,26.67,13.33
bocconcini cheese,100 g,212.12,3.03,18.18,15.15
cream cheese,100 g,133.33,3.33,8.33,10
cheese triangles,100 g,388.89,11.11,33.33,16.67
cheese stick rasa pizza,100 g,291.67,20.83,20.83,8.33
shred cheese,100 g,300,33.33,20,0
gourmet slices,100 g,305.88,2.94,24.71,17.06
keju camembert,100 g,300,0.46,24.26,19.8
mild cheese,100 g,300,20,20,6.67
babybel mini original cheese,100 g,350,0,25,20
smokey bbq slices,100 g,323.53,6.47,25.29,17.06
mini babybel tasty cheddar,100 g,309.09,2.27,24.09,23.18
cheese cake,100 g,363.64,43.64,18.18,7.27
shoops,100 g,228.57,25.71,12.86,2.86
cheese stick,100 g,291.67,20.83,18.75,8.33
cheddar singles,100 g,300,6.67,20,13.33
keju singles kurang lemak,100 g,233.33,6.67,13.33,20
singles reguler,100 g,300,6.67,20,13.33
keju cheddar atau colby rendah lemak,100 g,173,1.91,7,24.35
gold cake original japanese cake,100 g,281.25,31.25,12.5,9.38
roti sisir keju,100 g,371.43,54.29,14.29,5.71
yogurt plain,100 g,10000,1400,250,400
yogurt polos,100 g,63,7.04,1.55,5.25
squeeze yogurt blueberry,100 g,83.33,14.17,2.5,2.5
squeeze yogurt original,100 ml,100,17.14,2.86,2.86
greek yogurt,100 g,100,3.75,7.5,3.75
original yogurt,100 g,112,17.6,3.6,3.2
greek yogurt original,100 g,113,6.25,7.5,5
blueberry yogurt,100 ml,90,14,2,3
yogurt,100 g,100,24.29,4.29,4.29
strawberry yoghurt,100 ml,100,18,0.5,4
yogurt drink strawberry,100 ml,71.43,14.29,0,2.86
cimory squeeze,100 ml,100,14.29,2.86,4.29
yogurt polos susu murni,100 g,61,4.66,3.25,3.47
yogurt drink,100 ml,80,15.2,0.8,2.8
greek yogurt classic,100 ml,55,7.5,2,2
greek yogurt mango,100 g,162.5,12.5,6.25,6.25
yogurt drink no added sugar,100 ml,37.5,9.17,0.62,1.67
strawberry yogurt,100 ml,72,11.6,2,2
yogurt strawberry ml,100 ml,50,8.5,1,2
bulgarian style yogurt original,100 ml,72,11.2,1.6,1.6
biokul topping mocha granola,100 g,230,27,9,10
bulgarian style yogurt drink slim berries,100 ml,80,14.5,1.5,2
bulgarian style yogurt blueberry,100 ml,82.5,14,2,2
plain yogurt low fat,100 ml,87.5,15,0.62,5
yogurt stick blueberry,100 g,112.5,17.5,3.75,2.5
yogurt drink lychee,100 ml,83.33,15.42,0.83,2.5
peach yoghurt,100 g,100,16.25,1.88,5
tummy yogurt drink blueberry redbeet,100 ml,88.89,17.78,1.39,1.67
yogurt strawberry flavor,100 ml,87.5,16.25,0.62,5
banana yogurt,100 g,83,17.3,0.6,2.1
yogurt drink blueberry,100 ml,64,15.2,0,0.8
yoghurt,100 ml,85.71,15.71,1.43,2.86
yogurt rasa aprikot,100 ml,100,20,0,4
natural plain skim yoghurt,100 g,56,8,0,5.6
yoghurt buah rendah lemak gr protein per gr,100 g,105.78,18.76,1.42,4.9
strawberry yogurt g,100 g,14000,2300,400,400
bulgarian style yogurt blueberry botol,100 ml,80,13.6,2,2.4
yo junior yogurt,100 ml,80,14,1.75,1.5
coffee cream,100 ml,80,15,1.5,1.5
apricot yogurt,100 ml,80,8,3.5,5
choco nut crunch yoghurt,100 g,120,13,6,3
oats multi grains yogurt bar berries,100 g,520,64,24,4
cherry yogurt,100 ml,90,15,0.5,5
set yogurt plain rendah lemak,100 ml,70,10,1,5
tummy yogurt coconut almond with coconut slices,100 g,112.5,21.25,1.88,3.75
mango yogurt drink,100 ml,76,12.4,2.4,2
creamix thick yogurt blueberry,100 g,90.91,13.64,3.18,2.73
yogurt stick strawberry,100 g,112.5,17.5,3.75,5
creamy yogurt series honey granola,100 g,133.33,16.67,5.56,3.33
greek style yogurt with strawberry,100 g,170,18,9,5
blueberry yoghurt,100 g,8000,1300,100,400
greek yogurt plain,100 g,140,8,8,6
yogurt polos tanpa lemak,100 g,56,7.68,0.18,5.73
set yogurt plain,100 ml,70,10,1,5
yoguruto blackcurrant ml,100 ml,45,8.5,1,2
yogurt blueberry,100 ml,100,16.25,0.62,6.25
mango yogurt,100 g,90.91,14.55,2.73,2.73
mixed berry yogurt,100 g,109.09,17.27,3.18,2.73
natural plain yoghurt,100 g,100,10,4,5
yofit probiotic,100 ml,61.11,8.33,0,5
mango fruits yogurt,100 g,92,17.2,1.5,2.2
yoguruto less sugar passionfruit,100 ml,40,9.6,0,0.8
greek style yoghurt,100 ml,100,14,2,5
greek yogurt blueberry,100 g,125,12.5,6.25,6.25
tummy yogurt stirred original,100 g,112.5,21.25,1.88,3.75
delicyo strawberry banana,100 ml,48,9.6,0.4,0.8
blueberry redbeet,100 ml,100,18,2,2
yogurt rasa mangga,100 ml,110,21,1.5,4
yoghurt plain,100 ml,96,14.4,3.2,2.8
tummy yogurt lemon,100 g,64,10.4,1.2,3.2
greek yoghurt original,100 g,140,17,4,7
fat yogurt strawberry,100 g,40.8,6.08,0.08,3.2
greek yogurt strawberry,100 g,160,16,8,6
probiotic drink,100 ml,76.92,16.92,0,1.54
original,100 ml,65,14.5,0,1
greek style yogurt,100 ml,88,12,3.2,3.2
yogurt polos rendah lemak,100 g,63,7.04,1.55,5.25
yogurt beku,100 g,107,19.62,1.47,4.7
roti isi coklat,100 g,280,40,10,5
roti tawar,100 g,270.27,47.3,4.05,8.11
roti isi krim coklat,100 g,350,53.33,11.67,6.67
roti isi keju,100 g,307.69,46.15,10.77,9.23
roti isi krim coklat g,100 g,360,48,16,8
roti isi krim susu,100 g,293.1,50,6.9,6.9
roti sobek coklat,100 g,327.1,53.27,9.35,7.48
roti isi selai stroberi,100 g,291.67,59.72,4.17,5.56
roti isi cokelat,100 g,220,32,8,4
roti isi srikaya,100 g,310.34,53.45,7.76,6.9
roti abon ayam mayo pedas,100 g,333.33,46.67,11.67,10
roti mini isi krim keju,100 g,350,42.5,15,7.5
roti kacang,100 g,217,42.4,2.17,6.28
roti sandwich isi coklat,100 g,285.71,45.24,8.33,7.14
roti isi krim meses,100 g,375,52.5,15,7.5
roti o,100 g,430,49,23,6
roti isi selai cokelat,100 g,340,56,12,8
roti sisir mentega,100 g,345.45,45.45,16.36,7.27
roti isi coklat keju,100 g,339.62,49.06,11.32,7.55
roti multigrain,100 g,251,46.4,3.8,10
roti goreng,100 g,320,47.69,11.36,7.18
roti manis pandan srikaya,100 g,316.67,55,6.67,6.67
roti tawar gandum,100 g,271.43,47.14,5,8.57
roti manis kasur coklat,100 g,264.44,53.33,5.56,8.89
sausage bun,100 g,368,40,10,16
roti isi chicken teriyaki,100 g,277.78,47.22,6.94,9.72
roti manis kasur,100 g,325,55,8.75,8.75
bagelen cheese,100 g,500,60,25,10
roti tawar kupas,100 g,250,42.5,5,7.5
selai srikaya,100 g,350,45,17.5,5
roti sandwich,100 g,288.89,55.56,3.33,8.89
roti burger,100 g,300,50,8,10
roti,100 g,371.43,60,7.14,8.57
cheese danish bread,100 g,320,54,7,8
roti panggang mix fruit,100 g,323.08,60,6.15,6.15
roti panggang rasa durian,100 g,369.23,52.31,15.38,7.69
roti kasur susu,100 g,314.81,53.7,7.41,9.26
roti panggang rasa coklat,100 g,375,52.5,12.5,12.5
roti sobek coklat keju,100 g,327.1,47.66,11.21,8.41
roti isi daging ayam,100 g,280,45.33,6.67,9.33
bagelen,100 g,500,70,20,10
roti isi krim rasa blueberry,100 g,340,58,8,8
roti coklat keju,100 g,157.5,23.5,6.38,5.75
sandwich margarin manis,100 g,375,42.5,20,5
roti isi selai nanas,100 g,342.86,60,7.14,8.57
focaccia,100 g,292,40.64,11.11,6.89
banh mi,100 g,200,29,7,13
roti sandwich funwari cokelat pisang,100 g,285.71,45.05,8.79,6.59
roti panggang rasa susu vanila,100 g,631.58,52.63,15.79,7.89
roti kasur coklat keju,100 g,333.33,50,13.33,7.78
roti krim keju,100 g,333.33,51.67,11.67,5
roti manis kasur kombinasi,100 g,333.33,53.33,8.89,8.89
krim moka,100 g,303.03,45.45,10.61,7.58
roti stik abon ayam,100 g,342.86,52.86,11.43,10
roti abon,100 g,430,40,24,11
roti panggang coklat,100 g,323.08,60,6.15,6.15
boti isi margarin meses,100 g,357.14,50,14.29,7.14
multigrain bread,100 g,300,47.5,7.5,10
klasik pan pandan,100 g,275,57.5,1.25,10
dorayaki custard coklat,100 g,309.09,58.18,6.36,7.27
croiss with cocoa cream,100 g,400,53.33,20,6.67
butter croissant,100 g,403.23,41.94,22.58,8.06
roti sandwich rasa pandan isi sarikaya,100 g,265.31,46.94,6.12,6.12
roti sandwich isi spicy crab mayo,100 g,211.54,36.54,4.81,5.77
roti tawar pandan kupas,100 g,340.91,59.09,5.68,11.36
sobek keju,100 g,333.33,55,10,8.33
roti sandwich funwari coklat stroberi,100 g,263.74,47.25,5.49,5.49
roti sandwich isi keju,100 g,285.71,38.1,11.9,7.14
roti sandwich funwari mangga cheesecake,100 g,274.73,46.15,7.69,6.59
roti isi krim vanilla,100 g,380,48,16,8
sandwich gandum cokelat hazelnut,100 g,325,45,12.5,7.5
roti sandwich isi tuna mayo spicy,100 g,211.54,34.62,5.77,7.69
kue bolu,100 g,297,57.7,4.3,7.3
kue coklat dengan campuran coklat,100 g,367,54.6,16.4,4.1
tart,100 g,278,41.55,11.35,3.05
kue beras,100 g,224,48.69,0.77,4.64
kue bolu coklat,100 g,297,54.68,6.05,8.25
marble cake,100 g,339,61.38,10.89,3.94
lapis legit,100 g,415,25.26,33.65,5.11
gold cake double chocolate,100 g,318.18,36.36,15.91,4.55
kue tambang,100 g,462,54.34,24.13,7.08
bolu tape,100 g,324,49.69,11.43,5.01
kue pia rasa pandan,100 g,360,68,12,8
cream cake strawberry,100 g,450,50,25,0
graker richberry cheese,100 g,450,70,17.5,5
cream cake brownis isi krim strawberry,100 g,400,60,15,0
kuriimu,100 g,368.42,52.63,15.79,5.26
chocolate coated wafer,100 g,500,66.67,25,8.33
srikaya ketan,100 g,264,49.07,6.49,2.88
marshmallow,100 g,416.67,83.33,8.33,0
awug,100 g,90,18.17,0.89,1.12
koya suuk,100 g,460,62,17,14
bingka,100 g,272,39.32,10.68,5.2
tiramisu,100 g,283,24.41,18.2,4.77
caramelrama,100 g,500,70,25,0
chocolate strawberry layer cake,100 g,400,43.75,21.88,6.25
mug cake cokelat,100 g,357.14,50,14.29,2.38
bolu kukus,100 g,297,56.85,4.57,7.01
japanese cheese cake,100 g,303.03,30.3,15.15,9.09
fresh cream dorayaki,100 g,323.94,40.85,14.08,5.63
red velvet cake,100 g,488.64,53.41,29.55,4.55
steam cake strawberry flavor,100 g,375,53.75,15,5
kue mangkok dengan campuran rendah lemak,100 g,305,67.2,3.7,4.3
new york cheesecake,100 g,388.43,30,27.02,6.2
nextar,100 g,450,70,20,0
toast slices,100 g,540,56,30,8
nastar,100 g,433.33,63.33,20,3.33
fluffy cream roll,100 g,316.46,30.38,18.99,6.33
yangko,100 g,256,58.04,1.1,3.08
kaliadrem,100 g,338,54.28,12.03,3.35
lapis bogor full talas,100 g,360,40,18,6
lapis bogor blackforest,100 g,420,44,24,6
chocolate butter cookies,100 g,550,58.33,31.67,6.67
kue bikang,100 g,188,38.34,2.85,2.13
kue cincin,100 g,434,64.47,18.22,3.33
bolu susu lembang rasa coklat,100 g,380,42,20,6
bakpia kukus original cokelat,100 g,400,44,22,6
kue lapis kukus rasa blackforest,100 g,380,42,22,6
mooncake kacang hijau,100 g,400,65,13.33,5
kue ku,100 g,357,75.79,2.3,6.67
kue gambang,100 g,390,68,10,6
kue keju,100 g,321,25.5,22.5,5.5
wajik,100 g,304,68.43,1.36,3.98
kue coklat keju,100 g,389,38.44,24.75,6.6
chokoreto cookies,100 g,520,64,24,4
nextar brownies,100 g,450,70,20,0
kacang tanah,100 g,567,16.13,49.24,25.8
kacang panggang,100 g,151,21.39,5.15,5.54
kacang panjang hijau dimasak dari segar,100 g,59,7.61,3.1,1.82
kacang rebus,100 g,318,21.26,22.01,13.5
kacang bawang jumbo,100 g,640,16,52,24
kacang garing,100 g,600,16,48,32
kacang polong,100 g,42,7.55,0.2,2.8
kacang kapri,100 g,98,17.59,0.44,6.64
kacang atom,100 g,555.56,50,33.33,11.11
kacang koro,100 g,45,56,16,20
kacang mete,100 g,581,30.16,47.77,16.84
rosta kacang panggang,100 g,433.33,53.33,16.67,16.67
kacang kriuk,100 g,615,433,30,14
kacang tolo,100 g,114,20.67,0.58,7.38
kacang bumbu,100 g,530,39,30,24
kacang kedelai,100 g,471,33.55,25.4,35.22
ultra sari kacang ijo,100 ml,44,10.4,0,0.8
permen ting ting,100 g,600,40,40,20
sukro kedele,100 g,500,50,28.57,14.29
teri kacang balado,100 g,260,32.08,11.08,10.77
kacang koro rasa rumput laut,100 g,444.44,66.67,13.89,16.67
red kidney beans,100 g,80,13,0.5,5
cashew butter,100 g,562.5,31.25,46.88,15.62
pilus mie goreng,100 g,500,64.29,28.57,0
kuaci fuzo original,100 g,615.38,15.38,46.15,30.77
unsweetened crunchy peanut butter,100 g,566.67,40,33.33,23.33
peanut cream messes,100 g,425,57.5,17.5,5
kacang polong polong,100 g,42,7.55,0.2,2.8
sohun,100 g,351,86.09,0.06,0.16
kacang komak,100 g,344,60.76,1.69,23.9
cashew honey butter flavor,100 g,560,48,36,12
bean soup mix,100 g,363.64,65.45,1.82,21.82
kacang panjang hijau,100 g,31,7.13,0.12,1.82
kacang hitam biji matang dengan garam dimasak direbus,100 g,132,23.71,0.54,8.86
chocolate peanut,100 g,583.33,45.83,37.5,12.5
kedelai biji matang dengan garam dimasak direbus,100 g,173,9.93,8.97,16.64
sukro original,100 g,400,65,22.5,5
sandwich kacang,100 g,346.94,40.82,14.29,12.24
daun kecipir,100 g,74,14.1,1.1,5.85
selai kacang halus lemak yang telah dikurangi,100 g,520,35.65,34,25.9
kacang atom pedas,100 g,500,60,26.67,6.67
mix nut,100 g,566.67,33.33,40,23.33
selai kacang,100 g,600,40,35,20
baked beans,100 g,90,20,0.5,1
bubur kacang hijau,100 g,108,17.76,3.06,3.54
kacang garbanzo,100 g,180,29.98,2.99,9.54
kacang hijau,100 g,81,14.46,0.4,5.42
kacang jepang spicy flavor,100 g,520,44,32,12
buncis,100 g,31,7.13,0.12,1.82
kedelai dimasak lemak tidak ditambahkan dalam masakan,100 g,172,9.87,8.92,16.54
kacang merah dengan garam dimasak direbus,100 g,127,22.8,0.5,8.67
kacang koro kupas,100 g,435,47.9,14.78,27.61
kedelai matang tanpa garam dimasak direbus,100 g,173,9.93,8.97,16.64
kacang medan,100 g,560,43,34,19
kacang koro broad beans,100 g,500,57.14,14.29,21.43
kacang kemiri,100 g,691,13.86,71.97,9.17
sari roti sandwich kacang,100 g,346.94,42.86,14.29,12.24
funwari roll kacang merah mentega,100 g,328.36,49.25,10.45,5.97
mix nuts aneka kacang,100 g,500,33.33,40,23.33
bumbu pecel,100 g,440,46,20,18
sukro kacang bersalut bbq,100 g,444.44,66.67,19.44,5.56
selai kacang mete original,100 g,646.67,32,56.67,33.33
kacang panggang boston,100 g,155,22.04,5.06,6.04
natto,100 g,212,14.36,11,17.72
kedelai biji dewasa dikukus dimasak,100 g,81,6.53,4.45,8.47
edamame deluxe original,100 g,100,8,4,10
kacang koro pedas,100 g,500,71.43,21.43,21.43
kacang hitam,100 g,91,16.56,0.29,6.03
kacang arab,100 g,364,60.65,6.04,19.3
kacang koro kulit,100 g,125,13,6,5
crunchy peanut butter,100 g,566.67,33.33,40,23.33
sukro kacang bersalut original,100 g,520,64,24,8
kacang kulit,100 g,600,16,48,32
kacang mede asin,100 g,625,27.5,47.5,20
kacang emas,100 g,491,60.26,24.6,7.15
sukro oven rasa bawang,100 g,545.45,54.55,31.82,18.18
kacang almond lapis madu,100 g,600,24,48,24
sambal pedas,100 g,175,20,10,5
sambal terasi uleg,100 g,217.39,26.09,13.04,4.35
sambal rawit,100 g,125,15,7.5,5
sambal terasi,100 g,187.5,25,6.25,0
sambal terasi rebus,100 g,73,11.02,3.05,1.84
sambal bawang,100 g,312.5,25,18.75,0
sambal geprek,100 g,312.5,25,18.75,0
saus sambal,100 g,100,26.67,0,0
sambal korek,100 g,225,32.5,11.25,2.5
sambal cumi,100 g,125,4.33,6.02,12.89
sambal roa,100 g,87,2.5,3.15,10.5
sambel pecel,100 g,440,46,20,18
sambal rumahan balado merah,100 g,230.77,23.08,15.38,0
sambal pecel pedas,100 g,1250,90,80,40
sambal pedas dahsyat,100 g,208.33,41.67,0,0
sambal bajak,100 g,250,25,12.5,0
sambal teri,100 g,375,37.5,18.75,12.5
sambal bangkok,100 g,230.77,61.54,0,0
sarden sambal balado,100 g,115.38,1.28,1.28,23.08
sambal ekstra pedas,100 ml,100,26.67,0,0
sarden dalam sambal bangkok,100 g,116.67,10,3.33,13.33
sambal kecombrang,100 g,375,12.5,37.5,0
sarden sambal hijau,100 g,116.67,1.67,4.17,18.33
homestyle sambal terasi,100 g,277.78,44.44,8.33,5.56
sambal asli abc,100 g,100,26.67,0,0
bakmi sambal matah,100 g,402.88,43.88,20.14,12.23
sambal rawit bawang,100 g,300,20,20,0
sambal gado gado,100 g,200,26.67,6.67,6.67
bumbu racik nasi goreng sambal matah,100 g,200,40,0,0
sambal balado,100 g,200,20,10,0
choco pillow,100 g,450,70,15,10
sambal goreng kentang,100 g,102,10.15,3.02,8.72
sambal pedas manis,100 g,166.67,41.67,0,0
sambal tabur,100 g,333.33,33.33,0,0
sambal nusantara rendang,100 g,250,38.89,8.33,5.56
cabai tabur jambal,100 g,333.33,33.33,0,33.33
saus sambal ekstra pedas,100 ml,133.33,33.33,0,0
sambal pedas uleg,100 g,175,20,10,5
sambal pedas indofood,100 g,111.11,33.33,0,0
sambal kemiri,100 g,225,15,17.5,5
sambal uleg kemiri,100 g,225,15,17.5,5
bumbu nasi goreng rasa sambal matah,100 g,333.33,33.33,0,0
soya bean sauce with chillies sambal kecap,100 g,600,78.57,28.57,7.14
sambal ijo uleg,100 g,225,20,15,5
sambal goreng ati,100 g,250,35.71,10.71,7.14
sambal fried chicken,100 g,0,12.5,0,0
sambal nusantara teri,100 g,194.44,33.33,5.56,5.56
sambal nusantara geprek,100 g,138.89,16.67,8.33,5.56
sambal nusantara hijau,100 g,138.89,22.22,5.56,0
piattos sambal geprek,100 g,533.33,66.67,23.33,6.67
sambal extreme pedas,100 ml,133.33,33.33,0,0
sambal nusantara terasi khas jawa barat,100 g,250,38.89,8.33,5.56
sambal bawang pedas,100 ml,125,25,0,0
sambal extra pedas,100 g,133.33,26.67,0,0
mie sambal goreng,100 g,465.91,63.64,18.18,10.23
oatmeal,100 g,416.67,63.89,13.89,11.11
oatmeal muesli,100 g,450,72.5,12.5,7.5
sambal rendang,100 g,250,37.5,12.5,0
sambal terasi ala sunda,100 g,200,30,10,0
sambal matah grilled chicken,100 g,1411.43,111.43,110.57,100.86
kerupuk rasa bawang,100 g,250,85,0,0
krupuk bawang,100 g,266.67,3.33,23.33,10
kerupuk goreng pasir,100 g,357,83.52,1.78,1.46
kerupuk ikan,100 g,520,64,28,4
kerupuk seblak,100 g,561,54,36,6
kerupuk mie kuning,100 g,475,69.73,20.77,0.49
kerupuk kulit sapi,100 g,350,0.02,4.19,80.12
opak,100 g,365,74.9,3.63,5.95
kerupuk ikan sanggul,100 g,520,64,28,4
kerupuk koin pedas,100 g,460,19,20,9
kerupuk kemplang panggang,100 g,700,160,0,20
kerupuk udang goreng,100 g,500,70,20,0
kerupuk keriting,100 g,350,85,0,0
emping melinjo,100 g,350,69.79,1.49,12.11
lanting getuk,100 g,425,80.07,10.06,0.8
rice crackers mixed berries,100 g,375,90,0,5
lemon crackers sandwich,100 g,473.68,68.42,21.05,7.89
peyek kacang,100 g,486,57.12,26.37,6.33
snack red,100 g,450,80,12.5,10
peanut butter sandwich,100 g,500,63.33,23.33,10
egg roll,100 g,400,80,7.5,10
popped rice crackers sea salt,100 g,400,80,0,8.57
malkist cappuccino,100 g,500,66.67,22.22,5.56
kerupuk udang rasa barbeque,100 g,466.67,66.67,23.33,0
malkist kornet,100 g,444.44,72.22,13.89,11.11
oat krunch chunky hazelnut,100 g,500,65.38,23.08,7.69
siip bite roasted corn,100 g,500,50,37.5,0
stik tenggiri,100 g,475,60,20,15
siip net,100 g,600,50,40,10
kremesan,100 g,475,62.63,24.48,1.5
peanut crackers,100 g,520,64,24,8
flying fish biscuits,100 g,466.67,70,16.67,6.67
sugar crackers,100 g,466.67,66.67,20,10
pang pang jagung bakar,100 g,447,71.27,16.45,3.36
milkies,100 g,565.22,56.52,30.43,8.7
kerupuk keju,100 g,600,50,45,5
milk chocolate,100 g,440,80,8,8
lemon cream crown biscuit,100 g,500,66.67,23.33,10
malkist cokelat kelapa,100 g,526.32,57.89,26.32,10.53
lovely cream sandwich lemon,100 g,480,64,24,8
cheese flavoured rings,100 g,500,65,25,5
chicken flavoured crackers,100 g,500,66.67,23.33,3.33
siip chicken flavour,100 g,500,50,37.5,0
superco,100 g,500,50,11.11,5.56
biskies,100 g,526.32,63.16,28.95,5.26
lemonia,100 g,500,65,25,5
plain crackers with sesame,100 g,438.46,70.77,11.92,11.92
biskies chocolate,100 g,500,55,25,5
amplang,100 g,506,57.14,27.19,8.07
kerupuk udang rasa rumput laut,100 g,500,70,25,0
hokkaido milk,100 g,440,80,8,8
plain crackers,100 g,461.54,73.08,13.46,11.54
malkist crackers,100 g,444.44,72.22,16.67,11.11
cream crackers,100 g,483.87,64.52,22.58,9.68
kerupuk kulit kerbau,100 g,422,0,4,83
fugu friends,100 g,450,70,20,10
tater thins potato snack truffle flavor,100 g,550,60,30,5
onion chicken,100 g,400,80,8,8
klik crackers,100 g,500,66.67,25,8.33
cream wafers strawberry,100 g,480,72,20,4
popped rice crackers roasted corn,100 g,400,80,8,8
malkist tabur keju,100 g,470.59,58.82,20.59,11.76
madeleine crackers,100 g,554.55,54.55,36.36,9.09
basreng pedas,100 g,526,55.22,31.02,6.36
vege biscuit,100 g,500,63.33,23.33,10
pepper crackers,100 g,500,63.33,20,10
klapis,100 g,500,66.67,27.78,5.56
choco sourdough cracker,100 g,488,64,20,8
crispy crackers,100 g,500,71.43,17.86,7.14
malkist sweet crackers,100 g,476.19,71.43,16.67,9.52
popped rice crackers umami seaweed,100 g,400,80,8,8
makaroni ulir pedas,100 g,493,69.6,23.39,1.06
biskies vanilla,100 g,500,61.11,27.78,5.56
vege crackers,100 g,466.67,66.67,20,6.67
original sourdough cracker,100 g,488,64,20,12
cizzring,100 g,470.59,76.47,17.65,0
biskuit kelapa kopyor,100 g,500,75,20,5
trenz,100 g,500,70,20,0
dimsum goreng keju,100 g,280,15.04,18.01,14.06
sukun goreng,100 g,223,30.64,12.29,1.21
jukut goreng,100 g,181,16.14,12.16,2.63
getuk goreng,100 g,359,74.06,6.68,1.31
ikan mas goreng,100 g,117,0.17,4.39,18.16
tape goreng,100 g,217,40,5.31,2.04
ikan pindang goreng,100 g,189,0.71,10,23.09
pangsit goreng,100 g,433.33,32.41,29.26,9.63
ikan layang goreng,100 g,220,0.61,13.19,24.01
teh gelas,100 g,4500,1100,0,0
mi goreng kriuk pedas,100 g,444.44,66.67,15.56,10
mi goreng spesial,100 g,487.5,66.25,22.5,7.5
ikan belanak goreng,100 g,169,2.51,9.2,18
kentang goreng french fries,100 g,450,80,15,0
mie goreng rasa bulgogi,100 g,455.56,68.89,15.56,7.78
potongan daging babi goreng,100 g,279,0,18.5,26.41
sambal matah,100 g,482.35,60,23.53,9.41
minyak goreng,100 ml,818.18,0,90.91,0
ayam goreng bawang putih,100 g,276,5.04,18.06,23.02
indomie goreng,100 g,447.06,63.53,16.47,9.41
kentang goreng,100 g,180,31,4.5,4
kentang goreng buatan rumah,100 g,185,23.39,9.64,2.17
bawang merah goreng,100 g,500,50,30,10
mi goreng ayam geprek,100 g,482.35,57.65,23.53,10.59
mi goreng aceh,100 g,477.78,61.11,21.11,10
mie goreng sedaaap,100 g,444.44,67.78,14.44,11.11
mie goreng spesial,100 g,475,56.25,25,7.5
fit active,100 ml,27.27,6.36,0,0.3
bumbu nasi goreng rendang,100 g,375,75,0,0
tango wafer,100 g,500,70,20,10
goreng pedes gledek,100 g,493.33,60,24,8
extra pedas goreng jalapeno,100 g,447.06,63.53,16.47,9.41
kol goreng,100 g,90,10.62,4.72,2.76
bumbu racik tempe goreng,100 g,250,50,0,0
mie goreng rasa rendang,100 g,461.54,59.34,20.88,9.89
sarden goreng dalam sambal balado,100 g,183.33,5,11.67,13.33
bihunku goreng,100 g,383.33,78.33,6.67,3.33
goreng special,100 g,383.33,78.33,6.67,3.33
mi goreng rasa sambal matah,100 g,482.35,60,23.53,9.41
toge goreng,100 g,94,14.22,2.8,5.25
mi goreng rasa iga penyet,100 g,437.5,65,16.25,10
spix mi goreng,100 g,533.33,60,26.67,6.67
soto betawi,100 g,135,11.44,8.85,4.05
bumbu soto ayam,100 g,200,20,10,10
soto bandung,100 g,42,2.51,1.71,4.48
soto padang,100 g,126.99,11.09,6.69,5.86
rasa soto ayam,100 g,467.53,58.44,20.78,10.39
lemonilo soto koya,100 g,366.67,68.33,5,11.67
tongseng khas solo,100 g,269.23,38.46,11.54,0
mi rebus soto,100 g,57.14,8.57,1.43,0
mie gaga extra pedas kuah soto,100 g,440,60,17.33,12
indomie soto koya pedas dower,100 g,460.53,60.53,19.74,9.21
soto spesial,100 g,440,58.67,18.67,9.33
rasa soto ayam dengan nasi,100 g,466.67,64,20,9.33
soto koya nagih,100 g,460.53,60.53,19.74,10.53
racik bumbu spesial soto ayam,100 g,222.22,22.22,11.11,11.11
rawon,100 g,119,3.48,7.4,9.6
bumbu nasi goreng soto,100 g,250,50,0,0
nasi goreng soto,100 g,250,50,0,0
mie instan kuah rasa soto koya,100 g,366.67,68.33,5,11.67
vegan noodle rasa soto,100 g,458.82,60,20,8.24
sarimi isi rasa soto,100 g,407.08,54.87,17.7,7.96
sarimi gelas rasa soto ayam,100 g,466.67,53.33,23.33,10
fitmee rasa soto,100 g,65.22,10.87,2.17,0
super bubur dengan kuah soto,100 g,413.04,76.09,8.7,8.7
pake nasi rasa soto ayam,100 g,466.67,64,20,9.33
mi instan konyaku rasa soto,100 g,65.22,10.87,2.17,0
mie sedaap cup soto,100 g,480.52,55.84,24.68,11.69
mie sukses isi rasa soto,100 g,450.45,63.06,16.22,11.71
pop mie mini rasa soto mie,100 g,435.9,56.41,20.51,7.69
mie rasa soto koya pedas dower,100 g,460.53,60.53,19.74,9.21
jiwa pagi rasa soto,100 g,369.23,63.08,6.15,15.38
rasa soto madura,100 g,463.41,59.76,19.51,10.98
baked soto,100 g,381.58,72.37,5.92,9.21
bihunku seduh rasa soto ayam,100 g,333.33,79.17,0,0
oatmeal rasa soto ayam,100 g,392.86,64.29,7.14,14.29
rasa soto padang,100 g,440,58.67,18.67,10.67
soto banjar limau kuit,100 g,453.33,60,18.67,9.33
mie rasa soto lamongan,100 g,450,60,17.5,12.5
bihun rasa soto ayam,100 g,363.64,9.09,0,0
soto daging,100 g,200,20,5,10
soto medan,100 g,442.86,60,17.14,10
bumbu praktis soto ayam,100 g,125,25,0,0
nasindo rasa soto,100 g,107.69,21.54,1.54,1.54
supermi extra rasa soto daging,100 g,440,65,15,9
mie gelas rasa soto ayam,100 g,480,60,24,12
mi coto makassar,100 g,440,61.33,17.33,10.67
mi instan rasa soto mi,100 g,453.33,62.67,18.67,9.33
mi instan kuah rasa soto,100 g,362.5,56.25,10,11.25
sate padang,100 g,161,6.79,6.63,18.01
beef broccoli fried rice,100 g,223.33,21.67,10,10.83
ayam spesial jamur,100 g,162,15,2,20
lemon pepper chicken,100 g,113.33,0.83,0.83,23.33
kurma khalas,100 g,325,76,0.4,4.4
hongkong soya chicken,100 g,144.17,3.33,3.33,23.33
ayam kungpao,100 g,297.78,15.56,13.33,25.56
thai basil chicken,100 g,186.67,7.78,4.44,26.67
ayam krim italia,100 g,133.33,5.56,5.56,15.56
ceciwis jamur,100 g,68,13,1,3
mooyam steak,100 g,140,4,4.67,20
kurma khenaizi,100 g,325,44,0.24,1.5
ayam ala jepang,100 g,122.22,5.56,3.33,17.78
ayam sambal matah,100 g,215.83,4.17,14.17,15.83
mooyam garlic,100 g,120,2,1.5,24
cumi cabe hijau,100 g,304,10,21,17
garlic lime rice,100 g,142.5,0,0,0
ayam kecombrang,100 g,202.5,2.5,7.5,28.75
kacang panjang sapi,100 g,107,11,5,4
truffle mushroom chicken,100 g,185,4,7,20
creamy miso udon,100 g,240,33,9,6
aglio olio pasta,100 g,132.5,6.67,11.67,0.83
honey garlic chicken bites,100 g,200,18.89,7.78,13.33
mooyam spicy,100 g,123.08,4.62,0.77,25.38
pakcoy tahu,100 g,60,5,1.5,5
mie goreng jawa,100 g,190.83,35,4.17,9.17
claypot egg tofu,100 g,125,10,7,6
sapi ala mongolia,100 g,395,5,26.25,35
stir fried tofu and mushroom,100 g,139,8,11,3
butter spam fried rice,100 g,162.5,0,0,0
italian pesto chicken,100 g,163,3,5,24
honey mustard chicken,100 g,148.33,0.83,5.83,23.33
kurma lulu,100 g,325,76,0.4,4.4
tini wini biti rasa sate ayam,100 g,500,66.67,20.83,8.33
kimchi fried rice,100 g,222,27,9,6
sake,100 ml,132,4.92,0,0.49
jeju choco late,100 ml,66.67,8.89,2.22,2.22
biskuit rasa sate,100 g,470.59,70.59,17.65,5.88
mooyam original,100 g,130.43,0,2.17,26.96
mooyam tomato chili,100 g,140,7.33,2.67,21.33
coffeemate,100 g,500,60,30,0
cajun butter chicken,100 g,145,0.83,4.17,23.33
dada ayam asap,100 g,130,0,2,27
mooyam meatballs,100 g,120,3,6,15
pentol,100 g,269,17.23,15.88,13.74
bakso kuah,100 g,134.62,4.81,3.85,20.19
bakso urat,100 g,123.08,12.31,3.85,12.31
bakso sapi kuah,100 g,158.33,10,7.5,11.67
bakso polos,100 g,138.46,4.62,4.62,20
bakso sapi kasarurat,100 g,160,12,9,10
bakso ayam,100 g,160,12,8,9
bakso sapi ayam,100 g,121.21,6.06,3.03,21.21
bakso,100 g,325,9.2,2.5,4.1
baso ikan,100 g,100,15,0,10
swedish meatballs,100 g,240.51,5.06,17.72,13.92
bakso gochujang,100 g,127.27,7.27,4.55,16.36
bakso keju,100 g,183.33,6.67,6.67,21.67
bakso hot,100 g,163.64,10.91,7.27,14.55
rasa bakso sapi,100 g,360,80,4,4
bakso daging ayam keju ready to go,100 g,116.67,6.67,5.83,11.67
probites bakso sweet spicy,100 g,116.67,8.33,3.33,11.67
fish roll,100 g,160,22,3,10
bakso daging ayam,100 g,270,21,17,8
fish scallop,100 g,208.33,33.33,8.33,8.33
fish ball,100 g,125,15,5,5
bakso ikan besar,100 g,125,15,5,10
chikuwa mini,100 g,150,20,2.5,15
bakso original,100 g,145.83,8.33,9.38,16.67
scallop,100 g,100,16,1,10
bakso daging ayam saus barbekiu,100 g,140,10,6,14
bakso serba guna,100 g,107.69,4.62,2.31,18.46
bakso ikan dan udang,100 g,166.67,16.67,12.5,8.33
baso ikan dan udang,100 g,166.67,16.67,12.5,8.33
bola lobster,100 g,170,18,7,8
bakso bayam,100 g,219,29,8,11
bakso ikan pedas,100 g,177.78,13.33,10,8.89
bakso cumi,100 g,175,20,7.5,10
tofu fish cake,100 g,225,15,17.5,10
bakso ayam keju,100 g,191.67,11.67,9.17,14.17
bakso ikan kuah,100 g,108.33,17.5,0,10.83
bakso sosis,100 g,160,9,8,13
bumbu kuah bakso,100 g,200,20,10,6.67
yong tofu,100 g,150,10,9,8
bakso sb premium,100 g,138.46,3.08,5.38,21.54
chicken ball,100 g,160,12,8,9
bola kepiting,100 g,170,19,7,8
cuanki,100 g,520,52,32,4
tepung bakso goreng,100 g,257.14,60,0,2.86
baso spesial,100 g,467.53,54.55,22.08,11.69
baso aci geprek,100 g,368,50.16,14.97,8.12
bakso daging sapi dan ayam kombinasi,100 g,160,14,7,10
bubur sumsum,100 g,174,33.79,3.57,1.97
bubur candil,100 g,84,18.53,1.05,0.46
bubur ketan hitam,100 g,241,45.37,5.39,2.97
bubur instan rasa ayam,100 g,377.78,71.11,6.67,6.67
bubur spesial kombinasi,100 g,39.97,6,1,2
bubur ayam,100 g,69.18,10.68,1.76,2.15
bubur sereal multigrain,100 g,406.25,84.38,3.12,9.38
susu bubuk full cream,100 g,320,40,28,20
coklat bubuk,100 g,400,50,13.33,20
susu bubuk cokelat,100 g,16000,2500,500,500
kakao bubuk,100 g,400,53.33,10,23.33
bubur tim salmon norwegia,100 g,400,80,6,12
bubur bayi pisang susu,100 g,400,70,7.5,15
sun bubur beras merah,100 g,400,80,5,10
lada putih bubuk,100 g,333.33,66.67,0,0
bubur shirataki keju,100 g,60,8,3,0
mpasi bubur bayi,100 g,400,70,5,15
cabe bubuk,100 g,500,66.67,0,0
bubur bayi,100 g,425,72.5,10,12.5
super bubur dengan kuah kari,100 g,413.04,78.26,7.61,6.52
bubuk protein,100 g,401,49,9,31
bubur shirataki rasa ayam jamur,100 g,60,8,2,2
bubur aneka kacang,100 g,120,21.5,2.25,3.5
susu skim bubuk,100 g,366.67,56.67,0,30
kopi bubuk,100 g,500,100,0,0
bubuk kedelai murni,100 g,400,46,7,28
kakao bubuk tanpa gula,100 g,229,54.3,13.7,19.6
matcha bubuk,100 g,400,93.33,0,6.67
super bubur,100 g,422.22,71.11,6.67,6.67
susu bubuk,100 g,425,67.5,8.75,17.5
super bubur rasa ayam,100 g,377.78,71.11,6.67,6.67
susu bubuk kompleta,100 g,371.43,65.71,4.29,14.29
kacang kedelai bubuk,100 g,450,30,22.5,40
super bubur rasa abon sapi,100 g,387.76,69.39,9.18,6.12
uburubur dikeringkan asin,100 g,36,0,1.4,5.5
susu bubuk coklat,100 g,450,67.5,12.5,12.5
terasi bubuk,100 g,250,0,0,25
buryam,100 g,363.64,81.82,0,9.09
santan bubuk,100 g,500,60,30,0
selai kacang bubuk,100 g,384.62,61.54,7.69,30.77
selai chocolate bubuk,100 g,384.62,61.54,7.69,30.77
bubur dengan kuah kari,100 g,413.04,78.26,7.61,6.52
bubur tim daging dan brokoli,100 g,400,80,6,12
minuman rasa limun dengan gula dibuat dengan bubuk campuran,100 g,9200,2252,0,0
susu bubuk full cream plain,100 g,13000,1100,700,600
bubur instan,100 g,375,71.88,6.25,7.81
susu bubuk kompleta rasa vanila,100 g,400,63.33,8.33,13.33
susu bubuk skim,100 g,400,60,0,33.33
susu bubuk purefarm full cream,100 g,480,40,28,24
agaragar bubuk hallow,100 g,357.14,85.71,0,0
daun kelor bubuk,100 g,333.33,53.33,6.67,20
organik susu kacang bubuk,100 g,450,30,17.5,0
organic coklat belgia bubuk,100 g,512.5,51.25,32.5,8.75
jahe merah ekstrak bubuk,100 g,450,80,10,10
susu bubuk instan rasa cokelat,100 g,447.37,65.79,15.79,13.16
sosis bakar,100 g,160,2,10,14
ikan kembung bakar,100 g,169,3.2,8.01,20.46
bumbu bakar pedas,100 g,300,70,0,0
terong bakar,100 g,20,4.67,0.16,0.83
ikan patin bakar,100 g,144,2.22,6.61,17.78
rasa jagung bakar,100 g,500,60,30,10
akar teratai,100 g,74,17.23,0.1,2.6
bumbu rasa jagung bakar,100 g,250,100,0,0
kris bee krunchy rasa jagung bakar mentega,100 g,450,80,10,10
bumbu kentang goreng rasa jagung bakar,100 g,375,75,0,0
sosis lauk rasa ayam bakar,100 g,140,12,3,16
rumput laut panggang rasa jagung bakar,100 g,500,20,40,20
ikan bawal bakar,100 g,144,0,5.04,23
ubi bakar cilembu,100 g,86,20.12,0.05,1.57
ayam bakar bumbu rujak,100 g,250,33.33,8.33,8.33
sukro oven jagung bakar,100 ml,520,52,28,16
roti gandum,100 g,277.78,45.56,6.67,8.89
sosis bakar mini,100 g,250,15,17,10
jagung bakar g,100 g,333.33,40,20,6.67
roti jagung,100 g,309.09,54.55,10.91,7.27
roti bakar,100 g,307,53.71,5.62,12.84
jagung bakar pedas,100 g,416.67,50,25,8.33
roti sandwich tanpa kulit gandum,100 g,277.78,45.56,6.67,8.89
sosis bakar jumbo,100 g,250,13,18,10
momogi jagung bakar,100 g,500,60,30,10
twistko rasa jagung bakar,100 g,500,70,25,10
nasi bakar,100 g,166.67,25.15,4.55,6.67
snack nugget rasa jagung bakar pedas,100 g,500,70,20,10
tortilla chips rasa jagung bakar,100 g,500,64.29,21.43,10.71
sosis rasa ayam bakar,100 g,170,18,6,10
pocket sandwich chocolate,100 g,320,44,12,8
milk bread,100 g,300,52.5,5,10
keripik singkong rasa keju bakar,100 g,400,56,20,0
potato bun with custard filling,100 g,314.29,50,10,7.14
nasi bakar ayam,100 g,166.67,25.15,4.55,6.67
popcorn keju bakar,100 g,433.33,76.67,13.33,3.33
potato bun with chocolate filling,100 g,328.57,48.57,10,7.14
yoritos rasa jagung bakar,100 g,500,70,25,10
roti kok,100 g,437,74.8,10,11.1
pocket sandwich peanut,100 g,360,42,16,10
mie goreng ayam bakar limau,100 g,449.44,68.54,15.73,8.99
strawberry roll,100 g,327.27,52.73,10.91,7.27
red bean bun,100 g,327.27,52.73,9.09,7.27
nasi bakar ikan cakalang,100 g,196.23,31.7,4.53,7.17
kaya bun,100 g,311.11,57.78,8.89,6.67
roti balok rasa cokelat,100 g,360,50,14,8
iga bakar,100 g,254,0.94,19,19.1
roti susu,100 g,300,52.5,5,10
corntoz rasa jagung bakar,100 g,1200,140,70,10
ayam bakar limau,100 g,449.44,68.54,15.73,8.99
sapi bumbu bakar,100 ml,500,55,30,10
chocolate bun,100 g,311.11,51.11,10,6.67
potabee ayam bakar,100 g,533.33,50,33.33,6.67
rasa sosis bakar,100 g,444.44,77.78,8.33,5.56
chimi keripik ubi jagung bakar,100 g,560,56,32,4
roti bakar rasa coklat,100 g,381.82,52.73,16.36,7.27
snack bakso rasa udang bakar,100 g,533.33,73.33,23.33,0
kentang rebus,100 g,87,20.13,0.1,1.87
singkong rebus,100 g,146,34.76,0.26,1.24
pop mie rasa ayam,100 g,426.67,61.33,14.67,12
daun ubi tumbuk,100 g,102,6.56,8.01,3.49
rawon pedas mercon,100 g,466.67,61.33,20,10.67
sarimi isi ayam bawang,100 g,443.48,60.87,17.39,11.3
ramen kuah shoyu rasa ayam,100 g,439.02,67.07,17.07,7.32
rawit bingit ayam jerit,100 g,454.55,55.84,19.48,12.99
lodeh terong,100 g,106,6.36,8.39,3.03
tongseng,100 g,169,6.43,11.83,10.81
mi goreng rendang,100 g,483.52,62.64,21.98,8.79
shabu shabu combo,100 g,240,22,14,8
mie rebus rasa soto ayam,100 g,485.71,60,24.29,8.57
jagung rebus,100 g,93,22.33,0.74,3.11
mi rebus kari ayam,100 g,66.67,14.67,0.67,0
tumis buncis,100 g,65,8.15,3.45,1.97
tumis kacang panjang dan tempe,100 g,140,9.65,8.54,8.97
tumis tauge,100 g,57,9.45,1.18,4.58
tumis labu siam,100 g,46,7.34,1.72,1.42
tumis pakcoy,100 g,30,5.57,0.52,1.85
tumis kol,100 g,45,6.15,2.23,1.39
tumis pakis,100 g,75,7.01,4.54,3.55
tumis pepaya muda,100 g,52,8.97,1.93,0.73
tumis genjer,100 g,35,7.39,0.27,1.99
tumis daun pepaya,100 g,95,12.01,2,8.05
tumis daun singkong,100 g,85,7.52,5.22,3.59
bumbu racik tumis,100 g,300,60,0,20
tumis oncom,100 g,105,12.62,4.04,5.84
tumis pare,100 g,46,5.74,2.45,1.25
kentang panggang kulit tidak dimakan,100 g,92,21.39,0.1,1.95
kacang panggang vegetarian,100 g,94,21.14,0.37,4.75
ikan tuna panggang,100 g,153,0.41,3.96,27.3
ikan trout panggang,100 g,188,0.41,9.16,24.37
bolu panggang,100 g,444.44,51.11,24.44,4.44
muffin inggris panggang,100 g,270,52.65,2.02,10.32
jamur portabella panggang,100 g,35,5.08,0.75,4.09
iga babi panggang dengan saus,100 g,310,4.2,22.33,21.44
kentang panggang lemak tidak ditambahkan dalam masakan,100 g,95,21.52,0.11,2.49
rasa ayam panggang,100 g,600,60,35,10
daging babi panggang,100 g,247,0,14.59,26.98
proffle sapi panggang,100 g,400,55,10,25
rumput laut kering panggang nori pedas,100 g,500,40,30,20
rosta kacang panggang rasa pedas,100 g,545.45,54.55,22.73,18.18
corntoz sapi panggang,100 g,500,60,25,10
roti panggang,100 g,368.42,52.63,15.79,7.89
rumput laut panggang,100 g,500,33.33,50,33.33
rumput laut kering panggang nori korean bbq,100 g,500,20,40,20
rumput laut kering panggang nori rasa telur asin,100 g,500,20,40,20
kentang panggang kulit dimakan,100 g,109,20.53,2.2,2.43
kentang panggang,100 g,149,20.06,7,2.32
roti asam adonan panggang,100 g,298,56.4,3.3,9.6
makaroni panggang,100 g,489,66,22,7
garuda rosta kacang panggang rasa bawang,100 g,545.45,54.55,27.27,18.18
babi panggang hanya daging yang dimakan,100 g,208,0,9.57,28.45
kacang almond panggang,100 g,600,16.67,56.67,20
pilus keju panggang,100 g,500,65,25,5
ikan lele panggang,100 g,184,0.41,11.71,18.16
kepiting panggang,100 g,136,0.11,6.24,18.91
pilus sapi panggang,100 g,500,71.43,28.57,0
bagel panggang,100 g,288,57.11,1.72,11.14
kacang asin panggang,100 g,629.63,18.52,51.85,29.63
ikan salmon panggang,100 g,171,0.49,7.56,23.97
daging menjanganrusa panggang,100 g,190,0,3.93,36.08
japota sapi panggang,100 g,571.43,50,35.71,7.14
malkist keju panggang,100 g,500,65,20,10
piattos sapi panggang,100 g,533.33,66.67,26.67,6.67
kacang pistachio panggang,100 g,640,20,52,24
rasa sapi panggang,100 g,550,65,30,5
rumput laut panggang nori,100 g,600,20,50,20
ayam panggang bawang,100 g,136.92,5.77,4.08,19.23
chitato sapi panggang,100 g,550,55,30,10
kuah gulai,100 g,135,6.74,12.43,1.78
cap cay kuah,100 g,67,9.67,2.59,1.58
kwetiau kuah rasa ayam bawang,100 g,373.13,67.16,6.72,13.43
mi instan kuah rasa ayam bawang,100 g,386.67,62.67,8,16
kuah rasa ramen jepang,100 g,366.67,70,5,10
mie instan kuah rasa ayam bawang,100 g,383.33,65,8.33,11.67
muffin buah danatau kacangkacangan,100 g,277,48,6.5,5.5
mie kuah jalapeno,100 g,440,57.33,17.33,12
mie kuah rasa ayam cabe,100 g,462.5,61.25,20,8.75
buah lontar,100 g,27,6.75,0.18,0.34
batagor kuah,100 g,469,52.4,19.3,21.3
mi kuah rasa cakalang,100 g,440,65.33,14.67,10.67
smoothie buah dibuat dengan buah atau jus buah saja,100 g,13000,3352,29,88
kuah pedes dower,100 g,480,61.33,21.33,8
buah persik,100 g,39,9.54,0.25,0.91
koktail buah tanpa pemanis dalam kemasan air dimasak atau kalengan,100 g,7800,2085,12,103
keju cottage dengan buah,100 g,21900,1042,870,2416
es buah,100 g,24700,6292,0,77
bihun kuah,100 g,372.55,70.59,6.86,7.84
minuman smoothie buah dengan jus buah dan produk susu,100 g,19800,4115,323,341
super bihun kuah,100 g,372.55,70.59,4.9,7.84
punch buah dibuat dengan jus buah dan soda,100 g,10800,2651,15,44
minum smoothie buah,100 g,16200,3668,176,214
minuman buah beralkohol,100 g,7400,785,3,14
koktail buah atau campuran,100 g,9300,2424,30,102
minuman buah berkonsentrasi beku dengan air,100 g,11400,2880,0,15
mi instan kuah rasa kari ayam,100 g,400,70,7.5,10
buah delima,100 g,68,17.17,0.3,0.95
mie kuah pedas gurih,100 g,400,72.31,7.69,10.77
mie oven mie kuah rasa iga sapi,100 g,600,58,14,12
super bihun kuah baso sapi,100 g,352.94,68.63,4.9,9.8
mi instan konnyaku kuah rasa ayam bawang,100 g,42.25,9.86,0,0
corn bihun kuah rasa ayam bawang,100 g,393.44,81.97,6.56,1.64
buah kecapi,100 g,82,20.11,0.56,0.4
pie buah,100 g,316,42.6,16.1,3
buah kenitu,100 g,67,16.78,0.21,1.43
jus buah naga,100 g,13600,3595,17,92
yum yum mi instan rasa tom yum udang kuah creamy,100 g,485.71,67.14,21.43,7.14
buah kundur,100 g,16,3.67,0.2,0.46
instant kua chap,100 g,360,72,4,4
kua chap thai tom yum,100 g,340,80,0,6
kentang goreng seperti waktu beli ditambahi garam beku,100 g,174,29.92,5.05,2.12
kaki ayam goreng tanpa pelapis kulit dimakan,100 g,250,0,14.78,27.31
mie goreng wortel bit,100 g,149.25,25.37,2.99,4.48
mie goreng rendang jumbo,100 g,460.87,59.13,20,10.43
mi goreng chitato,100 g,500,61,24,9
mie goreng pedas korea,100 g,367.65,69.12,6.62,8.82
makaroni krispi level,100 g,450,60,20,10
mi goreng jumbo,100 g,418.6,57.36,17.83,8.53
isi mi goreng rasa ayam kecap,100 g,444.44,61.11,19.05,7.94
mie goreng black pepper seafood,100 g,500,62.5,23.75,8.75
mi goreng cakalang,100 g,439.02,67.07,14.63,9.76
ayam goreng kalasan paha,100 g,275,1.3,12.2,37.4
mie goreng original,100 g,494.12,61.18,23.53,8.24
korean spicy cheese,100 g,506.85,60.27,26.03,8.22
belut goreng,100 g,221,8.62,11.36,20.09
terong goreng,100 g,148,11.58,10.75,2.4
kentang mustofa,100 g,317,39.33,17.76,4.01
mie goreng rasa ayam kecap,100 g,460.32,62.7,19.05,9.52
paru sapi goreng,100 g,484,0.62,36.5,39.61
ampela goreng,100 g,262,9.45,11.15,32.05
minyak goreng sawit,100 ml,800,0,90,0
super bihun goreng,100 g,369.23,66.15,9.23,7.69
intip goreng,100 g,474,67.06,20.29,5.36
minyak goreng x penyaringan,100 ml,777.78,0,88.89,0
mi goreng sambal belacan,100 g,493.33,61.33,24,8
mie goreng rasa ayam panggang kecap,100 g,466.67,63.33,20,8.89
mie goreng korea konnyaku,100 g,192.31,37.18,5.13,1.28
ikan lidah goreng,100 g,104,2.43,3.03,15.75
mie goreng rasa sapi,100 g,169.01,40.85,0,1.41
classic,100 g,250,50,0,0
cappuccino,100 g,440,84,10,4
kopi,100 ml,72.73,13.18,1.82,1.36
caramel macchiato grande,100 g,52.85,7.4,1.48,2.11
salted caramel macchiato,100 g,65,9.5,2.25,1.5
coffeemix in,100 g,450,85,10,5
special mix,100 g,400,92,4,4
americano zero sugar,100 g,250,0,0,0
gula aren,100 g,454.55,81.82,11.36,4.55
caffe latte grande,100 ml,40.17,3.81,1.48,2.54
butterscotch latte,100 g,35000,4500,1400,1200
kopi susu,100 g,419.35,87.1,8.06,3.23
caramel frappe,100 ml,70.83,11.67,2.08,1.25
vanilla latte tall,100 g,56.34,7.89,1.41,2.54
kopi susu tetangga,100 ml,105,12.5,5.5,2
chococinno,100 g,9000,1700,200,100
hanya untukmu black aren,100 ml,63.64,12.73,1.14,1.36
white koffie original,100 g,450,85,10,5
top coffee gula aren,100 g,454.55,81.82,11.36,4.55
iced caffe latte grande,100 ml,26,2.6,0.9,1.6
white coffee less sugar,100 g,457.14,70.29,21.43,2.86
lokalate kopi gula aren,100 g,466.67,73.33,16.67,6.67
kopi lokal,100 ml,70.4,13,0.8,2.76
doubleshot espresso cream,100 ml,72.92,9.38,3.12,2.08
kopi plus gula,100 g,388.89,94.44,0,5.56
latte kaleng,100 ml,50,8.64,1.36,0.91
cool coconut,100 ml,50,9.5,1.25,0.5
choco banana latte,100 ml,59.09,9.09,1.59,1.82
moccachino,100 g,450,80,12.5,5
soy latte,100 g,466.67,73.33,20,6.67
top avocado coffe,100 g,454.55,77.27,15.91,4.55
rock salt caramello,100 g,500,70,22.5,5
white coffee,100 ml,45,9,1.25,0.5
kopi susu keluarga,100 ml,60,10,2,1
kopi fine blend,100 g,250,50,0,0
gilus mix aroma vanila,100 g,391.3,91.3,2.17,4.35
kopi jahe,100 g,423.08,65.38,7.69,0
cafe latte,100 ml,68,9.2,2.8,1.6
kopi elemen,100 g,452.17,78.26,13.04,4.35
gilus mix gula aren,100 g,391.3,91.3,0,4.35
pumpkin spice latte tall,100 ml,92.31,12.31,3.38,3.38
thai milk coffee,100 ml,63.64,10.91,1.59,1.36
white coffee hazelnut,100 g,440,64,16.57,3.71
the original,100 g,450,85,10,5
cold brew coffe brown sugar,100 ml,62,11.2,1.6,0.8
cold brew grande,100 ml,1.06,0,0,0
black coffee,100 ml,27.78,7.22,0,0
indo creamer,100 g,500,66.67,33.33,0
caramel latte,100 g,473.68,73.68,21.05,5.26
in diet,100 g,3900,478,194,53
starbucks via ready brew sweetened iced coffee,100 g,357.14,78.57,0,7.14
lucky day,100 ml,72.22,9.44,3.33,1.67
fresco cappuccino,100 g,11000,2200,200,100
coffe candy,100 g,333.33,66.67,0,0
green coffee blend,100 g,450,75,12.5,0
robusta gold,100 g,450,70,10,10
coffee candy white coffee,100 g,333.33,66.67,0,0
less sugar,100 g,428.57,66.67,21.43,4.76
creamy blend,100 g,454.55,77.27,18.18,0
mighty celery,100 g,18,3.6,0,1.2
protein mix coffee,100 g,363.64,51.52,1.52,36.36
original blend,100 g,250,50,0,0
signature original black coffee botol,100 ml,50,9.5,1,0.5
french vanilla,100 ml,50,10,1.39,0.56
vanilla sweet cream cold brew grande,100 g,18.64,2.37,1.02,0.17
luwak white coffee,100 ml,130,23,2,4
caffe mocha tall,100 ml,64.97,9.04,1.69,2.82
ovalccino,100 g,440,84,8,4
flavacino black forest cappuccino,100 g,476.19,71.43,16.67,4.76
blend brew,100 g,400,80,10,0
pumpkin spice latte grande,100 ml,80.34,10.99,2.96,2.96
tora cafe iced milky latte,100 ml,50,7.78,1.94,0.56
teh manis,100 g,5500,1436,0,0
es teh,100 g,9000,2344,0,2
teh asli,100 g,0,0,0,0
teh hijau,100 g,250,0,0,0
teh,100 ml,20,5.14,0,0
es teh tawar,100 g,200,67,0,2
teh melati,100 g,0,0,0,0
teh botol kemasan kotak,100 ml,30,7.5,0,0
lu ve litee green tea ice cream,100 ml,100,20.91,1.82,0.91
taro milk tea,100 ml,79.8,14,2.4,0.4
teh pucuk harum less sugar,100 ml,18.75,5,0,0
ichi ocha teh hijau,100 g,32,8.4,0,0
garantea,100 ml,0,0.5,0,0
milk tea,100 ml,55,9.5,1.75,1
hazelnut milk tea,100 ml,48.8,7.2,2.1,0.2
nrg,100 ml,0,0,0,0
allure green tea latte,100 g,458.33,70.83,18.75,4.17
green tea jasmine,100 g,0,0,0,0
iced lemon tea,100 ml,159,39.6,0,0
teh kotak less sugar,100 ml,23.33,6.33,0,0
teh kotak,100 ml,35,8.5,0,0
teh javana gula batu,100 ml,34.29,8,0,0
honeyed chrysanthemum tea,100 g,6000,1800,0,0
nu green tea madu,100 ml,40,9.5,0,0
tesona,100 g,400,100,0,0
jasmine tea original,100 ml,60,15,0,0
teh sosro celup,100 g,0,0,0,0
lemon tea,100 g,428.57,100,0,0
ichi ocha teh melati,100 ml,30.3,7.58,0,0
frestea green,100 g,32,8,0,0
fruit tea ml,100 g,44,11.2,0,0
ichi ocha green tea honey,100 ml,36,8.8,0,0
teh pucuk harum,100 ml,29.17,7.5,0,0
jasmine tea,100 ml,35,8.5,0,0
teh oolong,100 ml,26.67,7.11,0,0
caya,100 ml,22.73,5.91,0,0
thai tea,100 ml,70,12,2,0
iced hibiscus tea lemonade,100 g,21.75,5.37,0,0
nu green tea less sugar,100 ml,20,5.2,0,0
teh bunga kekwa,100 g,44,10.8,0,0
teh rio,100 ml,36.84,8.95,0,0
teh botol botol,100 ml,20,7.71,0,0
green tea,100 ml,40,9.71,0,0
green tea honey lemon,100 ml,47.62,11.43,0,0
chocolate green tea spread,100 g,600,60,35,5
tematik instant teh tarik,100 g,416.67,83.33,6.25,4.17
liang cha,100 ml,20,4.86,0,0
tapioca tea latte ice bar,100 ml,171.88,23.44,7.81,1.56
teh gelas less sugar,100 ml,20,5,0,0
thai milk tea,100 ml,60,9.6,2,0.8
teh tarik,100 g,10000,1600,400,0
mango tea,100 ml,48,12,0,0
milk green tea,100 ml,67.74,8.06,1.94,1.29
fruit tea freeze,100 ml,34.29,8.29,0,0
tebs sparkling mix fruit,100 ml,39.39,10.3,0,0
my tea less sugar,100 ml,17.78,4,0,0
frestea lychee,100 g,32,8,0,0
slimming tea double strength,100 g,239,70,0,2
slimming tea,100 ml,213,70,0,3
iced tea peach,100 g,7000,1700,0,0
natsbee honey lemon,100 ml,40,9.6,0,0
tematik instant matcha latte,100 g,440,80,14,4
bakmi mewah goreng rasa bulgogi,100 g,400,48,18,12
honey citron tea,100 g,300,70,0,0
matcha red bean smoothie,100 ml,76.8,13.4,2.1,0.9
teh kotak melati,100 ml,35,8.5,0,0
milk tea caramel,100 g,434.78,78.26,13.04,4.35
pearl milk tea,100 ml,74.8,13.4,2.2,0.2
tebs,100 ml,40,10,0,0
yuzu tea,100 ml,40,9.71,0,0
pure matcha,100 g,375,75,0,25
rasa apel,100 ml,50,12,0,0
apple tea,100 g,9000,2300,0,0
teh hijau celup,100 g,500,100,0,0
rosella hibiscus tea,100 g,5,2,0,0
nasi tim,100,120,26,0.4,2.4
bihun goreng instan,100,381,80.3,3.9,6.1
bihun jagung mentah,100,354,87.4,0.3,0.5
jagung nasi mentah,100,357,79.5,0.5,8.8
jagung muda rebus,100,142,30.3,0.7,5
jagung kuning tepung,100,355,73.7,3.9,9.2
jagung kuning pipil rebus,100,154,28.4,3.5,3.8
jagung tepung putih,100,355,73.7,3.9,9.2
ketan putih tapai,100,172,37.5,0.5,3
maizena tepung,100,341,85,0,0.3
makaroni mentah,100,353,78.7,0.4,8.7
mi basah,100,88,14,3.3,0.6
mi kering,100,339,6.3,1.7,10
misoa,100,345,78,2.2,8.5
roti putih,100,248,50,1.2,8
amparan tatak,100,191,34,5.5,1.3
apang kukus kue,100,202,46.7,0.3,3
apem kue,100,148,33.9,0.5,2
biskuit,100,458,75.1,14.4,6.9
bakpia kue,100,272,44.1,6.7,8.7
bakwan,100,280,39,10.2,8.2
bantal,100,190,43.5,0.3,3.3
baruasa,100,417,79.3,8.2,6.5
batar daan,100,107,19.6,2.2,2.2
bika ambon,100,199,44.4,1.5,2.1
bobengka,100,225,45.2,2.6,5.3
bolu peca,100,197,35.6,4.6,3.3
brem,100,249,58,0.4,3.4
bubur tinotuan manado,100,156,15.6,0.2,2.3
cake tape,100,323,50.1,11.5,4.9
cangkuning,100,204,31.4,7.5,2.8
dodol bali,100,298,65.9,2.1,3.7
dodol galamai,100,348,76.1,3.8,0.4
dodol kedondong,100,331,63.8,7.6,1.9
dodol manado,100,373,51.9,16.5,4.3
emping beras,100,403,85.3,2.2,10.6
gemblong,100,274,55.5,5.4,1.7
gendar goreng,100,407,32,28.2,6.4
jagung gerontol,100,156,33.3,1.3,2.7
jagung titi,100,374,79.1,2.2,9.4
japilus,100,500,67.3,25.1,1.2
kakicak,100,296,36.7,15.1,3.4
kambose,100,164,32.6,2.4,3
kapusa,100,158,27.8,3.2,4.4
keddo bodong,100,290,55.2,5.7,4.6
kelepon kue,100,215,41.8,3.7,3.7
kereput,100,580,51.1,39.6,4.8
ketoprak,100,153,13,7.7,7.9
ketupat kandangan,100,109,13.4,5.2,2.2
koya,100,366,77.5,4.3,4.2
koya mirasa,100,370,82.2,1,8
koyabu,100,241,47.2,4.3,3.4
kue ali,100,440,64.5,18.5,3.8
kue bangen,100,442,74.2,14.7,3.3
kue gelang,100,448,70,16.1,5.8
kue jahe,100,425,84.6,8.8,1.6
kue kelapa,100,591,47.5,42.1,5.6
kue koa,100,340,79.3,0.4,4.8
kue ku temu,100,214,49.6,0.2,3.5
kue lumpur,100,291,44.1,11.1,3.6
kue pelita,100,141,17.6,5.5,5.3
kue putu cangkir,100,304,54.9,7,5.3
kue sus,100,221,24.8,10.2,7.5
kue thipan,100,247,49.5,4.2,2.9
laksaputu mayang,100,121,21.1,3.4,1.7
lupis ketan,100,164,34.5,2.1,1.8
manan samin,100,379,50.6,18.1,3.4
martabak india,100,153,24.3,4.2,4.5
martabak mesir,100,278,45,8.6,5.1
masekat,100,369,74.1,7,2.1
mie aceh rebus,100,113,18.1,3.2,3
mie ayam,100,102,10.5,3.9,6.2
mie bakso,100,114,16.4,3,5.3
mie celon,100,102,17.8,2.1,3
mie pangsit basah,100,105,9.4,4.9,5.9
nasi gemuk,100,192,24.4,8.8,3.8
nasi gurih,100,190,26,7.5,4.7
nasi minyak,100,207,37.1,5,3.5
nasi rames,100,155,19.1,4.2,10.3
nopia spesial,100,387,74.3,7.6,5.3
ondeonde,100,336,57.9,9.8,4
padamaran,100,171,18.8,8.9,3.9
pastel,100,307,42.4,13.3,4.5
pulut,100,216,44.4,3.1,2.6
pundut nasi,100,104,15.1,4.1,1.9
putri hijau,100,189,37.2,2.1,5.4
putri selat,100,163,23.8,6.5,2.2
putu sopa,100,215,41.1,4.1,3.3
renggi goreng,100,471,64.1,21.8,4.7
roti warna sawo matang,100,249,49.7,1.5,7.9
sarimuka,100,166,32.9,2.8,2.3
spaghetti,100,139,22.6,2.1,7.4
sunduk lawang,100,181,32.4,1.3,1.9
suwirsuwir,100,347,84.2,0.9,0.5
tipatipa,100,355,79.8,1.2,6.2
wajit camilan,100,303,63.3,2.7,6.3
widaran,100,424,80.7,10.7,1.3
wingko babat,100,355,51.4,15.1,3.2
arrowroot segar,100,102,24.1,0.2,1
batatas gembili segar,100,76,16,0.9,1.1
batatas kelapa ubi segar,100,89,21,0.1,1.1
belitung talas segar,100,145,34.2,0.4,1.2
bengkuang segar,100,59,12.8,0.2,1.4
bentul komba talas segar,100,98,20.9,0.7,1.6
gadenggadung kering,100,322,76.6,0.6,2.4
gadung ubi segar,100,100,23.5,0.3,0.9
ganyong segar,100,77,18.4,0.2,0.6
gembili ubi segar,100,131,31.3,0.2,1.1
hofaubi hutan segar,100,127,29.5,0.5,1.2
kaburan ubi segar,100,133,32.2,0.2,1
kentang segar,100,62,13.5,0.2,2.1
kentang hitam segar,100,142,33.7,0.4,0.9
keribang ubi segar,100,137,29.8,1.1,1.3
ketela pohon singkong segar,100,154,36.8,0.3,1
lepokubi rumput,100,181,39.8,1.2,2.8
sagu aren kering,100,355,85.6,1.1,0.6
sagu aren segar,100,231,56.6,0.2,0.6
sagu kasbi segar,100,230,56.5,0.2,0.6
sagu lempeng,100,347,85.2,0.3,0.9
sagu singkong kering,100,362,86.9,0.3,0.5
sente talas segar,100,353,84.7,0.2,0.7
suweg talas segar,100,74,17.2,0.1,1.4
talas bogor segar,100,108,25,0.4,1.4
talas pontianak segar,100,163,36.4,0.5,2.3
talas viqueque segar,100,115,25.9,0.5,1.8
ubi jalar kuning segar,100,119,25.1,0.4,0.5
ubi jalar manis segar,100,83,18.8,0.2,1.5
ubi jalar merah segar,100,151,35.4,0.3,1.6
ubi jalar putih segar,100,88,20.6,0.4,0.4
ubi jalar tinta kemayung,100,108,25.6,0.4,0.5
umbi uwi segar,100,120,82.3,0.5,2.8
batatas kelapa ubi bakar,100,110,23.4,1.1,1.4
batatas kelapa ubi kukus,100,92,21,0.3,1.2
batatas tali ubi rebus,100,182,42.2,0.4,2.4
belitung talas kukus,100,145,34.2,0.4,1.2
bentul talas kukus,100,71,15.4,0.3,2.3
gadung ubi kukus,100,88,20.9,0.3,0.6
ganyong rebus,100,100,23.8,0.2,0.8
ketela pohon singkong kukus,100,153,36.4,0.3,1.2
suweg talas kukus,100,93,21.9,0.1,1.5
talas bogor kukus,100,120,28.2,0.3,1.5
ubi jalar kuning kukus,100,100,23.8,0.3,0.7
ubi jalar tinta kemayung kukus,100,165,39.8,0.2,0.9
bagea kelapa asin,100,450,78.1,13.9,3.2
bagea kelapa manis,100,452,80.6,13.8,1.3
bagea kenari asin,100,529,63.6,29.1,3.2
bagea kenari manis,100,523,64.2,28.2,3.2
bagea kw,100,416,76.3,9.4,6.5
beras cerdas,100,350,82.3,1.1,2.7
beras ganyong,100,364,86.3,0.7,3.4
beras siger,100,344,28.3,0.2,1.1
biji nangkabiji salak,100,262,51.1,5.4,2.3
bubur sagu,100,167,33,4,0.2
cassavastick,100,460,17.2,18.7,0.8
ceriping getuk singkong,100,462,67.7,20.7,1.2
gatot,100,347,83.8,0.7,1.3
geblek,100,195,44.4,1.7,0.4
getuk singkong,100,204,47.4,1.4,0.5
gurandil,100,218,48.5,2.5,0.5
kabuto,100,250,35.4,2.5,2.6
kapurung,100,41,7.8,0.3,2
kecimpring singkong goreng,100,464,73,18.6,1.2
keremes,100,475,64.4,25.2,1.6
keripik gadung,100,446,76,14.5,2.8
keripik kentang,100,448,67.1,18.8,2.7
keripik singkong,100,478,72,20.7,0.9
keripik singkong berbumbu,100,481,73.6,19.7,2.2
keripik ubi,100,486,67.6,23.9,0.2
kerupuk cumi goreng,100,444,71.3,14.6,6.9
kerupuk kemplang ikan mentah,100,325,78.5,0.4,1.8
kerupuk kemplang goreng,100,504,57.1,28.1,5.6
kerupuk mie kuning goreng,100,476,71.3,21.1,0.1
kue bangket,100,338,80.3,1.2,1.5
kue putu singkong,100,217,53.2,0.5,1.2
mi golosor,100,71,15.9,0.8,0.2
mie bendo,100,353,88,0,0.3
ongolongol sagu,100,111,21.2,2.7,0.3
oyek,100,351,84.9,0.9,0.9
papeda,100,61,14.9,0.1,0.2
rasbi beras ubi,100,394,76.6,8.8,2.2
rasi beras singkong,100,350,85.7,0.4,0.9
sagu forno,100,291,63.4,4,0.5
sagu lemak kue sagon,100,452,76.8,14.8,2.8
sagu manis,100,287,62.4,3.9,0.5
sagu rendang,100,364,90.5,0.2,0.1
sagu sinole,100,354,68.9,8.3,0.8
serimping talas kebumen,100,478,69.2,21.2,2.5
tapai singkong,100,169,40.2,0.3,1.4
tiwul,100,353,83.4,1.1,2.4
tiwul instan,100,395,76.5,8.5,3.2
ubi cilembu,100,186,44.3,0.2,1.9
uli batatas,100,150,27.4,4,1.1
batagor batagor,100,165.7,16.7,8.5,5.9
kenari banda kering,100,616,13.7,56.2,13.9
kenari kering,100,657,13,66,15
komak polong segar,100,99,21.2,0.1,3.3
koro andong kering,100,356,61.6,4.1,20.5
koro benguk biji kering,100,332,55,3,24
koro kerupuk biji segar,100,125,22.1,0.7,8.3
koro loke biji segar,100,33,7.9,0.2,2.7
koro roay kering,100,344,69.4,2.1,12.5
koro wedus biji kering,100,338,61,1.5,22.2
lamtoro biji muda segar,100,85,15.4,0.3,5.7
lamtoro biji tua segar,100,148,26.2,0.5,10.6
lamtoro var gung tanpa kulit,100,367,32.5,5.4,46.4
lamtoro var lokal dengan kulit,100,336,59.7,1.2,23.8
nangka biji segar,100,165,36.7,0.1,4.2
saga merah terkupas mentah,100,449,31.9,25.5,30.6
kacang belimbing rebus,100,204,17.5,8.8,16.9
kacang bogor goreng,100,479,58.9,23.2,12.7
kacang bogor rebus,100,161,27.1,2.8,7.7
kacang gude rebus,100,147,27.5,0.5,9
kacang hijau rebus,100,109,18.3,0.5,8.7
kacang kedelai goreng,100,521,22.9,37.7,32.2
kacang kedelai rebus,100,189,12.7,8.2,20.2
kacang merah kering rebus,100,158,28.2,0.9,10.3
kacang merah segar rebus,100,144,24.7,1,10
kacang metebiji jambu monyet goreng,100,629,19.8,56.3,20.4
kacang tanah rebus dg kulit,100,360,12.8,31.2,13.5
kacang tanah goreng,100,564,25.5,44.4,25.5
kacang tanah rebus,100,220,8,18,10.6
kacang tolo rebus,100,138,22.6,1.1,10.7
ampas kacang hijau,100,96,19.1,0.6,3.7
ampas tahu mentah,100,67,8.1,2.1,5
ampas tahu kukus,100,75,10.7,2.1,4.1
ampas tahu kering,100,414,41.3,18.3,26.6
pepea oncom ampas tahu,100,76,10.6,1.8,5.2
bungkil biji karet,100,333,50,3.3,29.3
bungkil kacang tanah,100,336,30.5,13,37.4
bungkil kelapa,100,368,40,15,23
dodol banjarmasin,100,368,70,8.6,2.6
emping kerupuk melinjo,100,345,71.5,1.5,12
emping komak,100,355,60.7,4.6,17.8
entingenting gepuk hello kity,100,538,52.6,30.3,13.6
entingenting gepuk kacang tanah,100,524,52,29.2,13.3
entingenting wijen,100,565,36.8,38.4,18.2
geplak,100,350,53.6,14.4,1.4
geplak jahe,100,462,57.7,24.4,3.1
kacang goyang,100,516,44.4,31.1,14.7
kacang negara,100,480,58.5,19.1,18.4
kacang sukro,100,484,57.7,26.1,8.8
kacang tanah sari,100,561,26,43.8,25.5
keju kacang tanah peanut butter,100,590,20.9,49,27
kembang tahu rebus,100,90,4.7,4,10.7
keripik oncom,100,598,42.6,43.8,8.3
keripik tempe abadi besar,100,556,39.8,37.1,15.8
keripik tempe abadi murni,100,542,11.6,42.4,40.3
keripik tempe abadi sedang,100,510,52.4,27.9,12.3
keripik tempe abadi telur,100,529,40.2,31.7,20.8
kerupik tempe abadi prima,100,540,42,33.9,16.7
kwaci,100,515,13.8,42.1,30.6
melinjo emping tebal goreng manis,100,439,65.7,16.4,10
melinjo emping tebal goreng asin,100,431,63,16.2,11.1
melinjo emping tipis goreng,100,485,59.1,24.5,11.5
moon tahu,100,128,1.3,10,8
oncom,100,187,22.6,6,13
oncom ampas kacang hijau,100,376,65.7,6,14.9
oncom kacang hijau singkong,100,351,65.9,5.3,11
oncom kacang tanah pepes,100,132,13.7,3.8,12.7
rempeyek kacang tanah,100,513,44.3,32.5,17.5
rempeyek kacang tolo,100,451,59.7,20.2,11.2
rempeyek kacang uci,100,497,50.8,27.6,17
sayur lebui,100,64,12.5,0.6,2.1
saridele bubuk,100,344,43,20,30
tahu mentah,100,80,0.8,4.7,10.9
tahu goreng,100,115,2.5,8.5,9.7
tahu telur,100,328,24.6,19.9,12.6
takwa,100,148,4,8.5,13.8
tauco,100,184,22.2,5.5,11.4
tauco cap beruang cake,100,347,67.6,5.2,7.4
tauco cap das cake,100,358,70.4,4.3,7.5
tauco cap meong,100,159,21.3,4.9,7.4
tauji cap singa,100,277,49.6,4.7,9.1
tempe bongkrek,100,119,18.3,3.5,4.4
tempe gembus pg,100,73,10.3,1.3,5.7
tempe gembus yogya,100,76,10.6,0.7,6.8
tempe kacang babi,100,139,21.9,0.8,12.5
tempe kacang belimbing,100,212,12.9,10,17.5
tempe kedelai jagung,100,143,11.4,5.5,12
tempe kedelai murni goreng,100,350,10.4,26.6,24.5
tempe kedelai murni mentah,100,201,13.5,8.8,20.8
tempe koro benguk,100,141,23.2,1.3,10.2
tempe lamtoro,100,128,21.3,0.5,10.7
tempe lamtoro var gung dengan kulit,100,146,19.6,2.3,11.7
tempe lamtoro var gung tanpa kulit,100,131,13,0.8,18
tempe pasar,100,150,9.1,7.7,14
tempe pasar goreng,100,336,7.8,28,20
tepung hunkwe pati kacang ijo,100,364,83.5,1,4.5
tepung jalejo,100,388,61.2,7.5,19
tepung kacang kedelai,100,347,29.9,20.6,35.9
bayam kukus,100,30,5.8,0.7,1.3
bayam rebus,100,23,3.7,0.6,1.2
buncis rebus,100,30,6.4,0.2,2.2
daun kacang panjang kukus,100,40,8,0.3,3.7
daun katuk rebus,100,53,9.1,0.9,5.3
daun kelor rebus,100,61,10,0.9,6.1
daun mengkudu kukus,100,63,11.5,1.5,3.8
daun singkong rebus,100,31,4.8,0.6,3.7
daun talas rebus,100,27,5.9,0.2,1.3
daun ubi merah kukus,100,56,13,0.3,3.1
kacang panjang kukus,100,39,7.6,0.6,3
kacang panjang rebus,100,30,5.8,0.4,2.3
kangkung kukus,100,30,4.7,0.7,3.2
kangkung rebus,100,22,3.1,0.6,2.5
paria putih kukus,100,16,3.4,0.2,0.8
selada rebus,100,19,2.9,0.2,2.7
taoge goreng,100,88,14,2.1,3.2
taoge seduh,100,28,4,0.8,3
terung panjang kukus,100,23,4.9,0.1,1.8
wortel rebus,100,28,6.3,0.5,0.7
wortel kukus,100,37,8.3,0.6,1
asinan bogor sayuran,100,98,14.8,2.6,3.9
anyang sayur,100,126,10.3,7.9,3.4
ares sayur,100,113,11.2,7.2,0.9
arwan sirsir,100,277,10.7,25,2.4
beberuk,100,65,3.5,5.2,1.1
botok lamtoro,100,186,13,9.7,11.7
buntil daun talas,100,141,8,10.2,4.4
cammetutu,100,102,8.7,6,3.2
cap cai sayur,100,97,4.2,6.3,5.8
gadogado,100,137,21,3.2,6.1
gudeg sayur,100,160,16,9.2,3.3
gulai pakis,100,143,6,11.4,4
gulai pliek,100,176,3.2,14.9,7.3
kadada katembe,100,110,7.1,6.9,4.5
kaparende sayur,100,38,2.6,2,2.4
karedok sayur,100,92,14.1,3.3,2.2
kotiu hinela tawang nggole,100,46,6,1.5,2.2
lema rebung asam,100,15,1.9,0.4,1
lilin bungkus gedi,100,79,5.8,5.2,2.3
olaholah,100,9,7.1,6,2.1
paku hinela wulelenggapaya,100,77,5.4,4.6,3.5
pelecing kangkung,100,75,10,2.8,2.5
purundawa,100,25,3.6,0.5,1.5
rujak cingur,100,153,8,8.4,11.3
sayur asem,100,29,5,0.6,0.7
sayur bunga pepaya,100,49,9.8,0.3,1.7
sayur garu,100,178,10.6,13.9,2.6
sayur kohukohu,100,133,11.2,6.6,7.3
sayur lilinterubuk,100,36,4.8,0.7,2.7
sayur ndusuk,100,49,3.6,2.5,3.1
sayur sop,100,27,1,2,1.3
sayur umbut rotan,100,57,3.1,2.6,5.4
shabushabu,100,88,0.8,8,3.2
semur jengkol,100,212,29.1,10,6
tinira ninahu nggaluku,100,33,4.1,1.3,1.2
tumis bayam bersantan,100,48,2.6,4.2,1.4
waluh balamak,100,45,8.1,0.9,0.8
woku ubi,100,143,15,7.8,3.1
alpukat segar,100,85,7.7,6.5,0.9
anggur hutan segar,100,30,6.8,0.2,0.5
apel malang segar,100,57,12.8,0.4,0.5
apel segar,100,58,14.9,0.4,0.3
arbai segar,100,37,8.3,0.5,0.8
belimbing segar,100,31,6.7,0.4,1
biwah segar,100,51,12.1,0.1,0.3
buah atung segar,100,23,5.2,0.2,0.8
buah kelenting segar,100,110,21.4,2.1,1.4
buah kom segar,100,264,59.6,1.1,4
buah mentega bisbul segar,100,39,9.7,0.2,0.7
buah naga merah segar,100,71,9.1,3.1,1.7
buah naga putih segar,100,56,10.9,1,0.8
buah negri segar,100,55,12.2,0.1,1.2
buah nona segar,100,101,25.2,0.6,1.7
buah rotan segar,100,78,18.2,0.3,0.6
buah rukam segar,100,113,26.8,0.3,0.8
buah ruruhi segar,100,29,3.6,0.7,2.1
buah tuppa segar,100,67,15.9,0.2,0.4
carica papaya segar,100,24,3.7,0.2,1.9
cempedak segar,100,116,28.6,0.4,3
duku segar,100,63,16.1,0.2,1
durian segar,100,134,28,3,2.5
duwet segar,100,80,18.2,0.6,0.5
embacang segar,100,98,25.4,0.2,1.4
encung asam segar,100,122,17.5,4.5,3.5
erbis segar,100,70,18.9,0,0.6
gandaria masak,100,68,18,0.1,0.7
gatep segar,100,191,39.7,1.5,4.5
jambu air segar,100,46,11.8,0.2,0.6
jambu bj putih tdk brbj,100,61,15.4,0.3,0.9
jambu bol segar,100,49,9.6,0.2,2.3
jambu monyet segar,100,64,15.8,0.6,0.7
jeruk bali segar,100,48,12.4,0.2,0.6
jeruk banjar segar,100,61,14.1,0.2,0.8
jeruk garutkeprok,100,44,10.9,0.3,0.8
jeruk kalamansi segar,100,39,8.9,0.3,0.3
jeruk manis segar,100,45,11.2,0.2,0.9
jeruk nipis segar,100,44,10,0.2,0.5
jeruk ragi segar,100,49,11.1,0.2,0.7
kawista segar,100,120,20.8,2.5,3.5
kedondong masak segar,100,46,10.3,0.1,1
kedondong segar,100,47,10.4,0.2,0.5
kelapa hutan kering,100,623,36.5,52.1,2
kelapa muda daging segar,100,68,14,0.9,1
kemang segar,100,48,11.9,0.2,1
kesemek segar,100,78,20,0.4,0.8
kokosan segar,100,86,13,0.2,1.6
kranji segar,100,315,73.5,1.4,2.1
langsat segar,100,56,14.3,0.2,0.9
lemon segar,100,34,6.2,0.8,0.5
lontar segar,100,27,6,0.2,0.4
mangga segar,100,52,12.3,0,0.7
mangga benggala segar,100,63,12.4,0.4,2.4
mangga gedung segar,100,44,11.2,0.2,0.7
mangga golek segar,100,63,16.7,0.2,0.5
mangga harumanis segar,100,46,11.9,0.2,0.4
mangga indramayu segar,100,72,18.7,0.2,0.8
mangga kopek segar,100,56,14.6,0.2,0.4
mangga kwini segar,100,86,19.8,0.5,0.7
mangga manalagi segar,100,133,32.1,0.1,1
mangga muda segar,100,59,15.1,0.4,0.5
manggis segar,100,63,15.6,0.6,0.6
markisa segar,100,144,29.8,1.2,3.5
matoa segar,100,90,21.1,0.1,1.2
melon segar,100,37,7.8,0.4,0.6
menteng segar,100,65,16.1,0.3,1.7
nanas palembang segar,100,58,13.3,0.2,0.7
nanas segar,100,40,9.9,0.3,0.6
nangka masak pohon segar,100,106,27.6,0.3,1.2
pala daging segar,100,42,10.9,0.2,0.3
pepaya segar papaya fresh,100,46,12.2,0.1,0.5
pisang ambon segar,100,108,24.3,0.8,1
pisang angleng pisang ampyang segar,100,68,17.2,0.2,1.3
pisang ayam segar,100,120,26.8,0.2,1.1
pisang gapi segar,100,131,31.1,0.1,1.6
pisang goroho segar,100,119,27.9,0.2,1.5
pisang hijau segar,100,121,28.9,0.1,1
pisang kayu segar,100,100,23.6,0.5,1.4
pisang kepok segar,100,109,26.3,0.5,0.8
pisang ketip segar,100,145,34.5,0.3,1.1
pisang kidang segar,100,96,22.5,0.2,1
pisang lampung segar,100,99,25.6,0.2,1.3
pisang mas bali ampenan segar,100,92,21,0.2,1.4
pisang mas bali kopang segar,100,127,31.8,0.2,1.4
pisang mas segar,100,127,33.6,0.2,1.4
pisang raja sereh segar,100,108,28.2,0.3,1.3
pisang raja segar,100,120,31.8,0.2,1.2
pisang ua segar,100,128,30.2,0.5,0.8
pisang uli segar,100,134,35.5,0.5,1.1
purut segar,100,76,15.2,1.1,4.1
rambutan binjai segar,100,76,18,0.2,0.5
rambutan segar,100,69,18.1,0.1,0.9
salak bali segar,100,57,13.6,0.1,0.5
salak medan segar,100,55,12.8,0.2,0.4
salak pondoh segar,100,87,20.1,0.4,0.8
sawo duren segar,100,64,8,3.1,1
sawo kecik segar,100,111,21.6,2.3,0.9
sawo manila segar,100,92,22.4,1.1,0.5
semangka segar,100,28,6.9,0.2,0.5
sirsak segar,100,65,16.3,0.3,1
sowa segar,100,48,9.1,0.6,1.6
srikaya segar,100,63,13.9,0.5,1.1
sukun muda segar,100,119,28.1,0.2,1.4
sukun tua segar,100,126,24.5,0.2,1.6
vigus segar,100,44,8.3,0.1,2.4
wani segar,100,74,17.1,0.3,0.8
keripik lampung,100,485,69.7,22.2,1.7
ledre pisang,100,405,84.9,5.1,4.8
lempog durian,100,320,63.7,5.7,3.5
loka anjoro,100,163,30,4.3,1.1
ricarica taipa,100,49,10,0.3,1.6
rujak aceh,100,82,19.7,0.3,0.4
sale kesemek,100,296,71.4,0.6,1.1
sale pisang siam,100,281,66.1,0.7,2.4
sale pisang cilacap,100,295,66.9,2.1,2.3
tepung pisang,100,338,80.6,0.4,2.9
tepung sukun,100,353,84.4,0.5,2.9
ayam ampela goreng,100,270,9.9,11.2,32.3
ayam usus goreng,100,473,13.9,26.3,45.2
bebek daging goreng,100,300,4.5,20.7,24
buaya daging dendeng mentah,100,365,30.8,4.8,49.6
ham,100,384,0.3,35,16.9
itik alabio daging dendeng mentah,100,496,18.4,33.5,30.3
kerupuk urat,100,588,1.2,40.9,53.7
menjangan daging dendeng mentah,100,322,22.7,2,55.8
punai daging goreng,100,224,4.4,11.3,26.2
rusa daging dendeng mentah,100,536,0,41.5,40.5
sapi abon,100,212,59.3,10.6,18
sapi abon asli,100,358,38.6,16.1,14.6
sapi daging asap,100,182,0,6,32
sapi daging dendeng mentah,100,301,0,9,55
sapi daging kornet,100,289,0,25,16
sapi daging sosis worst,100,448,2.3,42.3,14.5
sapi hati sosis liverworst,100,274,3,22,16
sapi paru dendeng mentah,100,360,19.2,6,57.3
sapi paru goreng,100,268,14.5,12.7,23.9
ulat sagu panggang,100,380,14.9,30.3,11.9
ayam goreng church texas dada,100,338,0.4,20.6,35.2
ayam goreng churchtexas paha,100,287,1.7,15.7,31
ayam goreng church texas sayap,100,295,1.5,16,34
ayam goreng kentucky dada,100,298,0.1,16.8,34.2
ayam goreng kentucky paha,100,286,1.1,16.1,32.1
ayam goreng kentuckysayap,100,297,1.6,15.2,35.9
ayam goreng mbok berek dada,100,295,1,13.6,39.2
ayam goreng pasundan dada,100,246,0.7,9,37.9
ayam goreng pasundan paha,100,245,0.3,11.4,33.1
ayam goreng pioneer dada,100,295,0.6,14.7,37.4
ayam goreng sukabumi dada,100,244,1,9.2,36.7
ayam goreng sukabumi paha,100,283,0.5,14.3,35.7
ayam taliwang masakan,100,264,2.7,20.1,18.2
babi hutan masak rica masakan,100,491,0.2,16.3,24.6
beef burger,100,258,32.5,9.5,10.6
beef teriyaki masakan,100,151,22.3,3.1,8.6
beef yakiniku masakan,100,132,20.7,1.1,9.8
brongkos,100,141,12.6,3.3,15.3
bulgogi masakan,100,72,1.4,4.9,11.4
chicken teriyaki masakan,100,168,7.5,9.6,13
chikiniku masakan,100,143,22.8,1.4,9.8
coto mangkasara kuda masakan,100,96,3.8,5.9,6.8
coto mangkasara sapi masakan,100,84,1.4,6,6
djibokum masakan,100,248,40.9,2.3,10
empal daging goreng masakan,100,248,10.1,6.9,36.2
gulai kambing,100,126,6.2,9.4,4.2
jangang bintatoeng masakan,100,107,16.5,2.2,5.3
kalio ayam masakan,100,203,4.4,13.5,16
kalio jeroan masakan,100,163,4.1,9,16.5
kalio kikil tunjang masakan,100,122,3.9,5.7,13.8
kalio otak masakan,100,157,11.4,8.8,8.1
lawar babi masakan,100,174,3,10,17
lawar penyu masakan,100,141,7.6,1.5,23
lawara jangang masakan,100,159,10.1,10.9,5
naan maran sapi masakan,100,478,5.1,33.9,38.3
nasu likku masakan,100,196,15.9,8.3,14.5
oramu ninahu ndawa olaho masakan,100,117,4.3,5,13.7
paniki masak santan masakan,100,460,7.2,35.2,28.5
pelolah manuk masakan,100,219,4.4,13.6,19.7
rawon masakan,100,60,4,2.5,5.4
rendang sapi masakan,100,193,7.8,7.9,22.6
rw anjing masakan,100,198,0.9,10.7,24.6
sate penyu masakan,100,179,13.3,3.5,22.5
sate pusut masakan,100,274,13.6,18.6,12.9
penyu serapah masakan,100,174,2.2,12.2,13.1
sie reuboh masakan,100,474,11.7,42.5,11.2
sop buntut masakan,100,71,2.2,3.6,7.5
sop daging sapi masakan,100,49,5.3,0.5,5.8
sop kaki sapi masakan,100,68,3.7,1.9,9
sop kambing masakan,100,34,1.1,0.8,5.5
sop konro masakan,100,71,4.5,2.6,7.4
sop saudara masakan,100,89,3.9,5,7.2
soto bandung masakan,100,42,2.8,1.7,3.9
soto banjar masakan,100,110,3.2,9.5,2.9
soto betawi masakan,100,135,11.5,8.8,2.5
soto jeroan masakan,100,92,1.4,4.3,11.8
soto kudus masakan,100,38,1.8,2.3,2.6
soto madura masakan,100,60,1.3,4.5,3.5
soto padang masakan,100,127,11,6.6,5.9
soto pekalongan masakan,100,94,5.1,6.8,3
soto pemalang masakan,100,75,3.5,5.2,3.6
soto sukaraja masakan,100,80,9,3.5,3.2
soto sulung masakan,100,86,0,8.5,2.3
sukiyaki masakan,100,75,12.2,0.4,5.6
tedong pallu basa masakan,100,83,2.8,3.4,10.4
tikus rica masakan,100,257,3.8,18.5,18.8
tinoransa masakan,100,516,0,49.5,17.7
belut segar,100,70,1,0.8,14.6
belutlaut segar,100,93,6.1,1.5,12.8
cumicumi segar,100,75,0.1,0.7,16.1
ikan bader segar,100,193,0,13,19
ikan balong segar,100,107,1.5,3.9,16.5
ikan bambangan segar,100,112,3.7,1.3,20
ikan bandeng segar,100,123,0,4.8,20
ikan banjar segar,100,111,4.8,0.9,19.4
ikan baronang segar,100,78,3.7,0.6,14.5
ikan batung segar,100,115,4.2,4.6,14.5
ikan baung segar,100,123,3.3,5.5,15.1
ikan bawal segar,100,91,0,1.7,19
ikan belida segar,100,80,2.2,1.4,14.7
ikan beunteur segar,100,109,0,4,17
ikan biawan segar,100,90,2.1,2.5,14.9
ikan bili segar,100,88,6.2,0.7,14.2
ikan bubara segar,100,100,4.9,2.4,14.7
ikan bulanbulan segar,100,134,5,1.3,25.5
ikan cakalang segar,100,107,5.5,0.7,19.6
ikan cakalang hati segar,100,120,10,3.9,11.3
ikan cakalang jantung segar,100,116,10.2,1.2,11.2
ikan cakalang perut segar,100,86,8.7,1.1,10.2
ikan daun segar,100,101,4.6,4.1,11.5
ikan ekor kuning segar,100,108,2.1,1.2,22.3
ikan gabus segar,100,80,2.6,0.5,16.2
ikan heu segar,100,81,6.6,1.6,10
ikan hitam segar,100,101,6.7,3.7,10.3
ikan hiu segar,100,57,2.2,0.3,10.7
ikan kacangan segar,100,77,1.6,0.9,15.6
ikan kakap segar,100,92,0,0.7,20
ikan kakatua segar,100,82,6.4,1.2,11.4
ikan kalaban segar,100,77,1.3,0.7,16.4
ikan kamera kakap merah segar,100,86,0,0.8,19.7
ikan kapar segar,100,132,0.8,6.7,17
ikan kawalinya segar,100,110,5.4,4.2,12.6
ikan kerukeru segar,100,93,0.8,2.1,16.5
ikan kima segar,100,70,5.2,0.7,10.8
ikan lais segar,100,161,2.4,11.5,11.9
ikan layang segar,100,109,0,1.7,22
ikan layur segar,100,144,0.4,1,18
ikan lehoma segar,100,90,0,0.9,20.4
ikan lemuru segar,100,112,0,3,20
ikan lidah segar,100,104,2,3.2,15.6
ikan malalugis segar,100,99,0.9,1.4,20.6
ikan mamar merah segar,100,115,4.4,4,15.3
ikan mas segar,100,86,0,2,16
ikan mayong segar,100,97,0.4,2,17.9
ikan mujahir segar,100,89,0,1,18.7
ikan nasu metti segar,100,154,10.5,5,16.8
ikan paling segar,100,303,0,27,14
ikan papuyu betok segar,100,120,4.6,4.9,14.3
ikan patin segar,100,132,1.1,6.6,17
ikan pomo segar,100,147,2.6,5.2,22.5
ikan puntin segar,100,76,2.2,1.1,14.4
ikan saluang segar,100,113,3.4,4.9,13.9
ikan sarden segar,100,109,3.4,1.8,19.9
ikan selar segar,100,100,0,2.2,18.8
ikan sepat segar,100,84,4.7,0.6,15.2
ikan sidat segar,100,81,3.8,1.9,11.4
ikan sunu segar,100,111,6.7,3.4,13.3
ikan tahuman segar,100,88,4.1,0.9,15.9
ikan tarmon segar,100,96,2,1.1,19.5
ikan telan segar,100,95,6.5,0.7,15.8
ikan tembang segar,100,204,0,15,16
ikan tempahas segar,100,101,1,4.1,15.1
ikan terbang segar,100,98,1,1.7,19.6
ikan teri segar,100,74,4.1,1.4,10.3
ikan titang segar,100,82,2.3,0.4,17.4
ikan tongkol segar,100,100,8,1.5,13.7
ikan turi segar,100,96,0.2,2,19.2
keong segar,100,64,2,1,12
kepiting segar,100,151,14.1,3.8,13.8
kerang segar,100,101,3.9,2.6,14.4
kodok segar,100,73,0,0.3,16.4
kurakura segar,100,83,0,0.2,19.1
kuro segar,100,87,1,2.2,16
lokan segar,100,217,5.1,1.7,11
rajungan segar,100,76,2.4,2,12.1
rebon udang kecil segar,100,81,0.7,1.2,16.2
rusip,100,110,11.7,2,11.5
udang galah segar,100,81,3,0.3,16.5
udang besar segar,100,56,1.2,0.6,11.4
udang segar,100,91,0.1,0.2,21
ikan gurame segar,100,127,0,5.6,18
ikan nila,100,128,0.18,0.18,16.79
seafood lobster mentah segar,100,112,2.43,1.51,20.6
bekicot dendeng mentah,100,441,15.8,20.3,48.7
cumicumi goreng,100,265,0,10.1,40.6
ikan asin kering,100,193,0,1.5,42
ikan bandeng presto masakan,100,296,11.3,20.3,17.1
ikan baung bakar,100,144,5.2,5.8,17.8
ikan belida bakar,100,128,7.2,3,18
ikan cakalang asap mentah,100,204,1.9,5.6,34.2
ikan cakalang asin mentah,100,198,5.5,2.2,36.5
ikan calo peda mentah,100,81,3.8,1.9,11.4
ikan gabus asap mentah,100,261,21.9,2.3,38.1
ikan gabus kering,100,268,0,4,58
ikan gete goreng,100,267,0.2,19.4,23.1
ikan hiu kering,100,298,20.2,3.6,46.3
ikan katombo asin,100,162,0.3,2.8,31.7
ikan kayu kering,100,302,0.4,1.9,70.7
ikan lais bakar,100,147,5.4,6.5,17.5
ikan lomak asin mentah,100,258,18.9,2.3,40.3
ikan mas pepes,100,209,11.8,11.3,15.2
ikan mujahir goreng,100,416,0,23.9,46.9
ikan mujahir pepes,100,121,0.8,2.8,21.7
ikan mujahir dendeng mentah,100,582,37.2,15.2,68.3
ikan papuyu bakar,100,152,6.7,6.1,17.6
ikan peda banjar mentah,100,156,2,4,28
ikan pepetek mentah,100,176,2,4.4,32
ikan pindang banjar mentah,100,157,1.8,4.2,28
ikan pindang benggol mentah,100,170,0,4.2,31
ikan pindang layang mentah,100,153,0,2.8,30
ikan pindang selar mentah,100,142,0,3,27
ikan sale mentah,100,534,4.9,39.3,40.2
ikan sale lais mentah,100,415,2.9,17.6,61.3
ikan saluang kering mentah,100,284,14.6,9.9,34.1
ikan sanggang masakan,100,240,20.7,7.7,21.7
ikan selar kuning cue mentah,100,138,0,3.3,27
ikan selar kering mentah,100,194,0,3.5,38
ikan sepat kering mentah,100,289,0,14,38
ikan sunu asin mentah,100,199,7.1,3.8,34.1
ikan tepung mentah,100,316,22.4,6.5,60.1
ikan teri nasi kering mentah,100,144,0,0.6,32.5
ikan teri bubuk mentah,100,277,1.8,2.3,60
ikan teri kering mentah,100,170,0,3,33.4
ikan teri kering tawar mentah,100,331,0,4.2,68.7
ikan teri tepung mentah,100,347,19.6,6.4,48.8
kerang asap mentah,100,393,29.4,13.3,38.9
kerang dendeng mentah,100,357,25.6,10,41.1
rebon kering mentah,100,299,3.2,3.6,59.4
rebung laut mentah,100,320,63.3,4.2,7.2
sardines dalam kaleng,100,338,1,27,21.1
teripang dendeng mentah,100,462,3.5,32.4,39.1
udang kering mentah,100,278,2.2,4.1,62.6
udang papay mentah,100,273,12.5,3.8,47.8
abon haruwan,100,513,21.3,37,23.7
abon ikan,100,435,36.1,20.2,27.2
betok wadi masakan,100,145,4.1,7,16.3
bou ninahu ndamate masakan,100,79,1.1,1,6.3
bouiki ninahu nggaluku masakan,100,94,10.8,2.2,7.8
cakalang asar asap,100,155,10.2,3.8,20.1
dendeng belut goreng masakan,100,382,8,14.1,55.7
dendeng mujahir goreng masakan,100,598,9.2,26.9,74.3
fillet ofish,100,270,19.3,15.9,12.3
gete kuah asam masakan,100,75,6,2,8.2
gulai asam keueung masakan,100,52,1.8,0.5,10
gulai ikan paya masakan,100,148,5,9.8,10
gulai ikan masakan,100,106,2.5,3.3,16.5
gulai keumamah masakan,100,110,3.2,8.2,5.9
gulai tiram masakan,100,132,7.8,7.2,9
gurame asem manis masakan,100,192,12.7,10.1,12.7
ikan asar merah masakan,100,146,5.6,5.9,17.7
jambal goreng masakan,100,286,2.3,9.2,48.5
jukku pallu kaloa masakan,100,15,8.8,4.3,15.2
kaholeo masakan,100,413,29.8,19.8,28.7
lawara penjah,100,207,9.6,15.4,7.4
model masakan,100,79,8.6,4,2.2
mujahir acar kuning masakan,100,330,12.1,23.4,17.8
parede baleh masakan,100,87,5.5,2.5,10.5
pempek adaan masakan,100,162,27.8,3,4.9
pempek belida masakan,100,156,31.6,1.4,4.2
pempek kapal selam masakan,100,152,28.2,2.3,4.5
pempek kelesan masakan,100,211,26.6,6.1,12.3
pempek kulit masakan,100,243,39.1,7.3,5.2
pempek telur masakan,100,156,28.3,2.7,4.7
pempek tenggiri masakan,100,173,33.4,1.2,7.2
pencok lele masakan,100,372,3.5,36.3,7.8
pinda,100,107,0.4,0.6,15.9
pindang kenari masakan,100,124,0,9.6,9.5
saboko gurita masakan,100,87,2.6,1.5,15.7
saboko saltan masakan,100,113,3,3.6,17.1
saboko sardin masakan,100,110,4.9,4.3,12.9
sate bandeng,100,283,20.9,16.8,12.1
sepi masakan,100,88,10.6,1.6,7.9
tekwan masakan,100,53,9.4,0.9,1.9
teri belado masakan,100,365,17.5,22.3,23.7
tumis bandeng masakan,100,189,0.6,15.7,11.3
tumis keumamah,100,300,15.5,20,14.5
telur ayam kampung segar,100,174,1.2,14,10.8
telur ayam ras segar,100,154,0.7,10.8,12.4
telur ayam ras bagian kuning segar,100,355,0.7,31.9,16.3
telur ayam ras bagian putih segar,100,50,0.8,0,10.8
telur bebek alabio segar,100,187,3,14.2,11.8
telur bebek bagian kuning segar,100,386,0.8,35,17
telur bebek bagian putih segar,100,54,0.8,0,11
telur bebek tambak segar,100,187,7.9,12.4,10.9
telur burung maleo segar,100,436,0.4,36.3,26.5
telur penyu segar,100,136,2.7,10.1,8.6
telur burung puyuh segar,100,116,1.6,7,10.7
telur ayam dadar masakan,100,251,1.4,19.4,16.3
telur bebek asin mentah,100,179,4.4,13.3,13.6
telur bebek dadar masakan,100,301,0,23.7,20
ikan telur asin mentah,100,358,9.4,26.4,20.7
bayau mi balu masakan,100,313,44.8,12.2,6
cucuru bayau masakan,100,349,38.3,18.7,6.8
kalio telur masakan,100,193,9.7,12.4,10.6
kepala susu krim segar,100,204,4,20,2.6
susu ibu asi,100,62,7,3.2,1.5
susu kambing segar,100,64,6.6,2.3,4.3
susu kerbau segar,100,160,7.1,12,6.3
susu kuda segar,100,40,5.4,1.1,2
susu sapi segar,100,61,4.3,3.5,3.2
es krim,100,210,20.6,12.5,4
hangop,100,65,3.5,1,10
keju,100,326,13.1,20.3,22.8
kwark quark,100,242,3,17,19
susu asam untuk bayi bubuk,100,418,65.5,9,19
susu kental tak manis,100,138,9.9,7.9,7
susu skim segar,100,36,5.1,0.1,3.5
yoghurt segar,100,52,4,2.5,3.3
kelapa setengah tua daging segar,100,180,10,15,4
kelapa tua daging segar,100,359,14,34.7,3.4
lemak babi lard,100,902,0,100,0
lemak babi bacon,100,626,1.1,65,9.1
lemak ikan,100,372,14.4,29.4,12
lemak kerbau lemak sapi,100,818,0,90,1.5
minyak hiu hati,100,902,0,100,0
minyak ikan,100,902,0,100,0
minyak kacang tanah,100,902,0,100,0
minyak kedelai,100,883,0,99.9,0
minyak kelapa,100,870,0,98,1
minyak kelapa sawit,100,884,0,100,0
minyak wijen,100,881,0,99.7,0.2
margarin,100,720,0.4,81,0.6
mentega,100,742,1.4,81.6,0.5
santan dengan air,100,122,7.6,10,2
santan murni,100,324,5.6,34.3,4.2
coklat manis batang,100,527,62.7,29.8,2
coklat pahitbatang,100,615,29.2,42.6,5.5
coklat susu batang,100,565,53.6,35,9
gula kelapa,100,386,76,10,3
gula putih,100,394,94,0,0
jam selai,100,239,64.5,0.6,0.5
kopi bubuk instant,100,129,35,0.5,12.3
madu,100,294,79.5,0,0.3
markisa squash,100,217,49.6,1,2.5
markisa squash bd,100,104,23.7,0.5,1.2
sirup,100,213,55,0,0
sirup pirous,100,228,55.9,0.4,0.2
teh hijau daun kering,100,300,53.6,4.8,28.3
teh hitam daun kering,100,293,58.8,2.8,24.5
teh melati daun kering,100,299,59,3.5,24.1
asam arang coklat segar,100,130,30.9,1.1,0.5
asam arang merah segar,100,99,20.3,1.6,0.8
asan kandis kering,100,261,63.3,1.6,0.9
asam kandis segar,100,75,16.1,1.1,0.2
asam masak pohon segar,100,267,62.5,0.6,2.8
asam payak segar,100,135,32.1,0.4,0.8
bawang merah segar,100,46,9.2,0.3,1.5
bawang putih segar,100,112,23.1,0.2,4.5
boros kunci segar,100,40,7.2,0.8,1
boros laja lengkuas segar,100,26,4.7,0.3,1
cabai gembor merah segar,100,38,6.3,0.8,1.6
cabai hijau segar,100,26,5.2,0.3,0.7
cabai merah kering,100,367,61.8,6.2,15.9
cabai merah segar,100,36,7.3,0.3,1
cabai rawit segar,100,120,19.9,2.4,4.7
cengkeh kering,100,330,57.4,8.9,5.2
daun salam bubuk,100,301,49,10.9,14.2
jahe segar,100,51,10.1,1,1.5
kemiri,100,675,8,63,19
ketumbar kering,100,418,54.2,16.1,14.1
kluwek,100,310,13.5,24,10
kunyit segar,100,69,9.1,2.7,2
merica kering,100,365,64.4,6.8,11.5
pala biji kering,100,518,40.1,36.4,7.5
balichong,100,152,22.9,0.8,13.2
bekasam,100,116,6.1,4.9,11.9
bekasang,100,78,3.6,2,11.4
cuka,100,21,5,0.1,0.1
kecap,100,71,9,1.3,5.7
petis ikan,100,165,20.8,0.2,20
petis udang kering,100,345,59.3,1.4,23.8
petis udang pasta,100,220,38,0.9,15
saos tomat,100,110,24.5,0.4,2
tempoya,100,110,21.9,1.3,1.7
terasi dobo,100,191,6.6,3.6,33.1
terasi merah,100,174,5.6,3.5,30
kefir,100,52,7.34,0.92,3.59
susu kedelai chocolate,100,63,9.95,1.53,2.26
susu kedelai light chocolate,100,47,8.24,0.64,2.1
susu almond sweetened,100,38,6.59,1.04,0.42
susu almond sweetened chocolate,100,50,9.38,1.25,0.63
susu almond unsweetened,100,15,0.58,1.1,0.59
susu almond unsweetened chocolate,100,21,1.25,1.46,0.83
yogurt greek plain,100,73,3.94,1.92,9.95
yogurt greek whole milk plain,100,97,3.98,5,9
yogurt greek low fat milk plain,100,73,3.94,1.92,9.95
yogurt greek nonfat milk plain,100,59,3.6,0.39,10.19
yogurt greek fruit,100,103,11.89,2.57,8.17
yogurt greek whole milk fruit,100,106,12.29,3,7.33
yogurt greek low fat milk fruit,100,103,11.89,2.57,8.17
yogurt greek nonfat milk fruit,100,82,12.07,0.15,8.05
yogurt greek flavors other than fruit,100,95,9.54,2.5,8.64
yogurt greek whole milk flavors other than fruit,100,111,9.35,4.44,8.47
yogurt greek low fat milk flavors other than fruit,100,95,9.54,2.5,8.64
yogurt greek nonfat milk flavors other than fruit,100,78,10.37,0.18,8.64
yogurt greek with oats,100,154,23.81,3.14,8.65
cream light,100,191,2.82,19.1,2.96
cream half and half,100,123,4.73,10.39,3.13
cream half and half flavored,100,122,4.92,10.19,3.07
cream half and half fat free,100,59,9,1.4,2.6
cream heavy,100,340,2.74,36.08,2.84
cream whipped,100,343,8.49,33.94,2.67
keju blue or roquefort,100,353,2.34,28.74,21.4
keju brick,100,371,2.79,29.68,23.24
keju brie,100,334,0.45,27.68,20.75
keju cheddar reduced fat,100,309,4.06,20.41,27.35
keju cheddar nonfat or fat free,100,157,7.14,0,32.14
keju colby,100,394,2.57,32.11,23.76
keju colby jack,100,384,1.62,31.2,24.12
keju fontina,100,389,1.55,31.14,25.6
keju susu kambing,100,360,0.76,28.85,23.52
keju gouda or edam,100,357,1.67,27.69,24.98
keju gruyere,100,413,0.36,32.34,29.81
keju limburger,100,327,0.49,27.25,20.05
keju monterey,100,373,0.68,30.28,24.48
keju monterey reduced fat,100,313,0.7,21.6,28.2
keju mozzarella,100,295,5.58,19.78,23.75
keju mozzarella whole milk,100,300,2.19,22.35,22.17
keju mozzarella part skim,100,295,5.58,19.78,23.75
keju mozzarella reduced sodium,100,280,3.1,17.1,27.5
keju mozzarella nonfat or fat free,100,141,3.5,0,31.7
keju muenster,100,368,1.12,30.04,23.41
keju muenster reduced fat,100,271,3.5,17.6,24.7
keju parmesan dry grated,100,420,13.91,27.84,28.42
keju parmesan dry grated reduced fat,100,395,26.96,16.42,34.21
keju parmesan hard,100,392,3.22,25.83,35.75
keju parmesan dry grated fat free,100,370,40,5,40
keju port du salut,100,356,2.22,27.44,24.94
keju provolone,100,351,2.14,26.62,25.58
keju provolone reduced fat,100,274,3.5,17.6,24.7
keju swiss,100,393,1.44,30.99,26.96
keju swiss reduced sodium,100,374,3.4,27.4,28.4
keju swiss reduced fat,100,179,3.4,5.1,28.4
keju swiss nonfat or fat free,100,127,3.4,0,28.4
keju cheddar reduced sodium,100,398,1.91,32.62,24.35
keju mexican blend,100,358,1.75,28.51,23.54
keju mexican blend reduced fat,100,282,3.41,19.4,24.69
pork bagian perut mentah,100,518,0,53,9.3
domba dimasak,100,292,0,20.77,24.32
irisan daging domba dimasak,100,313,0,22.89,24.96
domba bagian lengan atas,100,274,0,19.8,22.32
domba bagian lengan atas kurus,100,202,0,10.68,24.73
domba bagian iga dimasak,100,233,0,12.84,27.51
domba bagian iga dimasak kurus,100,358,0,29.34,21.95
domba panggang,100,265,0,18.07,23.83
domba panggang kurus,100,196,0,9.18,26.4
kambing boiled,100,142,0,3,26.87
kambing fried,100,153,0,4.52,26.46
kambing baked,100,142,0,3,26.87
kepala kambing dimasak,100,144,0.48,5.46,21.82
kambing bagian iga dimasak,100,142,0,3,26.87
hati sapi direbus,100,189,5.09,5.22,28.84
hati sapi digoreng,100,174,5.12,4.64,26.3
hati ayam direbus,100,166,0.86,6.46,24.26
hati ayam digoreng,100,189,6.41,8.66,19.98
jantung jeroan cooked,100,164,0.15,4.69,28.24
ginjal jeroan cooked,100,157,0,4.61,27.04
brains jeroan cooked,100,150,1.47,10.44,11.57
lidah sapi jeroan cooked,100,282,0,22.11,19.13
lidah sapi jeroan smoked cured or pickled cooked,100,277,0,21.74,18.8
babat dimasak,100,89,0,3.85,12.6
rahang babi dimasak,100,250,0,15.96,26.52
ampela sapi dimasak,100,153,0,2.66,30.14
salmon raw,100,127,0,4.4,20.5
salmon baked or broiled made with oil,100,188,0.1,9.06,25.08
salmon baked or broiled made with butter,100,183,0.1,8.48,25.08
salmon baked or broiled made with margarine,100,176,0.13,7.68,25.05
salmon baked or broiled made without fat,100,160,0.1,5.54,25.82
salmon baked or broiled made with cooking spray,100,164,0.2,5.92,25.72
salmon coated baked or broiled made with oil,100,235,12.52,10.45,21.43
salmon coated baked or broiled made with butter,100,227,12.5,9.56,21.44
salmon coated baked or broiled made with margarine,100,217,12.55,8.35,21.4
salmon coated baked or broiled made without fat,100,194,13.1,5.07,22.42
salmon coated baked or broiled made with cooking spray,100,197,13.14,5.35,22.35
salmon coated fried made with oil,100,253,9.85,14.08,20.5
salmon coated fried made with butter,100,238,9.86,12.44,20.57
salmon coated fried made with margarine,100,222,9.93,10.58,20.51
salmon coated fried made without fat,100,207,11.6,6.32,24.12
salmon coated fried made with cooking spray,100,209,11.64,6.61,24.05
salmon kukusrebus,100,160,0,5.53,25.78
salmon dried,100,397,0,13.75,64.06
salmon canned,100,137,0,5.48,20.55
salmon smoked,100,117,0,4.32,18.28
tuna fresh raw,100,109,0,0.49,24.4
tuna fresh baked or broiled fat added in cooking,100,166,0.1,4.28,29.85
tuna fresh baked or broiled fat not added in cooking,100,138,0.1,0.62,30.73
tuna fresh coated baked or broiled fat added in cooking,100,218,12.52,6.8,25.08
tuna fresh coated baked or broiled fat not added,100,177,13.1,1.25,26.22
tuna fresh coated fried,100,237,9.85,10.75,23.82
tuna fresh steamed or poached,100,137,0,0.62,30.68
tuna fresh dried,100,341,0,1.53,76.25
tuna fresh smoked,100,200,0,10.04,25.54
tuna canned oil pack,100,198,0,8.21,29.13
tuna canned water pack,100,86,0,0.96,19.44
gurita dimasak,100,222,12.16,11.63,16.3
gurita steamed kukus,100,163,4.37,2.07,29.62
gurita dried,100,311,8.34,3.94,56.52
gurita dried boiled,100,163,4.38,2.07,29.69
gurita smoked,100,164,4.4,2.08,29.82
cumicumi raw,100,92,3.08,1.38,15.58
cumicumi baked or broiled fat added in cooking,100,142,3.77,5.23,18.59
cumicumi baked or broiled fat not added in cooking,100,113,3.88,1.7,19.14
cumicumi coated baked or broiled fat added in cooking,100,198,15.01,7.44,16.42
cumicumi coated baked or broiled fat not added in cooking,100,156,15.7,2.06,17.17
cumicumi coated fried,100,231,12.94,11.93,16.89
cumicumi steamed or boiled,100,183,6.13,2.75,31.02
cumicumi dried,100,348,11.65,5.22,58.94
cumicumi pickled,100,93,2.96,1.32,14.93
cumicumi canned,100,106,3.54,1.59,17.9
oysters tiram raw,100,51,2.72,1.71,5.71
oysters tiram cooked,100,195,12.62,12.22,8.16
oysters tiram baked or broiled fat not added in cooking,100,63,3.44,2.1,7.02
oysters tiram steamed,100,102,5.42,3.4,11.37
oysters tiram coated fried,100,195,12.62,12.22,8.16
oysters tiram coated baked or broiled fat added in cooking,100,160,14.69,7.74,7.43
oysters tiram coated baked or broiled fat not added in cooking,100,117,15.36,2.38,7.77
oysters tiram canned,100,74,4.25,2.68,7.67
oysters tiram smoked,100,82,4.38,2.76,9.2
scallops kerang baked or broiled fat added in cooking,100,114,3.89,4.17,14.39
scallops kerang baked or broiled fat not added in cooking,100,85,4,0.6,14.81
scallops kerang steamed or boiled,100,137,6.33,0.98,24.01
scallops kerang coated fried,100,211,13.03,11.14,13.78
scallops kerang coated baked or broiled fat added in cooking,100,177,15.1,6.63,13.21
scallops kerang coated baked or broiled fat not added in cooking,100,134,15.8,1.22,13.82
almonds mentah,100,598,21.01,52.54,20.96
almonds unroasted,100,579,21.55,49.93,21.15
almonds salted,100,601,20.18,53.43,20.13
almonds lightly salted,100,604,20.28,53.7,20.23
almonds unsalted,100,607,20.38,53.96,20.33
almonds flavored,100,599,20.12,53.27,20.07
almonds honey roasted,100,575,35.92,45.27,14.11
kacang brazil,100,659,11.74,67.1,14.32
kacang metes unroasted,100,574,32.69,46.35,15.31
kacang metes salted,100,578,31.4,47.48,14.7
kacang metes lightly salted,100,580,31.55,47.72,14.78
kacang metes unsalted,100,583,31.71,47.96,14.85
kacang metes honey roasted,100,558,43.79,41.11,10.31
kacang kastanye chestnuts,100,245,52.96,2.2,3.17
hazelnut,100,628,16.7,60.75,14.95
macadamia,100,716,12.83,76.08,7.79
peanuts raw,100,587,21.26,49.66,24.35
peanuts boiled,100,318,21.26,22.01,13.5
peanuts unroasted,100,567,16.13,49.24,25.8
peanuts roasted salted,100,599,15.26,52.5,28.03
peanuts roasted unsalted,100,599,15.26,52.5,28.03
peanuts dry roasted salted,100,587,21.26,49.66,24.35
peanuts dry roasted lightly salted,100,584,21.15,49.41,24.23
peanuts dry roasted unsalted,100,587,21.26,49.66,24.35
peanuts honey roasted,100,572,30.07,45.21,20.7
pecans salted,100,690,13.31,72.09,8.81
pecans unsalted,100,697,13.44,72.81,8.9
pecans honey roasted,100,637,31.11,58.36,6.17
kacang pinus pine nut,100,673,13.08,68.37,13.69
kacang pistachio raw,100,572,28.28,45.82,21.05
kacang pistachio salted,100,576,27.16,46.98,20.22
kacang pistachio lightly salted,100,579,27.3,47.21,20.32
kacang pistachio unsalted,100,581,27.43,47.44,20.42
walnuts honey roasted,100,612,31.01,53.8,10.25
coconut water unsweetened,100,18,4.24,0,0.22
biji labu pumpkin seeds raw,100,574,14.71,49.05,29.84
biji labu pumpkin seeds salted,100,567,14.54,48.47,29.49
biji labu pumpkin seeds unsalted,100,574,14.71,49.05,29.84
biji bunga matahari sunflower seeds plain unsalted,100,582,24.07,49.8,19.33
biji bunga matahari sunflower seeds plain salted,100,575,23.78,49.21,19.1
biji bunga matahari sunflower seeds flavored,100,567,25.93,47.54,18.45
biji bunga matahari sunflower seeds mentahraw,100,582,24.07,49.8,19.33
tahini,100,595,21.19,53.76,17
flax seeds,100,534,28.88,42.16,18.29
mixed seeds,100,580,21.73,49.61,21.96
chia seeds,100,534,28.88,42.16,18.29
garlic bread from fast food restaurant,100,349,41.64,16.58,8.34
croissant,100,406,45.8,21,8.2
croissant keju,100,414,47,20.9,9.2
croissant chocolate,100,421,49.4,22.79,7.4
croissant fruit,100,396,46.99,19.78,7.77
tortilla plain,100,262,47.01,5.42,6.95
tortilla corn,100,218,44.64,2.85,5.7
tortilla flour,100,306,49.38,7.99,8.2
tortilla whole wheat,100,310,45.89,9.76,9.76
taco shell corn,100,476,63.49,21.79,6.41
taco shell flour,100,511,53.2,29.07,8.83
burrito with meat,100,242,14.44,14.48,13.03
burrito with meat and beans,100,229,17.83,12.46,11.36
burrito with meat and beans from fast food,100,180,23.37,6.8,7.03
burrito with meat and sour cream,100,236,13.09,15.15,11.57
burrito with meat beans and sour cream,100,225,16.06,13.39,10.16
burrito with meat beans and sour cream from fast food,100,209,26.78,7.86,8.56
burrito with meat beans and rice,100,223,18.52,11.66,10.79
burrito with meat beans rice and sour cream,100,219,16.76,12.63,9.73
burrito with chicken,100,242,16.57,12.01,16.9
burrito with chicken and beans,100,228,19.06,11.2,12.93
burrito with chicken and sour cream,100,235,14.66,13.19,14.59
burrito with chicken beans and sour cream,100,224,16.98,12.38,11.42
burrito with chicken beans and rice,100,221,19.72,10.42,12.2
burrito with chicken beans rice and sour cream,100,218,17.67,11.63,10.88
burrito with beans and rice meatless,100,211,21.5,9.89,9.32
burrito with beans meatless,100,217,21.04,10.56,9.78
burrito with beans meatless from fast food,100,205,31.23,6.05,7.35
burrito with beans rice and sour cream meatless,100,210,19.41,11.06,8.47
raisins raw,100,299,79.18,0.46,3.07
raisins cooked,100,219,57.38,0.21,1.43
cherries sweet raw,100,63,16.01,0.2,1.06
juneberry raw,100,57,14.49,0.33,0.74
kiwi fruit raw,100,61,14.66,0.52,1.14
lychee raw,100,66,16.53,0.44,0.83
peach raw,100,39,9.54,0.25,0.91
pear raw,100,57,15.23,0.14,0.36
pear japanese raw,100,42,10.65,0.23,0.5
persimmon raw,100,70,18.59,0.19,0.58
plum raw,100,46,11.42,0.28,0.7
plum cooked or canned,100,89,23.24,0.1,0.36
plum cooked or canned unsweetened water pack,100,41,11.03,0.01,0.39
plum cooked or canned in heavy syrup,100,89,23.24,0.1,0.36
plum cooked or canned in light syrup,100,63,16.28,0.1,0.37
plum cooked or canned drained solids,100,89,23.12,0.14,0.44
plum cooked or canned juice pack,100,58,15.15,0.02,0.51
plum pickled,100,123,30.8,0.19,0.48
berries raw,100,32,7.68,0.3,0.67
berries frozen,100,51,12.17,0.64,0.42
blackberries raw,100,43,9.61,0.49,1.39
blueberries raw,100,57,14.49,0.33,0.74
cranberries raw,100,46,11.97,0.13,0.46
cranberries cooked or canned,100,159,40.4,0.15,0.9
dewberries raw,100,43,9.61,0.49,1.39
huckleberries raw,100,57,14.49,0.33,0.74
loganberries raw,100,55,13.02,0.31,1.52
loganberries frozen,100,55,13.02,0.31,1.52
mulberries raw,100,43,9.8,0.39,1.44
raspberries raw,100,52,11.94,0.65,1.2
raspberries black raw,100,52,11.94,0.65,1.2
raspberries red raw,100,52,11.94,0.65,1.2
strawberries raw,100,32,7.68,0.3,0.67
youngberries raw,100,43,9.61,0.49,1.39
asparagus raw,100,20,3.88,0.12,2.2
kimchi,100,15,2.4,0.5,1.1
almond oil,100,884,0,100,0
corn oil,100,900,0,100,0
cottonseed oil,100,884,0,100,0
flaxseed oil,100,884,0,99.98,0.11
olive oil,100,884,0,100,0
peanut oil,100,884,0,100,0
rapeseed oil,100,884,0,100,0
canola and soybean oil,100,884,0,100,0
canola soybean and sunflower oil,100,884,0,100,0
safflower oil,100,884,0,100,0
soybean oil,100,884,0,100,0
soybean and sunflower oil,100,884,0,100,0
sunflower oil,100,884,0,100,0
walnut oil,100,884,0,100,0
mayonnaise light,100,238,9.23,22.22,0.37
mayonnaise reduced fat with olive oil,100,361,0,40,0.37
mayonnaisetype salad dressing light,100,158,16.4,10,0.65
coffee latte,100,43,4.27,1.68,2.76
coffee latte nonfat,100,30,4.4,0.1,2.82
coffee latte with nondairy milk,100,35,5.07,1.07,1.28
mojito,100,61,2.46,0.02,0.09
whiskey sour,100,123,16.11,0.08,0.08
whiskey and soda,100,59,0,0,0
whiskey and water,100,59,0,0,0
whiskey and cola,100,89,7.8,0.19,0
whiskey and diet cola,100,60,0.22,0.02,0.08
whiskey and ginger ale,100,83,6.59,0,0
rum and cola,100,89,7.8,0.19,0
rum and diet cola,100,60,0.22,0.02,0.08
pina colada,100,151,19.5,2.13,0.36
brandy and cola,100,89,7.8,0.19,0
vodka and soda,100,59,0,0,0
vodka and lemonade,100,93,9.02,0,0
vodka and cola,100,89,7.8,0.19,0
vodka and diet cola,100,60,0.22,0.02,0.08
vodka and energy drink,100,90,7.7,0,0.35
vodka and water,100,59,0,0,0
vodka and tonic,100,84,6.57,0,0
wine table red,100,85,2.61,0,0.07
wine table white,100,82,2.6,0,0.07
wine table rose,100,83,3.8,0,0.36
wine rice,100,134,5,0,0.5
wine dessert sweet,100,160,13.69,0,0.2
wine light,100,49,1.17,0,0.07
wine cooler,100,68,10.07,0,0
whiskey,100,231,0,0,0
scotch,100,231,0,0,0
gin,100,231,0,0,0
rum,100,231,0,0,0
rum cooler,100,68,10.07,0,0
vodka,100,231,0,0,0
tequila,100,231,0,0,0
markisa,100,97,23.38,0.7,2.2
kerang clams raw,100,86,3.57,0.96,14.67
lontong rice cake,100,392,81.1,4.3,7.1
