Nama Makanan,Ukuran Porsi,Kalori (kkal),Karbohidrat (g),Lemak (g),Protein (g)
Nasi Putih,100 g,129.0,27.9,0.28,2.66
"Nasi Putih (Butir-Sedang, Dimasak)",100 g,130.0,28.59,0.21,2.38
Rice,100 g,125.82,27.97,0.14,3.19
Rice,100 g,122.54,27.75,0.0,2.89
Nasi Goreng,100 g,168.0,21.06,6.23,6.3
Nasi Merah,100 g,110.0,22.78,0.89,2.56
Nasi Padang,100 g,174.74,18.42,3.95,18.42
"Nasi Putih (Butir-Pendek, Dimasak)",100 g,130.0,28.73,0.19,2.36
Nasi,100 g,70.0,18.0,0.0,1.0
Nasi Liwet,100 g,138.0,25.94,2.72,2.74
"Nasi Putih (Butir-Panjang, Dimasak)",100 g,130.0,28.17,0.28,2.69
Nasi Jagung,100 g,150.0,26.14,3.99,2.67
Nasi Basmati,100 g,121.0,25.22,0.38,3.54
Nasi Uduk,100 g,83.0,55.0,35.0,25.0
Nasi Kebuli,100 g,159.0,20.7,6.33,4.87
Bubur Pedas,100 g,81.0,12.09,2.13,3.96
Nasi Daun Jeruk,100 g,183.0,33.83,3.55,3.16
Ketupat,100 g,160.0,30.36,2.42,3.27
Nasi Pecel,100 g,230.0,31.74,9.33,6.58
"Nasi Merah (Butir-Sedang, Dimasak)",100 g,112.0,23.51,0.83,2.32
Bubur Nasi,100 g,72.0,15.26,0.54,1.5
Nasi Ketan (Ketan),100 g,97.0,21.09,0.19,2.02
Multi Grain Mix,100 g,400.0,76.0,4.0,12.0
Nasi Goreng Cina,100 g,151.0,18.95,5.61,5.67
Nasi Tiwul,100 g,147.0,35.08,0.26,1.25
Beras Hitam,100 g,235.29,50.59,2.35,7.06
Nasi Merah,100 g,110.0,22.78,0.89,2.56
Ready Meal Chicken Popbites Sambal Matah,100 g,187.5,25.94,6.25,7.19
Iwel Iwel,100 g,226.0,40.0,6.08,3.13
Nasi Uduk Komplit,100 g,136.0,14.0,3.43,12.29
Nasi Goreng tanpa Daging,100 g,151.0,20.97,5.48,4.23
Beras Putih,100 g,361.0,79.48,0.59,6.75
Nasi Samin,100 g,207.0,36.72,5.36,4.47
Nasi Hitam,100 g,260.0,50.59,2.9,7.87
Shirataki Rice,100 g,11.76,3.53,0.0,1.18
Nasi Ayam Betutu Sambal Matah,100 g,196.0,24.0,7.6,7.6
Nasi Goreng,100 g,168.0,21.06,6.23,6.3
Brondong Ketan,100 g,380.0,86.0,1.5,6.0
Beef & Teriyaki Chicken Combo (Large),100 g,148.75,18.88,4.5,8.38
Japanese Teriyaki Bento,100 g,126.67,17.67,4.0,4.67
Nasi Ayam Woku,100 g,160.0,24.4,2.4,9.6
Ronde,100 g,308.0,68.39,0.45,5.57
Ayam Saus Padang with Nasi Lemak,100 g,464.0,47.0,12.0,42.0
Nasi Coklat,100 g,116.0,24.51,0.73,2.47
Beef Bowl (Large),100 g,170.49,21.48,6.23,7.05
Basmati Rice Spaghetti,100 g,362.5,82.32,0.54,6.79
Fukumi Mentah,100 g,350.0,80.0,0.0,7.5
Rice Vermicelli Thai Tom Yum,100 g,200.0,36.0,4.0,4.0
Beef Bowl (Regular),100 g,162.62,19.29,6.43,7.14
Hoka Hemat 3,100 g,103.25,11.75,3.75,5.0
Perencah Nasi Goreng,100 g,233.33,33.33,6.67,6.67
Kari Jepang,100 g,153.0,25.55,4.23,5.14
Beras Merah,100 g,340.0,73.0,1.0,10.0
Original Beef Bowl with Veggies,100 g,113.25,16.45,2.99,4.49
Sumpia Udang Pedas,100 g,500.0,60.0,22.5,10.0
Rice Mix BBQ,100 g,600.0,0.0,70.0,0.0
Value Set,100 g,670.0,68.5,30.2,28.2
Rasa Ayam,100 g,422.22,71.11,11.11,6.67
Bubur Sapi,100 g,24.0,2.4,0.0,3.2
Mie,100 g,137.0,25.01,2.06,4.51
"Mie Telur (Ditambah, Masak)",100 g,138.0,25.16,2.07,4.54
Mi Goreng,100 g,475.0,61.25,21.25,9.0
Rasa Ayam Bawang,100 g,434.78,62.32,15.94,10.14
Bakmi,100 g,169.0,25.06,4.88,6.34
Mee Goreng,100 g,169.0,20.6,6.16,7.83
Mie Goreng,100 g,477.78,63.33,21.11,10.0
Rasa Soto Mie,100 g,428.57,65.71,14.29,10.0
Mie Jebew,100 g,208.0,25.06,10.12,5.36
Mie Telur Urai,100 g,364.29,73.57,1.43,15.0
Mie Telur Kering,100 g,384.0,71.27,4.44,14.16
Mie Aceh,100 g,116.0,17.96,3.58,3.34
Bihun Panjang,100 g,84.0,20.66,0.01,0.04
CAP 3 Ayam,100 g,358.21,76.12,0.0,10.45
Mie Glosor,100 g,72.0,15.71,0.86,0.27
Mie Tek Tek,100 g,300.0,10.0,12.0,34.0
Kwetiau,100 g,175.0,23.76,6.37,5.05
Mi Goreng Pedas,100 g,455.7,65.82,16.46,10.13
Bihun Goreng,100 g,152.0,18.26,5.68,5.91
Mie Urai,100 g,364.29,73.57,1.43,15.0
Mie Goreng,100 g,466.67,63.33,20.0,8.33
Gekikara Ramen Rasa Pedas,100 g,458.72,66.06,16.51,10.09
Rasa Soto,100 g,418.18,70.91,10.91,9.09
Japchae,100 g,369.0,75.22,6.21,0.67
Mie Rebus,100 g,434.78,62.32,15.94,10.14
Korean Spicy Chicken,100 g,448.28,66.67,16.09,9.2
Bakmi Mewah Rasa,100 g,460.0,64.0,20.0,10.0
Mi Goreng Rasa Rendang,100 g,461.54,64.84,17.58,9.89
Mi Instan Rasa Mi Goreng,100 g,400.0,67.69,9.23,10.77
Mie Gelas Rasa Ayam Bawang,100 g,400.0,60.0,20.0,10.0
Soto Banjar,100 g,449.28,62.32,18.84,10.14
Omelet Mie,100 g,138.0,24.43,2.03,4.48
Mie Kremezz Shake & Shorr,100 g,466.67,66.67,20.0,6.67
Mie Sedaap Cup Goreng,100 g,482.35,62.35,22.35,8.24
Mi Instan Rasa Kari Ayam,100 g,410.96,73.97,6.85,10.96
Mie Sagu,100 g,190.0,46.41,0.34,0.22
Mie Lidi Coklat,100 g,444.44,71.11,13.33,11.11
Veggie Noodle Tomato,100 g,360.0,70.67,4.67,9.33
Mie,100 g,367.0,88.33,0.0,0.0
Mie Instan Cup Kari Ayam,100 g,466.67,58.33,21.67,11.67
Bihunku Seduh Rasa Kaldu Ayam,100 g,333.33,75.0,0.0,4.17
Mie Goreng Jumbo,100 g,465.12,61.24,20.16,9.3
Mi Goreng Original,100 g,120.0,24.0,3.33,0.0
Tasty Bakmi Ayam Geprek Matah,100 g,459.68,65.32,16.94,11.29
Mi Goreng Rasa Soto,100 g,470.59,62.35,21.18,9.41
Mie Instan Kuah Alami Rasa Ayam Bawang,100 g,383.33,65.0,8.33,11.67
Mie,100 g,444.44,63.89,16.67,9.72
Mi Hokkien,100 g,170.0,17.57,6.12,10.39
Kari Ayam,100 g,444.44,62.5,16.67,9.72
Mie Lethek,100 g,164.0,24.12,4.62,5.95
Samyang Cheese,100 g,414.29,67.14,12.86,8.57
Green Barley Noodle Vegetable SOUP,100 g,360.0,65.33,2.67,18.67
Organic Noodle Spinach,100 g,375.0,75.0,2.5,12.5
Mie Goreng Rasa Ayam,100 g,386.67,70.67,6.67,10.67
Fitmee Soto,100 g,65.22,10.87,2.17,0.0
Mie Instan,100 g,466.67,63.33,20.0,8.33
Mie Kering,100 g,360.0,88.0,0.0,0.0
Mie Goreng,100 g,400.0,69.23,9.23,7.69
Mi Keriting Goreng Spesial,100 g,444.44,62.22,16.67,11.11
Mi Instan Pedas Korea,100 g,367.65,69.12,6.62,8.82
Mi Goreng Rasa Mi Ayam Istimewa,100 g,420.0,62.0,16.0,7.0
Rasa Soto,100 g,453.33,61.33,18.67,12.0
Neoguri Udon,100 g,433.33,63.33,16.67,8.33
Mikuya Ramen Tori Kara Flavor,100 g,450.0,62.5,17.5,9.17
Ayam Bawang,100 g,453.33,61.33,20.0,9.33
Selera Pedas Rasa Sup Tomat Pedas,100 g,457.14,62.86,18.57,10.0
Korean Spicy Chicken Cup,100 g,469.14,62.96,20.99,9.88
Mie Selera Pedas Rasa Ayam Pedas Limau,100 g,458.82,68.24,16.47,9.41
Mie Goreng Extra Pedas,100 g,440.0,68.0,16.0,9.33
Champong,100 g,429.84,67.74,13.71,8.06
Mi Keriting Rasa Ayam Panggang,100 g,433.33,58.89,16.67,11.11
Mie Goreng Ala Chef Devina,100 g,462.37,63.44,18.28,10.75
Mie Gepeng Soup Green Chili Soto,100 g,432.84,59.7,17.91,10.45
Rasa Ayam Spesial,100 g,453.33,62.67,18.67,9.33
Ramen Keju,100 g,433.33,60.0,16.67,10.0
Tomyam Flavour,100 g,463.86,59.16,21.2,8.92
Mie Goreng Rendang,100 g,376.62,70.13,6.49,10.39
Ayam Bawang,100 g,42.25,9.86,0.0,0.0
Rasa Tengkleng,100 g,466.67,60.0,18.67,12.0
Mie Gaga 100 Extra Pedas Goreng Jalapeno,100 g,447.06,63.53,16.47,9.41
Laksa Ala Singapura,100 g,435.29,68.24,14.12,9.41
Mie Kering,100 g,368.42,77.19,0.88,10.53
Mi Instan Goreng Rasa Pedas,100 g,400.0,67.69,7.69,12.31
Japchae,100 g,308.22,58.9,6.85,2.74
Niku Udon,100 g,104.35,15.65,3.7,7.39
Curly Fried Noodle Salted Egg,100 g,480.0,53.0,25.0,11.0
Bihun Kering,100 g,364.0,83.24,0.56,3.44
Tom Yum Noodle,100 g,67.57,14.86,0.0,0.0
Mikuya Ramen Iya-Iya Flavor,100 g,466.67,58.33,21.67,9.17
Ghost Pepper Creamy Curry Lontong,100 g,440.0,64.0,16.0,8.0
Ayam Goreng,100 g,260.0,10.76,14.55,21.93
"Daging Ayam (Panggang, Bakar, Dimasak)",100 g,167.0,0.0,6.63,25.01
Dada Ayam,100 g,195.0,0.0,7.72,29.55
"Daging Dada Ayam (Ayam Pedaging, Dipanggang, Dimasak)",100 g,165.0,0.0,3.57,31.02
Dada Ayam Rebus (Kulit tidak Dimakan),100 g,150.0,0.0,3.0,28.74
Ayam Kecap,100 g,223.0,9.41,11.96,18.82
Ayam (Dilapisi Tepung Roti dan Digoreng),100 g,297.0,16.32,18.82,15.59
Ayam,100 g,237.0,0.0,13.49,27.07
Opor Ayam,100 g,163.0,5.6,8.67,16.53
Ayam Masak Merah,100 g,131.0,7.53,4.31,16.01
Ayam Rica-Rica,100 g,202.0,3.71,11.41,20.49
Dada Ayam,100 g,287.29,9.94,18.78,19.89
Dada Ayam Goreng Ada Lapisan (Kulit tidak Dimakan),100 g,184.0,0.0,4.68,33.34
Dada Ayam Goreng tanpa Pelapis (Kulit Dimakan),100 g,216.0,0.0,9.1,31.67
Dada Ayam (Kulit tidak Dimakan),100 g,164.0,0.0,3.54,30.76
Ayam Geprek,100 g,263.0,7.6,17.99,17.61
Ayam Suwir,100 g,112.0,0.0,2.07,21.86
Ayam Balado,100 g,207.0,3.0,10.0,23.0
Dada Ayam Panggang atau Goreng Dilapisi Kulit,100 g,261.0,9.48,13.27,24.47
"Daging Paha Ayam (Ayam Pedaging, Dipanggang, Dimasak)",100 g,209.0,0.0,10.88,25.94
Ayam (Kulit tidak Dimakan),100 g,188.0,0.0,7.35,28.69
Paha Ayam (Kulit tidak Dimakan),100 g,207.0,0.0,10.79,25.72
Ayam Woku,100 g,117.0,0.68,5.14,16.11
Ayam Kuning,100 g,140.0,0.0,5.0,26.0
Dada Ayam Masak,100 g,110.0,0.0,1.24,23.09
Chicken Karage,100 g,240.0,21.0,11.0,13.0
Chicken Breast Original Recipe,100 g,220.86,6.75,12.88,20.86
Daging Dada Ayam (Ayam Pedaging),100 g,110.0,0.0,1.24,23.09
Ayam Potong Berbumbu,100 g,166.67,12.67,6.0,16.0
Ampela,100 g,145.0,0.0,2.66,30.14
Dada Ayam,100 g,165.0,0.0,7.72,29.55
Sayap Ayam (Kulit tidak Dimakan),100 g,201.0,0.0,8.06,30.21
Leher Ayam,100 g,297.0,0.0,26.24,14.07
Hati Ayam,100 g,116.0,0.0,4.83,16.92
Ayam Goreng tanpa Pelapis (Kulit Dimakan),100 g,260.0,0.0,15.35,28.62
Daging Dada dan Kulit Ayam (Ayam Pedaging),100 g,172.0,0.0,9.25,20.85
Ayam Lada Hitam,100 g,177.0,4.25,8.34,20.49
Burger Daging Ayam,100 g,260.0,24.0,13.0,12.0
"Dada Ayam (Panggang Oven, Bebas Lemak, Iris)",100 g,79.0,2.17,0.39,16.79
Ayam Cincang Buncis,100 g,144.0,19.23,3.69,9.23
Daging dan Kulit Ayam (Panggang),100 g,216.0,0.0,15.85,17.14
Bakpao Ayam,100 g,239.0,41.9,2.61,12.46
Nasi Ayam Hainan,100 g,200.0,24.0,8.0,10.0
Chicken Yakiniku,100 g,300.0,15.0,10.0,37.5
Ceker,100 g,215.0,0.2,14.6,19.4
Chicken Katsu,100 g,200.0,13.0,10.0,15.0
Hati Ayam Goreng,100 g,172.0,1.11,6.43,25.78
Mi Goreng Rasa Mi Ayam Istimewa,100 g,420.0,62.0,16.0,7.0
Ayam Goreng Mcd Spicy,100 g,273.0,9.9,16.8,19.0
Nugget Chicken Stick,100 g,269.23,19.23,13.46,17.31
Rasa Ayam Bawang,100 g,327.27,72.73,3.64,3.64
Ayam Bakar (Kulit tidak Dimakan),100 g,188.0,0.0,7.35,28.69
Chicken Drumstick Original Recipe,100 g,235.29,5.88,13.73,21.57
Rolade Ayam,100 g,132.53,7.23,6.02,14.46
Daging Burung Dara,100 g,142.0,0.0,7.5,17.5
French Blackpepper Bento,100 g,162.07,22.07,4.14,8.97
Minyak Ayam,100 g,900.0,0.0,99.8,0.0
Ayam Bakar,100 g,372.0,7.14,30.95,17.57
Kwetiau Goreng,100 g,210.0,26.0,9.0,7.0
Hot Chicken Flavor Ramen 2X Spicy,100 g,428.57,60.71,12.14,9.29
Fire Chicken,100 g,271.43,15.54,13.04,23.21
Nasi Jeruk Ayam Bakar,100 g,821.67,116.67,20.0,46.67
Kulit Ayam,100 g,454.0,0.0,40.68,20.36
Usus Ayam Goreng,100 g,345.0,19.84,21.69,17.78
Paha Ayam Panggang,100 g,245.0,0.0,15.36,24.85
Ayam atau Kalkun Manis dan Asam,100 g,89.0,11.23,2.43,6.09
Ayam Kukus Jahe,100 g,193.0,2.1,10.06,22.12
Sosis Ayam,100 g,213.33,20.0,10.67,9.33
Ayam Panggang,100 g,237.0,0.0,13.49,27.07
Kornet Daging Ayam,100 g,140.0,10.0,7.0,10.0
Daging Ayam (Panggang),100 g,111.0,0.0,2.7,20.33
Ayam Bawang,100 g,453.33,61.33,20.0,9.33
Usus Ayam,100 g,94.0,0.0,2.06,17.66
Daging Paha Ayam (Ayam Pedaging),100 g,119.0,0.0,3.91,19.65
Kaldu Ayam,100 g,453.33,66.67,16.0,8.0
Daging Sapi,100 g,288.0,0.0,19.54,26.33
Daging Sapi (95% tanpa Lemak / 5% Lemak),100 g,137.0,0.0,5.0,21.41
Rendang,100 g,195.0,4.49,11.07,19.68
Daging Sapi (70% tidak Berlemak / 30% Lemak),100 g,332.0,0.0,30.0,14.35
Gulai Daging Sapi,100 g,109.0,3.02,4.63,13.2
Daging Sapi (90% tanpa Lemak / 10% Lemak),100 g,176.0,0.0,10.0,20.0
Daging Sapi Panggang,100 g,267.0,0.0,17.32,25.91
Daging Sapi (85% tanpa Lemak / 15% Lemak),100 g,215.0,0.0,15.0,18.59
Sapi Iris Mercon,100 g,386.25,3.75,25.0,35.0
Sumsum Sapi,100 g,786.0,0.0,84.4,6.7
Daging Sapi (80% tanpa Lemak / 20% Lemak),100 g,254.0,0.0,20.0,17.17
Koyor Sapi,100 g,146.0,0.0,0.62,34.6
Lemak Sapi,100 g,902.0,0.0,100.0,0.0
Steak Daging Sapi,100 g,252.0,0.0,15.01,27.29
Babat Sapi,100 g,94.0,1.99,4.05,11.71
Daging Sapi Giling,100 g,276.0,0.0,18.58,25.35
Sapi Ala Jepang,100 g,255.56,6.67,16.67,17.78
Kari Daging Sapi,100 g,184.0,5.8,12.96,11.69
Dendeng Daging Sapi,100 g,410.0,11.0,25.6,33.2
Punggung Sapi,100 g,342.0,0.0,26.15,24.84
Paru Sapi,100 g,92.0,0.0,2.5,16.2
Usus Sapi,100 g,130.0,1.5,7.2,14.0
"Daging Sapi Sirloin Atas (Diiris Hingga 0.3 cm Lemak, Kelas Tinggi)",100 g,214.0,0.0,14.28,19.92
Bakso Sapi,100 g,270.83,9.17,5.0,13.33
Kornet Daging Punggung Sapi  (Diawetkan),100 g,198.0,0.14,14.9,14.68
Abon Sapi,100 g,480.0,52.0,20.0,16.0
Sapi Iris Limau,100 g,400.0,11.25,32.5,16.25
Bakso Sapi,100 g,100.0,6.67,1.67,15.0
Enchilada dengan Keju dan Daging Sapi,100 g,168.0,15.87,9.19,6.21
Sapi Panggang,100 g,533.33,53.33,30.0,6.67
Bubur Sapi,100 g,24.0,2.4,0.0,3.2
"Daging Sapi T-Bone Steak (Bagian tanpa Lemak, Diiris Hingga 0 cm Lemak, Dimasak, Dipanggang)",100 g,189.0,0.0,8.69,25.99
Burger Sapi,100 g,181.82,18.18,6.06,12.12
"Daging Sapi Top Sirloin (Hanya Bagian yang tanpa Lemak, Diiris Hingga 0.3 cm Lemak)",100 g,127.0,0.0,3.54,22.27
Rolade Sapi,100 g,156.63,9.64,7.23,12.05
Kaldu Sapi,100 g,375.0,0.0,1.88,93.75
Daging Sapi Muda,100 g,229.0,0.0,11.3,29.85
Abon Sapi,100 g,484.85,43.94,23.03,30.0
Mie Gelas Rasa Baso Sapi,100 g,428.57,64.29,14.29,10.71
Sosis Sapi,100 g,133.33,3.33,3.33,23.33
Sosis Sapi,100 g,200.0,12.0,12.0,8.0
"Daging Sapi Top Sirloin (Diiris Hingga 0.3 cm Lemak, Kualitas Menengah)",100 g,201.0,0.0,12.71,20.3
Abon Sapi,100 g,440.0,60.0,17.0,14.0
Kornet Daging Sapi,100 g,160.0,8.0,9.0,12.0
Hati Sapi,100 g,165.0,0.15,4.73,28.48
Daging Sapi Luncheon,100 g,200.0,10.0,12.0,10.0
Sozzis Sapi,100 g,180.0,18.0,7.0,10.0
Daging Sapi Ekstra tanpa Lemak,100 g,248.0,0.0,15.35,25.71
Daging Sapi Panggang (Hanya Bagian tanpa Lemak yang Dimakan),100 g,198.0,0.0,8.52,28.32
Bakso Sapi,100 g,116.67,10.0,2.5,14.17
Rasa Baso Sapi,100 g,467.53,63.64,19.48,9.09
Sosis Sapi,100 g,140.0,8.0,6.0,16.0
Daging Sapi T-Bone Steak (Diiris Hingga 0.5 cm Lemak),100 g,212.0,0.0,14.31,19.39
Daging Sapi Asap (Diawetkan),100 g,146.0,0.0,5.82,21.8
Daging Sapi Top Sirloin (Diiris Hingga 0.3 cm Lemak),100 g,189.0,0.0,11.13,20.68
Steak Daging Sapi (Hanya Bagian yang tidak Berlemak yang Dimakan),100 g,187.0,0.0,6.63,29.81
Sosis Sapi,100 g,216.67,10.0,15.0,11.67
Abon Sapi,100 g,484.85,43.94,23.03,30.0
Daging Sapi Tenderloin (Diiris Hingga 0.3 cm Lemak),100 g,247.0,0.0,18.16,19.61
Abon Sapi,100 g,440.0,60.0,17.0,14.0
Daging Sapi Top Loin (Diiris Hingga 0.3 cm Lemak),100 g,228.0,0.0,15.49,20.61
Kaldu Sapi,100 g,700.0,80.0,19.0,84.0
Limpa Sapi,100 g,105.0,0.0,3.0,18.3
Kailan Sapi,100 g,104.0,5.0,6.0,8.0
Lidah Sapi,100 g,224.0,3.68,16.09,14.9
Sosis Sapi,100 g,220.0,20.0,12.0,10.0
Bakso Sapi,100 g,180.0,16.0,7.0,12.0
Enchilada dengan Daging Sapi dan Keju,100 g,202.0,15.78,11.37,10.02
Enchilada dengan Daging Sapi,100 g,187.0,17.99,8.7,10.02
Abon Sapi,100 g,520.0,48.0,24.0,48.0
Sosis Sapi,100 g,156.86,19.61,5.88,7.84
Sosis Sapi,100 g,208.96,11.94,13.43,10.45
Gelas Baso Sapi,100 g,14000.0,1800.0,600.0,200.0
Burger Sapi,100 g,180.0,18.0,9.0,8.0
Daging Sapi,100 g,288.0,0.0,19.54,26.33
Semur Daging,100 g,141.0,4.34,8.0,12.7
Daging Sapi (90% tanpa Lemak / 10% Lemak),100 g,176.0,0.0,10.0,20.0
Empal Daging,100 g,212.0,7.47,10.29,22.31
Daging Sapi (70% tidak Berlemak / 30% Lemak),100 g,332.0,0.0,30.0,14.35
Daging Sapi (95% tanpa Lemak / 5% Lemak),100 g,137.0,0.0,5.0,21.41
Gulai Daging Sapi,100 g,109.0,3.02,4.63,13.2
Daging Sapi Panggang,100 g,267.0,0.0,17.32,25.91
Daging Sapi (80% tanpa Lemak / 20% Lemak),100 g,254.0,0.0,20.0,17.17
Oseng Mercon Daging,100 g,293.33,10.67,22.67,10.67
Kari Daging Sapi,100 g,184.0,5.8,12.96,11.69
Daging,100 g,287.0,0.0,19.29,26.41
Steak Daging Sapi,100 g,252.0,0.0,15.01,27.29
Daging Sapi Giling,100 g,276.0,0.0,18.58,25.35
Daging Sapi (85% tanpa Lemak / 15% Lemak),100 g,215.0,0.0,15.0,18.59
Daging Sapi (75% tanpa Lemak / 25% Lemak),100 g,293.0,0.0,25.0,15.76
Kornet Daging Ayam,100 g,140.0,10.0,7.0,10.0
Daging Lada Hitam,100 g,269.23,38.46,11.54,7.69
"Daging Ayam (Panggang, Bakar, Dimasak)",100 g,167.0,0.0,6.63,25.01
Potongan Daging Domba (Daging dan Lemak Dimakan),100 g,314.0,0.0,24.37,22.03
Daging Babi,100 g,271.0,0.0,17.04,27.34
Daging Domba Panggang,100 g,266.0,0.0,18.15,23.93
Daging Sapi,100 g,288.0,0.0,19.54,26.33
Soyburger tanpa Daging,100 g,179.0,13.4,5.97,17.91
"Irisan Daging Babi (Biasa, Kira-Kira 11% Lemak)",100 g,163.0,3.83,8.6,16.6
Bakso Daging Sapi,100 g,107.69,4.62,2.31,18.46
Daging Rusa Besar,100 g,111.0,0.0,1.45,22.95
Daging Sapi Cincang,100 g,167.86,25.0,5.0,6.07
Potongan Daging Domba (Hanya Daging yang Dimakan),100 g,215.0,0.0,10.48,28.17
"Daging Sapi Top Sirloin (Diiris Hingga 0.3 cm Lemak, Kualitas Menengah)",100 g,201.0,0.0,12.71,20.3
Daging Domba,100 g,292.0,0.0,20.77,24.32
Steak Daging Babi atau Potongan Daging,100 g,248.0,0.0,14.25,28.0
Daging Analog Cincang,100 g,375.0,37.5,0.0,52.5
Daging Sapi Asap (Diawetkan),100 g,146.0,0.0,5.82,21.8
Irisan Daging Babi (Ekstra tanpa Lemak),100 g,110.0,2.63,2.86,17.28
Daging Sapi Panggang (Hanya Bagian tanpa Lemak yang Dimakan),100 g,198.0,0.0,8.52,28.32
Daging Dada Ayam (Ayam Pedaging),100 g,110.0,0.0,1.24,23.09
Daging Kambing Goreng,100 g,153.0,0.0,4.52,26.46
Daging Sapi Ekstra tanpa Lemak,100 g,248.0,0.0,15.35,25.71
Daging Sapi Top Sirloin (Diiris Hingga 0.3 cm Lemak),100 g,189.0,0.0,11.13,20.68
Potongan Daging Babi,100 g,250.0,0.0,14.57,27.91
Enchilada dengan Daging Sapi,100 g,187.0,17.99,8.7,10.02
Bakso tanpa Daging,100 g,197.0,8.0,9.0,21.0
"Daging Sapi Top Sirloin (Hanya Bagian yang tanpa Lemak, Diiris Hingga 0.3 cm Lemak)",100 g,127.0,0.0,3.54,22.27
"Daging Babi (Pinggang Bagian Atas, tanpa Tulang)",100 g,144.0,0.0,5.89,21.35
Daging Sapi Luncheon,100 g,200.0,10.0,12.0,10.0
"Daging Dada Ayam (Ayam Pedaging, Dipanggang, Dimasak)",100 g,165.0,0.0,3.57,31.02
Daging Menjangan/Rusa Rebus,100 g,190.0,0.0,3.93,36.08
Daging Isi Tortelini,100 g,193.0,17.36,7.65,12.64
"Daging Sapi Sirloin Atas (Diiris Hingga 0.3 cm Lemak, Kelas Tinggi)",100 g,214.0,0.0,14.28,19.92
Salad Pasta atau Makaroni dengan Daging,100 g,172.0,17.94,8.15,6.66
Dendeng Daging Sapi,100 g,410.0,11.0,25.6,33.2
Daging Analog Irisan,100 g,350.0,30.0,2.5,52.5
Daging Menjangan/Rusa yang Diawetkan,100 g,187.0,0.0,4.08,35.11
Potongan Daging Babi Panggang,100 g,240.0,0.0,13.8,27.09
Daging Menjangan/Rusa,100 g,190.0,0.0,3.93,36.08
"Daging Sapi Top Sirloin (Hanya Bagian yang tanpa Lemak, Diiris Hingga 0.3 cm Lemak, Kualitas Tinggi)",100 g,131.0,0.0,4.08,22.09
Daging Ayam (Panggang),100 g,111.0,0.0,2.7,20.33
Daging Punggung Sapi (Hanya Bagian tanpa Lemak yang Dimakan),100 g,230.0,0.0,11.53,29.63
Calzone dengan Daging dan Keju,100 g,348.0,30.9,18.12,14.62
Steak Daging Sapi (Hanya Bagian yang tidak Berlemak yang Dimakan),100 g,187.0,0.0,6.63,29.81
Ikan,100 g,84.0,0.0,0.92,17.76
Ikan Tongkol Goreng,100 g,200.0,2.38,11.41,20.95
Ikan Kembung,100 g,167.0,0.0,9.36,19.32
Ikan Mujair Goreng,100 g,169.0,2.22,6.92,24.55
Ikan Kembung Balado,100 g,163.0,2.0,7.37,21.13
Ikan Panggang,100 g,126.0,0.33,3.44,21.94
Ikan Layang,100 g,112.0,0.0,1.75,22.72
Gulai Ikan,100 g,100.0,1.9,4.59,12.4
Ikan Tongkol,100 g,110.0,0.0,0.92,23.87
"Nila (Ikan) (Dimasak, Panas Kering)",100 g,128.0,0.0,2.65,26.15
Ikan Tongkol Asampadeh,100 g,119.0,6.1,3.5,15.7
Ikan Bandeng Goreng,100 g,233.0,2.38,16.4,18.08
Ikan Cakalang,100 g,132.0,0.0,1.29,28.21
Kakap (Ikan) (Spesies Campuran),100 g,100.0,0.0,1.34,20.51
Ikan Tuna,100 g,108.0,0.0,0.95,23.38
Nila (Ikan),100 g,96.0,0.0,1.7,20.08
Ikan Bawal,100 g,84.0,0.0,1.22,17.21
Ikan Mujair,100 g,88.0,0.0,1.34,18.66
Ikan Pindang,100 g,157.0,0.0,2.8,28.0
Ikan Kuah Kuning,100 g,116.0,3.15,2.63,19.16
Ikan Patin,100 g,89.0,0.0,2.96,14.91
Ikan Kerapu,100 g,92.0,0.0,1.02,19.38
Ikan Salem,100 g,158.0,0.0,7.89,20.07
Ikan Asin,100 g,195.0,0.0,1.59,42.16
Ikan Mas,100 g,87.0,0.0,2.08,16.01
Ikan Gurame Asam Manis,100 g,194.0,12.44,10.16,12.54
Ikan Tenggiri,100 g,121.0,0.0,3.3,21.4
Ikan Putih,100 g,172.0,0.0,7.51,24.47
Ikan Todak,100 g,121.0,0.0,4.01,19.8
Lele Goreng,100 g,105.0,0.0,2.85,18.47
Ikan Wader,100 g,84.0,0.0,2.27,14.88
Ikan Belanak,100 g,117.0,0.0,3.79,19.35
Ikan Bawal Goreng,100 g,113.0,0.0,2.69,20.78
Tuna Bumbu Kari,100 g,90.0,3.0,2.5,13.0
Ikan Kembung Goreng,100 g,167.0,0.0,9.36,19.32
Sardines Dalam Saus Extra Pedas,100 g,100.0,6.0,2.0,18.0
Ikan Bandeng,100 g,148.0,0.0,6.73,20.53
Ikan Selar,100 g,100.0,0.0,2.21,18.76
Ikan Lemuru,100 g,112.0,0.0,2.98,20.0
Ikan Kuwe,100 g,74.0,0.0,2.42,12.2
Pepes Tongkol,100 g,105.0,7.1,1.27,15.93
Olahan Ikan,100 g,150.0,27.0,3.5,3.0
Makarel,100 g,128.57,4.29,2.14,22.86
Fish Snack,100 g,350.0,60.0,0.0,25.0
Fish Nugget,100 g,170.0,32.0,1.5,8.0
Ikan Shisamo,100 g,165.0,0.0,8.37,21.14
Pepes Ikan Mas,100 g,98.0,0.16,4.63,13.21
Ikan Tuna Bumbu Pepes,100 g,110.0,6.0,4.5,12.0
Nila Bakar,100 g,130.0,0.6,3.05,25.38
Sardines in Tomato Sauce,100 g,171.43,1.43,11.43,15.71
Tuna Sirip Biru (Ikan),100 g,144.0,0.0,4.9,23.33
Ikan Baung,100 g,144.0,5.2,5.8,17.8
Tuna Sirip Kuning (Ikan),100 g,108.0,0.0,0.95,23.38
Ikan Baung,100 g,125.0,3.37,5.15,15.65
Ikan Todak Masak,100 g,177.0,0.49,8.23,23.8
Dimasak Hidup-hidup,100 g,133.0,0.41,4.24,22.0
Salmon Kalengan,100 g,144.0,0.0,6.28,20.57
Tuna Chunk in Vegetable Oil,100 g,130.0,1.0,4.0,22.0
Fish Shumai,100 g,195.12,18.29,8.54,10.98
Ikan Pecak Atlantik dan Pacifik,100 g,110.0,0.0,2.29,20.81
Keecho,100 g,200.0,12.0,10.0,16.0
Fish Dumpling Cheese,100 g,125.0,10.0,5.0,10.0
Sarden dengan Saus Tomat (Campuran),100 g,186.0,0.74,10.46,20.86
Salmon Asap,100 g,117.0,0.0,4.32,18.28
Siomay Ikan,100 g,160.0,18.0,5.0,5.0
Ikan Baronang,100 g,78.0,0.0,0.64,16.96
Ikan Kembung Atlantik,100 g,205.0,0.0,13.89,18.6
Chikuwa,100 g,125.0,25.0,0.0,8.33
Crab Flavored Stick,100 g,133.33,20.0,0.0,6.67
Crab Stick,100 g,93.75,18.75,0.0,6.25
Ikan Senangin,100 g,88.0,0.0,2.11,16.22
Katsuobushi,100 g,340.0,2.34,2.26,76.8
Ikan Gindara,100 g,126.0,0.0,6.91,14.9
Ikan Kembung Kukus,100 g,201.0,2.31,12.0,20.21
Ikan Kod Panggang,100 g,122.0,0.41,3.59,20.91
Ikan Salmon,100 g,146.0,0.0,5.93,21.62
Ikan Kembung,100 g,167.0,0.0,9.36,19.32
Fish Bites,100 g,260.42,21.88,13.54,11.46
Steamboat,100 g,150.0,20.0,5.0,10.0
Chinese Blackpepper Fish with Cu Chao Mian + Fuyunghai,100 g,946.0,98.0,26.0,80.0
Bakso Ikan,100 g,107.0,11.72,1.23,11.27
Gurame,100 g,125.0,0.0,5.49,17.48
Sarden Saus Sambal,100 g,183.33,8.33,11.67,11.67
Ikan Salmon Atlantik (Ditambak),100 g,183.0,0.0,10.85,19.9
Ikan Kod Atlantik,100 g,82.0,0.0,0.67,17.81
Ikan Kod Pacifik,100 g,82.0,0.0,0.63,17.9
Ikan Dori,100 g,84.0,0.0,4.11,11.02
Terasi,100 g,155.0,9.9,2.9,22.3
Udang,100 g,144.0,1.24,2.35,27.59
Udang Goreng,100 g,287.0,27.57,14.64,10.58
Udang Asam Manis,100 g,269.0,25.12,16.84,6.56
Udang Kukus atau Rebus,100 g,138.0,1.19,2.26,26.5
Udang Goreng Tepung,100 g,245.0,11.77,12.26,20.7
Sambal Udang,100 g,137.0,24.59,2.47,4.78
Udang Panggang,100 g,154.0,1.17,5.03,24.47
Udang Goreng Mentega,100 g,202.0,12.0,7.0,19.0
Udang Kupas,100 g,62.5,0.0,0.89,11.61
Udang Rebon,100 g,284.0,3.33,3.75,59.15
Udang Crispy,100 g,466.67,26.67,30.0,26.67
Udang (Karang) Rebus atau Kukus,100 g,81.0,0.0,1.19,16.63
Udang Karang (Udang),100 g,72.0,0.0,0.97,14.85
Kroket Udang,100 g,150.0,26.67,1.67,6.67
Salted Egg Prawn Roll,100 g,535.71,57.14,28.57,14.29
Seafood Platter,100 g,180.0,28.0,5.0,8.0
Ebi Fry,100 g,150.0,20.0,1.25,10.0
Udang Keju,100 g,370.0,27.0,26.0,6.0
Udang Lapis Tepung (Ebi Furai),100 g,150.0,23.0,2.0,10.0
Lumpia Udang,100 g,259.15,5.21,20.7,10.7
Ayam Udang Kribo,100 g,222.22,16.67,10.0,16.67
Siomay Udang,100 g,185.19,18.52,6.48,12.96
Sumpia Udang Pedas,100 g,500.0,60.0,22.5,10.0
Terasi Udang Matang,100 g,250.0,25.0,2.5,40.0
Ebi Furai,100 g,181.82,29.55,1.14,11.36
Naget Udang Ebi Katsu,100 g,170.0,26.0,4.0,8.0
Prawn Crackers,100 g,433.33,76.67,11.67,6.67
Shrimp Creamy Tom Yum Flavour,100 g,67.22,2.22,0.67,0.28
Kaldu Udang,100 g,430.77,60.0,15.38,9.23
Sponge Crunch Cheddar Cheese,100 g,583.33,58.33,37.5,8.33
Spicy Cheese Dumpling,100 g,200.0,14.44,11.11,11.11
Shumai,100 g,175.0,27.5,5.0,7.5
Shrimp Shumai,100 g,158.54,19.51,4.27,9.76
Sambal Uleg Udang,100 g,437.5,12.5,37.5,12.5
Udang Popcorn Lapis Tepung,100 g,150.0,23.0,2.0,11.0
Siomay Udang,100 g,166.67,22.22,2.78,11.11
Kerupuk Udang Rasa Kari,100 g,466.67,66.67,20.0,0.0
Shrimp Roll,100 g,222.22,20.0,11.11,8.89
Petis,100 g,127.0,1.94,2.3,23.78
Shrimp Wonton Soup,100 g,261.9,42.86,5.95,8.33
Shrimp Crackers,100 g,500.0,64.29,25.0,7.14
Bola Udang,100 g,160.0,17.0,6.0,9.0
Terasi Udang,100 g,125.0,0.0,0.0,25.0
Brondong Ketan,100 g,380.0,86.0,1.5,6.0
Petis Udang,100 g,350.0,60.0,2.5,25.0
Shrimp Hakau,100 g,162.16,22.97,4.05,6.76
Pangsit Udang,100 g,226.19,36.9,5.36,8.33
Golden Money Bag,100 g,145.83,25.0,0.0,8.33
Shrimp Shumai,100 g,166.67,22.22,2.78,11.11
Kekian,100 g,750.0,100.0,0.0,75.0
Siomay,100 g,206.06,10.91,13.03,10.91
Kerupuk Udang Nusantara,100 g,350.0,75.0,0.0,10.0
Sambal Ijo,100 g,409.09,9.09,36.36,9.09
Champong,100 g,429.84,67.74,13.71,8.06
Ebi Furai,100 g,160.0,24.0,2.0,10.0
Bakso Udang,100 g,120.0,18.0,2.0,7.0
Mini Wonton,100 g,320.0,34.0,14.0,10.0
Siomay Udang,100 g,120.0,10.0,3.5,11.0
Kerupuk Udang,100 g,120.0,80.0,0.0,10.0
Udang Scampi,100 g,212.0,0.01,15.83,16.87
Quick Bites Odeng Kue Ikan,100 g,216.67,23.33,8.33,10.0
Keecho,100 g,200.0,12.0,10.0,16.0
Cumi-cumi,100 g,92.0,3.08,1.38,15.58
Cumi Saus Padang,100 g,160.0,7.12,8.02,14.67
Cumi Asin,100 g,173.0,2.52,8.19,20.92
Cumi Goreng,100 g,125.0,9.9,2.17,15.13
Cumi Kukus atau Rebus,100 g,91.0,3.05,1.37,15.45
Cumi Sambalado,100 g,199.5,3.0,11.5,16.0
Cumi Asin,100 g,195.0,0.0,1.59,42.16
Squid Ball Bakso Cumi,100 g,100.0,12.0,0.0,12.0
Imitation Squid Flower,100 g,133.33,10.0,5.56,10.0
Mini Wonton,100 g,320.0,34.0,14.0,10.0
Moricle Moringa Latte,100 g,400.0,56.0,12.0,20.0
Kerang Hijau,100 g,171.0,6.15,5.02,23.71
Kerang,100 g,217.0,10.49,10.96,18.14
Kerang Kukus atau Rebus,100 g,106.0,2.33,3.09,16.18
Sate Kerang,100 g,155.0,10.8,3.69,19.58
Kerang (Spesies Campuran),100 g,88.0,2.36,0.76,16.78
Kerang Panggang,100 g,132.0,2.92,3.86,20.22
Bihun Kering,100 g,364.0,83.24,0.56,3.44
Pancake (Campuran Kering),100 g,194.0,36.7,2.5,5.2
Tapioka Mutiara Kering,100 g,358.0,88.69,0.02,0.19
Kelapa Kering,100 g,660.0,23.65,64.53,6.88
Spaghetti Kering,100 g,371.0,74.67,1.51,13.04
"Saus Kari (Kering, Dikeringkan)",100 g,427.0,50.62,23.1,9.38
"Jamur (Kering Padat, Kaleng)",100 g,25.0,5.09,0.29,1.87
Biji Wijen Kering Utuh,100 g,573.0,23.45,49.67,17.73
Roti Isi (Campu Kering),100 g,386.0,76.2,3.4,11.0
Salami Babi (Kering atau Keras),100 g,407.0,1.6,33.72,22.58
Kacang Sangrai Kering (dengan Garam),100 g,585.0,21.51,49.66,23.68
"Roti Isi (Campur Kering, Komersial)",100 g,178.0,21.7,8.6,3.2
Cranberry Kering (Dimaniskan),100 g,308.0,82.36,1.37,0.07
Kacang Pinus Kering,100 g,673.0,13.08,68.37,13.69
Udang Karang (Udang),100 g,72.0,0.0,0.97,14.85
Mie Telur Kering,100 g,384.0,71.27,4.44,14.16
Biji Bunga Matahari Kering (tanpa Garam),100 g,582.0,24.07,49.8,19.33
Kacang Kemiri Sangrai Kering (dengan Tambahan Garam),100 g,710.0,13.55,74.27,9.5
"Biskuit Tawar atau Mentega (Campuran Kering, Siap)",100 g,335.0,48.4,12.1,7.3
Biji Bunga Matahari Kering,100 g,570.0,18.76,49.57,22.78
Pasta Gandum Utuh Kering,100 g,348.0,75.03,1.4,14.63
"Halibut (Ikan) Atlantik dan Pasifik (Dimasak, Panas Kering)",100 g,140.0,0.0,2.94,26.69
"Kacang Hijau (Kering Padat, Kaleng)",100 g,69.0,12.58,0.35,4.42
"Nila (Ikan) (Dimasak, Panas Kering)",100 g,128.0,0.0,2.65,26.15
Kacang Sangrai Kering (tanpa Garam),100 g,585.0,21.51,49.66,23.68
"Kacang Campuran Sangrai Kering (dengan Kacang Tanah, dengan Tambahan Garam)",100 g,594.0,25.35,51.45,17.3
Almond Sangrai Kering (dengan Tambahan Garam),100 g,597.0,19.29,52.83,22.09
Roti Jagung (Muffin Jagung) (Campuran Kering),100 g,418.0,69.5,12.2,7.0
Kacang Almond Panggang Kering (tanpa Tambahan Garam),100 g,597.0,19.29,52.83,22.09
Kacang Kemiri Kering Sangrai (tanpa Tambahan Gula),100 g,710.0,13.55,74.27,9.5
Kacang Macadamia Sangrai Kering (dengan Tambahan Garam),100 g,716.0,12.83,76.08,7.79
Muesli (Kering Buah-Buahan dan Kacang-Kacangan),100 g,340.0,77.8,4.9,9.7
Biji Bunga Matahari  Sangrai Kering(dengan Tambahan Garam),100 g,582.0,24.07,49.8,19.33
"Ikan Tuna Ringan (Kering Padat dalam Air, Kalengan)",100 g,116.0,0.0,0.82,25.51
"Ikan Putih Tuna (Kering Padat dalam Air, Kalengan)",100 g,128.0,0.0,2.97,23.62
Aprikot Kering,100 g,241.0,62.64,0.51,3.39
Jamur Merang,100 g,28.0,4.86,0.4,2.79
Air Keran,100 g,0.0,0.0,0.0,0.0
Rumput Laut Kering,100 g,298.0,52.39,4.01,31.84
Apel Kering,100 g,243.0,65.89,0.32,0.93
Cranberry Kering,100 g,308.0,82.36,1.37,0.07
Prune Kering,100 g,240.0,63.88,0.38,2.18
Kering Tempe,100 g,259.0,26.94,12.93,13.6
Kering Kentang,100 g,317.0,33.54,16.54,10.46
Kacang Asin Sangrai Kering,100 g,585.0,21.51,49.66,23.68
Buncis Kering Dimasak,100 g,236.0,27.55,10.7,8.77
Campuran Buah Kering,100 g,244.0,64.81,0.44,2.19
Kacang Mete Sangrai Kering,100 g,574.0,32.69,46.35,15.31
Kacang Campuran Sangrai Kering,100 g,594.0,25.35,51.45,17.3
Kacang Tawar Sangrai Kering,100 g,585.0,21.51,49.66,23.68
Biji Bunga Matahari (yang) Dikuliti Sangrai Kering,100 g,582.0,24.07,49.8,19.33
Makaroni atau Mie dengan Keju (Campuran Kering),100 g,219.0,25.74,10.06,6.25
Udang (Karang) Rebus atau Kukus,100 g,81.0,0.0,1.19,16.63
Kentang Tumbuk (dari Kentang Kering),100 g,105.0,12.22,5.56,2.02
Mie Kering,100 g,368.42,77.19,0.88,10.53
Biskuit Kering,100 g,500.0,66.67,23.33,6.67
Soes Kering,100 g,500.0,62.5,25.0,12.5
Kuetiaw Kering,100 g,360.0,82.0,0.0,7.0
Roti Kering,100 g,388.89,77.78,0.0,11.11
Roti Kering,100 g,411.76,0.0,0.0,0.0
Mie Kering,100 g,360.0,88.0,0.0,0.0
Soes Kering Cheese,100 g,625.0,37.5,43.75,12.5
Mie Kering Gandum,100 g,375.0,77.21,1.47,11.76
Rumput Laut Kering,100 g,400.0,80.0,0.0,20.0
Buah Plum Kering,100 g,300.0,66.67,0.0,0.0
Mie Kering Shirataki,100 g,120.0,28.0,0.0,2.0
Soes Kering Original,100 g,571.43,42.86,35.71,14.29
Mie Kering Pipih,100 g,378.57,77.14,1.79,12.14
Kembang Tahu Kering,100 g,380.0,23.3,13.8,49.0
Sambal Rebon Kering,100 g,333.33,33.33,16.67,33.33
Mayonais Kurang Lemak,100 g,360.0,28.0,24.0,0.0
Rumput Laut Kering,100 g,500.0,25.0,37.5,25.0
Ikan Teri Kering,100 g,170.0,0.0,3.0,33.4
Broker Brownies Kering,100 g,540.0,58.0,30.0,8.0
Bagelen Kering Rasa Keju,100 g,500.0,60.0,25.0,10.0
Singles Light 25% Kurang Lemak,100 g,205.88,5.88,11.76,17.65
Tahu,100 g,78.0,2.1,4.95,7.97
Tahu Kukus,100 g,78.0,1.93,4.34,7.97
Oseng Tahu,100 g,232.0,9.42,18.64,10.19
Sup Tahu,100 g,63.0,4.09,3.0,5.02
Tahu Kuning,100 g,80.0,0.8,4.7,10.9
Tahu Cabe Garam,100 g,153.0,23.22,3.33,7.89
Tahu Kecap,100 g,144.0,9.03,9.06,9.37
Tahu Bakso,100 g,167.0,27.0,3.0,8.0
Tahu Kuning,100 g,89.74,1.28,5.13,7.69
Tahu Aci,100 g,217.0,18.18,14.07,6.39
Tahu Telur Tomat,100 g,100.0,5.0,8.0,8.0
Tahu Putih,100 g,120.0,3.33,7.33,10.67
Egg Tofu,100 g,70.0,1.0,7.0,5.0
Tahu Original,100 g,110.0,2.0,7.0,10.0
Tahu Susu,100 g,89.74,1.28,5.13,8.97
Tahu Bakar,100 g,118.0,4.04,7.08,12.06
Pepes Tahu Jamur,100 g,103.0,5.87,5.95,8.38
Tahu Gejrot,100 g,98.0,1.81,8.04,6.05
Tofu Tempe Delight,100 g,168.0,4.0,12.67,10.67
Seafood Tofu,100 g,200.0,10.0,16.0,8.0
Tahu Sutra Silken Tofu,100 g,115.0,2.0,8.0,9.0
Agedashi Tofu,100 g,100.0,8.0,5.0,5.0
Sapo Tahu,100 g,76.0,1.63,4.0,8.3
Tofu Telur,100 g,71.43,4.29,2.14,10.0
Chicken Tofu,100 g,400.0,7.5,25.0,35.0
Tahu Sutera,100 g,110.0,6.0,5.0,10.0
Mori-Nu Silken Tofu Organic,100 g,52.94,1.18,2.35,4.71
Sotong Tahu Bulat,100 g,346.0,50.72,14.02,4.55
Japanese Silken Tofu,100 g,115.0,2.0,8.0,9.0
Silken Tofu,100 g,80.0,2.4,3.2,10.4
Mangkok Tahu,100 g,710.0,6.0,65.0,26.0
Silken Egg Tofu,100 g,130.0,4.0,7.0,12.0
Tofu Telur Ayam,100 g,85.71,2.86,4.29,10.0
Tofu Rasa Udang,100 g,85.71,0.0,4.29,10.0
Tahu Sutera Telur,100 g,130.0,4.0,7.0,12.0
Tofu Telur,100 g,71.43,4.29,2.14,10.0
Tahu Kocek,100 g,203.0,10.11,14.04,13.19
Egg Tofu,100 g,77.0,1.0,4.0,7.0
Kembang Tahu,100 g,380.0,23.3,13.8,48.9
Tahu Susu,100 g,100.0,3.45,4.2,11.75
Kembang Tahu,100 g,391.0,23.61,13.86,48.96
Mapo Tofu with Mushroom Szechuan Sauce,100 g,103.85,3.08,6.15,9.23
Kung Pao Fish with Yang Chow Fried Rice,100 g,189.2,18.8,5.2,16.8
Agedashi Tofu,100 g,95.0,7.79,5.41,4.87
Tahu Putih,100 g,121.74,1.74,7.83,13.04
Silken Tofu,100 g,66.67,2.67,3.33,5.33
Tofu Telur Veggie,100 g,85.71,4.29,4.29,8.57
Tempe,100 g,193.0,9.39,10.8,18.54
Tempe Rebus,100 g,196.0,9.35,11.38,18.19
Tempe Orek,100 g,175.0,15.6,8.2,13.11
Tempe Mendoan,100 g,200.0,12.69,12.78,11.18
Tempe Balado,100 g,242.0,11.47,17.05,14.69
Tempe Kecap,100 g,189.0,11.06,12.09,12.02
Oseng Buncis Tempe,100 g,210.0,32.3,6.45,7.94
Kering Tempe,100 g,259.0,26.94,12.93,13.6
Tempe Penyet,100 g,198.0,12.84,11.43,15.68
Keripik Tempe,100 g,534.0,58.41,31.92,5.15
Tempe Gembus,100 g,65.0,12.11,0.2,3.46
Tempe Mendoan,100 g,149.0,13.0,4.0,18.3
Steak Tempe,100 g,179.0,13.99,9.25,11.76
Buncis Orek Tempe,100 g,211.11,12.22,13.33,8.89
Tempe Chips Original,100 g,560.0,50.0,30.0,15.0
Keripik Tempe,100 g,533.33,35.0,33.33,26.67
Krumpe,100 g,500.0,55.0,25.0,15.0
Keripik Tempe Rasa Tempe Orek,100 g,550.0,35.0,35.0,25.0
Tempeh Chips (Spicy Balado),100 g,560.0,52.0,36.0,12.0
Tempe Rasa Original,100 g,550.0,40.0,35.0,20.0
Tempe Chips Sour Cream,100 g,560.0,48.0,32.0,16.0
Tempe Chips,100 g,266.47,33.88,11.53,8.76
Tempe Chicken Onion,100 g,550.0,60.0,30.0,10.0
Tempe Himalayan Salt,100 g,600.0,46.67,40.0,13.33
YC Nasi Yummy Daging Sapi Suwir,100 g,181.48,25.93,6.3,5.19
Fish Ma La Xiang Guo With Salted Fish Fried Rice + Kungpao Tempe,100 g,433.0,45.0,13.0,32.0
Tempeh Chips (Spicy Balado),100 g,560.0,52.0,36.0,12.0
Semur Telur,100 g,130.0,5.27,7.81,9.7
Maklor,100 g,225.0,25.07,10.07,8.2
Putih Telur,100 g,52.0,0.73,0.17,10.9
Telur Puyuh Rebus,100 g,157.0,0.41,11.05,13.0
Telur Tomat,100 g,82.0,4.02,4.66,5.65
Telur Ceplok,100 g,92.0,0.4,7.04,6.27
Telur Rebus,100 g,452.94,3.29,31.06,36.82
Mie Telur Kering,100 g,384.0,71.27,4.44,14.16
Telur Kukus,100 g,144.0,3.26,7.85,14.26
Telur Ayam Kampung,100 g,140.0,1.67,9.0,13.67
Martabak,100 g,315.0,40.6,14.65,8.15
Tahu Telur Tomat,100 g,100.0,5.0,8.0,8.0
"Mie Telur (Ditambah, Masak)",100 g,138.0,25.16,2.07,4.54
Tahu Sutera Telur,100 g,130.0,4.0,7.0,12.0
Quail Egg,100 g,162.5,0.88,12.25,12.5
Martabak Telur,100 g,185.0,18.52,7.68,9.9
Fu Yung Hai,100 g,131.0,3.61,9.71,7.55
Telur,100 g,174.0,1.2,14.0,10.8
Telur Omega,100 g,100.0,1.0,6.0,4.0
Telur Ayam Omega 3,100 g,150.0,1.67,10.0,11.67
Tofu Telur,100 g,71.43,4.29,2.14,10.0
Gudeg Original,100 g,190.0,10.0,12.0,11.0
Healthy Japanese Chicken Ramen + Korean Mayak Egg,100 g,468.0,48.0,12.0,42.0
Kacang Telur,100 g,560.0,52.0,36.0,4.0
Telur Ayam Negeri Rendah Kolestrol,100 g,158.73,0.0,14.29,11.11
Telur Pitan,100 g,171.0,5.1,11.0,12.15
Kuning Telur,100 g,322.0,3.59,26.54,15.86
Putih Telur,100 g,52.0,0.73,0.17,10.86
Nasi Goreng Spesial,100 g,230.0,22.0,13.0,7.0
Aice Chocolate,100 g,90.0,14.0,4.0,2.0
Nata De Coco,100 g,66.67,16.44,0.0,0.0
Telur Asin,100 g,214.06,1.69,15.98,14.86
Roti Martabak,100 g,247.0,29.91,8.65,11.74
"Salad Selada dengan Telur, Keju, Tomat dan / atau Wortel",100 g,52.0,3.14,3.14,3.33
Tofu Telur Ayam,100 g,85.71,2.86,4.29,10.0
Brondong Ketan,100 g,380.0,86.0,1.5,6.0
Telur Dadar atau Telur Orak-Arik dengan Daging Babi (Asap),100 g,184.0,1.48,13.05,14.22
Sumpia Udang Pedas,100 g,500.0,60.0,22.5,10.0
Ayam Bawang Telur,100 g,480.52,58.44,23.38,7.79
Telur Ayam Kampung,100 g,375.0,3.75,25.0,32.5
Pengganti Telur (Cair),100 g,84.0,0.64,3.31,12.0
Sayur Campuran,100 g,60.0,13.09,0.15,2.86
Sayur Campur Tumis,100 g,120.0,0.0,0.0,0.0
Sayuran Rebus (tanpa Daging),100 g,56.0,9.73,0.97,2.65
Sayur Bening Bayam,100 g,36.0,7.64,0.37,1.79
"Sayuran Campur Matang (Jagung, Kacang Lima, Kacang Polong, Kacang Hijau dan Wortel)",100 g,81.0,12.74,2.12,2.78
Sayur Tahu Toge,100 g,86.0,12.91,1.93,5.93
Sayur Nangka,100 g,66.0,8.7,3.5,1.3
Sayur Pakis,100 g,34.0,5.54,0.4,4.55
Sayur Toge,100 g,114.0,0.0,0.0,3.4
Bumbu Racik Sayur Asem,100 g,312.5,75.0,0.0,12.5
Sayur Gedi,100 g,51.0,10.0,0.88,3.06
Panzerotti dengan Sayuran dan Keju,100 g,250.0,18.19,16.74,6.75
Jus Campuran Sayuran (Sayuran Lain Selain Tomat),100 g,7100.0,1493.0,59.0,367.0
Siomay Ayam Sayur,100 g,195.4,25.29,5.75,9.2
Prenagen Buah dan Sayur,100 g,42.42,11.82,0.0,0.0
Nasi Goreng tanpa Daging,100 g,151.0,20.97,5.48,4.23
Promina Sup Mi Ayam Sayur,100 g,425.0,62.5,15.0,12.5
Bumbu Sayur Asem,100 g,250.0,42.86,3.57,0.0
Jus Sayur Koktail (Kalengan),100 g,4600.0,1101.0,22.0,152.0
"Sup Ayam (dan) Sayur (dengan Volume Air yang Sama, Kalengan)",100 g,7500.0,858.0,284.0,362.0
Sup Mi Daging Sayur,100 g,464.29,64.29,16.07,12.5
Pengganti Krim (Cair),100 ml,138.0,11.54,10.11,1.01
Krekers Sayur,100 g,500.0,70.0,20.0,10.0
Ikan Layur,100 g,88.0,0.38,1.02,18.04
Mandu Isi Daging Dan Sayur,100 g,200.0,26.0,8.0,8.0
Sayuran Campur (Beku),100 g,64.0,13.46,0.52,3.33
Lontong Isi Sayur,100 g,139.0,23.22,4.12,2.39
Bumbu Kuah Sayur Sop,100 g,200.0,40.0,0.0,0.0
Bumbu Kuah Sayur Asem,100 g,312.5,75.0,0.0,0.0
Sup Krim Sayur & Bawang,100 g,400.0,66.67,6.67,6.67
Tuna dalam Minyak Sayur,100 g,150.0,1.0,6.0,22.0
Sayur Brongkos,100 g,142.0,12.21,3.67,14.87
Bumbu Racik Sayur Lodeh,100 g,200.0,40.0,0.0,0.0
Risol Sayur,100 g,208.0,25.15,10.03,4.64
Bumbu Racik Sayur Sop,100 g,200.0,20.0,0.0,20.0
Malkist Sayur,100 g,500.0,65.0,20.0,10.0
Sayur Umbut Kelapa,100 g,67.0,5.18,2.89,5.57
Sup Mi Ayam Sayur,100 g,444.44,66.67,14.81,12.96
Sup Sayuran,100 g,446.15,61.54,16.92,9.23
Makaroni Rasa Sup Sayuran,100 g,325.0,67.5,1.25,12.5
Bumbu Racik Sayur Sop,100 g,200.0,20.0,0.0,0.0
Bayam Dimasak (dari Segar),100 g,40.0,3.68,2.25,2.88
Sayur Bening Bayam,100 g,36.0,7.64,0.37,1.79
Bayam,100 g,23.0,3.63,0.39,2.86
Tumis Bayam,100 g,86.0,4.68,6.81,3.3
Keripik Bayam,100 g,537.0,49.22,36.48,3.06
"Bayam Dimasak (dari Beku, Lemak tidak Ditambahkan dalam Masakan)",100 g,32.0,5.13,0.5,3.99
"Bayam (Cincang atau Daun, Beku)",100 g,31.0,4.33,0.75,3.94
Green Delight,100 ml,40.0,9.2,0.0,0.4
Daily Greens,100 ml,36.0,8.8,0.0,0.0
Bayam Brazil,100 g,23.0,3.63,0.39,2.86
Mie Bayam,100 g,370.0,82.0,0.0,11.0
Spinach Noodle,100 g,370.0,82.0,0.0,11.0
Sun Bubur Ayam Kampung & Bayam,100 g,400.0,75.0,5.0,10.0
Tropic Green,100 ml,48.0,11.2,0.0,0.8
Daging Ayam (Panggang),100 g,111.0,0.0,2.7,20.33
Hati Ayam Goreng,100 g,172.0,1.11,6.43,25.78
Daging Dada Ayam (Ayam Pedaging),100 g,110.0,0.0,1.24,23.09
Daging Paha Ayam (Ayam Pedaging),100 g,119.0,0.0,3.91,19.65
"Daging Dada Ayam (Ayam Pedaging, Dipanggang, Dimasak)",100 g,165.0,0.0,3.57,31.02
"Daging Paha Ayam (Ayam Pedaging, Dipanggang, Dimasak)",100 g,209.0,0.0,10.88,25.94
Daging dan Kulit Sayap Ayam (Ayam Pedaging),100 g,14.22,0.0,1.03,1.18
"Daging Ayam (Panggang, Bakar, Dimasak)",100 g,167.0,0.0,6.63,25.01
Ayam (Dilapisi Tepung Roti dan Digoreng),100 g,297.0,16.32,18.82,15.59
Kuah/Kaldu Ayam (Kalengan),100 g,79.0,5.42,5.71,1.93
Daging dan Kulit Ayam (Panggang),100 g,216.0,0.0,15.85,17.14
"Sup Ayam (dan) Sayur (dengan Volume Air yang Sama, Kalengan)",100 g,7500.0,858.0,284.0,362.0
"Dada Ayam (Panggang Oven, Bebas Lemak, Iris)",100 g,79.0,2.17,0.39,16.79
Dada Ayam,100 g,195.0,0.0,7.72,29.55
Ayam Panggang,100 g,237.0,0.0,13.49,27.07
Salad Ayam,100 g,132.0,7.31,4.94,14.5
Ayam Penyet,100 g,199.0,5.29,8.53,25.05
Ayam Kecap,100 g,223.0,9.41,11.96,18.82
Bakpao Ayam,100 g,239.0,41.9,2.61,12.46
Ayam Woku,100 g,117.0,0.68,5.14,16.11
Taquitos dengan Ayam,100 g,245.0,19.02,12.63,14.49
Dada Ayam Masak,100 g,110.0,0.0,1.24,23.09
Nasi Ayam Hainan,100 g,200.0,24.0,8.0,10.0
Ayam Masak Merah,100 g,131.0,7.53,4.31,16.01
Ayam (Kulit tidak Dimakan),100 g,188.0,0.0,7.35,28.69
Paha Ayam (Kulit tidak Dimakan),100 g,207.0,0.0,10.79,25.72
Sayap Ayam (Kulit tidak Dimakan),100 g,201.0,0.0,8.06,30.21
Opor Ayam,100 g,163.0,5.6,8.67,16.53
Ayam Goreng,100 g,260.0,10.76,14.55,21.93
Ayam Geprek,100 g,263.0,7.6,17.99,17.61
Ayam Suwir,100 g,112.0,0.0,2.07,21.86
Koloke Ayam,100 g,261.0,17.9,9.52,24.09
Ayam Goreng tanpa Pelapis (Kulit Dimakan),100 g,260.0,0.0,15.35,28.62
Tumis Kangkung,100 g,98.0,3.99,8.71,2.56
Kangkung,100 g,20.0,3.18,0.34,2.51
Kangkung,100 g,20.0,3.18,0.34,2.51
Brokoli Dimasak (dari Segar),100 g,54.0,6.98,2.69,2.3
Brokoli,100 g,34.0,6.64,0.37,2.82
Brokoli Dimasak (Lemak tidak Ditambahkan dalam Masakan),100 g,35.0,7.14,0.41,2.37
"Brokoli Dimasak (dari Segar, Lemak tidak Ditambahkan dalam Masakan)",100 g,35.0,7.14,0.41,2.37
Brokoli Dimasak (dari Beku),100 g,45.0,5.24,2.06,3.01
Brokoli Sultan,100 g,100.0,11.0,5.0,2.0
"Brokoli Dimasak (dari Beku, Lemak tidak Ditambahkan dalam Masakan)",100 g,28.0,5.32,0.11,3.08
Brokoli Cina (Dimasak),100 g,22.0,3.81,0.72,1.14
Daily Greens,100 ml,36.0,8.8,0.0,0.0
Green Delight,100 ml,40.0,9.2,0.0,0.4
"Brokoli (Tusuk, Beku)",100 g,29.0,5.35,0.34,3.06
Beef Stew with Carrot,100 g,400.0,70.0,7.0,16.0
Wortel Dimasak,100 g,54.0,7.99,2.48,0.74
Wortel,100 g,41.0,9.58,0.24,0.93
"Sayuran Campur Matang (Jagung, Kacang Lima, Kacang Polong, Kacang Hijau dan Wortel)",100 g,81.0,12.74,2.12,2.78
Wortel,100 g,41.0,9.58,0.24,0.93
Kue Wortel tanpa Lapisan (Gula),100 g,416.0,49.09,23.24,4.22
Nasi Tim Ayam Tomat Wortel,100 g,400.0,76.0,8.0,12.0
"Salad Selada dengan Telur, Keju, Tomat dan / atau Wortel",100 g,52.0,3.14,3.14,3.33
Red Rocket,100 ml,36.0,7.6,0.0,0.8
Tropic Golden,100 ml,40.0,8.8,0.0,1.2
Beef Stew with Carrot,100 g,400.0,70.0,7.0,16.0
Glowing Calamansi,100 ml,44.0,10.0,0.0,0.8
Pepaya,100 g,39.0,9.81,0.14,0.61
Melon,100 g,34.0,8.16,0.19,0.84
Buah Naga,100 g,51.0,12.38,0.38,0.78
Semangka Merah,100 g,30.0,7.55,0.15,0.61
Buah Pir,100 g,58.0,15.46,0.12,0.38
Nanas,100 g,48.0,12.63,0.12,0.54
Pisang,100 g,89.0,22.84,0.33,1.09
Mangga,100 g,65.0,17.0,0.27,0.51
Super Fruit Mix,100 g,320.0,84.0,0.0,0.0
Rujak Buah,100 g,213.0,14.96,15.1,8.53
Stroberi,100 g,32.0,7.68,0.3,0.67
Apel (tanpa Kulit),100 g,48.0,12.76,0.13,0.27
Jambu Biji,100 g,68.0,14.32,0.95,2.55
Duku,100 g,68.0,17.06,0.43,0.85
Jambu Kristal,100 g,49.0,12.2,0.3,0.9
Nangka,100 g,94.0,24.01,0.3,1.47
Labu Siam,100 g,17.0,3.9,0.13,0.82
Murbei,100 g,43.0,9.8,0.39,1.44
Blewah Melon,100 g,34.0,8.16,0.19,0.84
"Blueberry (Manis, Beku)",100 g,81.0,21.95,0.13,0.4
"Labu Siam (Buah, dengan Garam, Dikeringkan, Direbus, Dimasak)",100 g,24.0,5.09,0.48,0.62
Pare,100 g,29.0,6.82,0.22,1.12
Terong Belanda,100 g,48.0,8.64,1.15,2.1
Jambu Monyet,100 g,43.0,11.41,0.14,0.21
Timun Suri,100 g,16.0,3.65,0.12,0.65
Jeruk Kimkit,100 g,43.0,11.93,0.27,0.81
Asam Jawa,100 g,239.0,62.5,0.6,2.8
Jambu Jamaika,100 g,48.0,9.99,0.66,1.78
Cranberry Kering,100 g,308.0,82.36,1.37,0.07
Buah Ara,100 g,74.0,19.18,0.3,0.75
Mangga Muda,100 g,59.0,15.32,0.24,0.46
Fitbar Fruits Delight,100 g,450.0,75.0,17.5,10.0
Pisang Single,100 g,90.0,22.0,0.0,1.0
Buah Srikaya,100 g,94.0,23.64,0.29,2.06
Jeruk Mandarin (Kaleng atau Beku),100 g,61.0,16.19,0.1,0.45
Kedondong,100 g,41.0,10.0,0.27,0.88
Apel Braeburn,100 g,52.0,13.81,0.17,0.26
Nangka Muda,100 g,54.0,11.89,0.36,2.3
Rasberi Beku,100 g,103.0,26.16,0.16,0.7
Stroberi Beku,100 g,87.0,23.46,0.14,0.52
Belimbing,100 g,31.0,6.73,0.33,1.04
Buah Naga,100 g,60.0,12.38,0.38,0.78
"Nanas Potongan (Manis, Beku)",100 g,86.0,22.2,0.1,0.4
Ceri Merah Asam,100 g,50.0,12.18,0.3,1.0
Cranberry Kering (Dimaniskan),100 g,308.0,82.36,1.37,0.07
Manggis,100 g,73.0,17.91,0.58,0.41
Sirsak,100 g,66.0,16.84,0.3,1.0
Jeruk (dengan Kulit),100 g,63.0,15.5,0.3,1.3
Pisang Kepok,100 g,104.0,27.44,0.26,0.97
Semangka Kuning,100 g,30.0,7.55,0.15,0.61
Rasberi Beku tanpa Pemanis,100 g,52.0,11.94,0.65,1.2
"Jeruk Keprok (Jeruk Mandarin,  Sirup Ringan Kemasan, Kalengan)",100 g,15400.0,4080.0,25.0,113.0
Mix Fruit,100 ml,100.0,22.86,0.0,0.0
Kismis (tanpa Biji),100 g,299.0,79.18,0.46,3.07
Sukun,100 g,103.0,27.12,0.23,1.07
Pisang Kepok Rebus,100 g,115.0,30.08,0.35,1.23
Matoa,100 g,87.0,21.4,0.49,1.05
Jamblang,100 g,60.0,15.56,0.23,0.72
Rasberi,100 g,52.0,11.94,0.65,1.2
Beri,100 g,33.0,7.98,0.3,0.68
Stroberi Beku tanpa Pemanis,100 g,35.0,9.13,0.11,0.43
"Blueberry (tanpa Pemanis, Beku)",100 g,51.0,12.17,0.64,0.42
Kesemek,100 g,70.0,18.59,0.19,0.58
Durian,100 g,147.0,27.09,5.33,1.47
Apel Granny Smith,100 g,52.0,13.81,0.17,0.26
Stroberi dalam Sirup (Dimasak atau Kalengan),100 g,92.0,23.53,0.26,0.56
Jeruk Bali (Merah dan Merah Muda),100 g,42.0,10.66,0.14,0.77
Apel Fuji,100 g,52.0,13.81,0.17,0.26
Jambu Air,100 g,46.0,11.66,0.27,0.5
Pisang,100 g,89.0,22.84,0.33,1.09
Banana,100 g,91.3,23.39,0.35,1.13
Pisang Mas,100 g,90.0,23.27,0.33,1.1
Pisang Raja,100 g,122.0,30.73,0.34,0.97
Pisang Kepok,100 g,104.0,27.44,0.26,0.97
Pisang Kepok Rebus,100 g,115.0,30.08,0.35,1.23
Pisang Uli,100 g,143.0,35.55,0.56,1.08
Pisang Barangan,100 g,107.0,27.87,0.35,1.21
Pisang Tanduk,100 g,122.0,31.89,0.37,1.3
Pisang Single,100 g,90.0,22.0,0.0,1.0
Pisang Susu,100 g,94.0,23.03,0.33,1.42
Pisang,100 g,91.3,23.39,0.35,1.13
Pisang Lampung,100 g,99.0,25.65,0.34,1.15
Pisang Raja Direbus Matang,100 g,115.0,30.96,0.18,0.78
Pisang Nugget,100 g,300.0,35.0,15.0,4.0
Pisang Keju,100 g,250.0,25.53,13.64,8.62
Jantung Pisang,100 g,123.0,31.83,0.35,1.4
Keripik Pisang,100 g,519.0,58.4,33.6,2.3
Pisang Bolen Cokelat,100 g,400.0,40.0,24.0,8.0
Lapis Kukus Pisang Cokelat,100 g,380.0,42.0,22.0,6.0
Sale Pisang,100 g,276.0,66.51,0.9,2.87
Carang Gesing,100 g,81.0,13.44,2.36,2.78
Cavendish Banana Chips,100 g,600.0,53.33,40.0,3.33
Coklat Pisang,100 ml,72.0,12.8,1.6,1.6
Getuk Pisang,100 g,142.0,34.12,0.44,1.14
Pisang Molen,100 g,275.0,39.05,11.68,3.91
Puding Pisang,100 g,127.0,21.2,3.6,2.4
Pisang Goroho,100 g,111.0,28.04,0.27,1.53
Sanggara Belanda,100 g,242.0,36.71,10.83,3.58
Yogurt Banana Berries,100 g,85.71,12.86,2.86,2.86
Nutrijell Rasa Pisang,100 g,400.0,70.0,15.0,0.0
Es Kul Kul Pisang,100 g,90.0,23.15,0.47,1.28
Roti Isi Pisang Coklat,100 g,342.86,54.29,10.0,8.57
Soft Cake Choco Banana,100 g,400.0,52.0,18.67,5.33
Yoghurt Drink Low Fat Banana,100 ml,79.17,16.25,1.04,1.67
Lada Pisang,100 g,27.0,5.35,0.45,1.66
Low Fat Banana,100 ml,80.0,15.2,0.8,2.8
Chocolate H1gh,100 ml,132.0,14.4,4.8,8.8
Susu Pisang,100 g,72.0,12.0,2.0,2.4
Tepung Pisang Crispy,100 g,350.0,80.0,0.0,5.0
Cavendish Banana Chips Chocolate,100 g,550.0,55.0,35.0,5.0
Banana Blast,100 ml,73.68,11.58,2.37,2.11
Banana Milk,100 ml,66.67,9.44,1.94,2.22
Roti Isi Pisang Coklat,100 g,266.67,45.56,7.78,5.56
Green Delight,100 ml,40.0,9.2,0.0,0.4
Peach Berry,100 ml,36.0,9.2,0.0,0.0
Good To Go Banana Strawberry (250ml),100 ml,68.0,11.6,1.4,2.4
Roti Manis Cokelat Pisang,100 g,344.44,53.33,10.0,7.78
Roti Isi Rasa Cokelat-Pisang,100 g,345.45,58.18,8.18,7.27
Pisang Goreng,100 g,263.16,43.16,8.42,3.16
Roti Manis Isi Pisang Cokelat,100 g,270.0,43.0,8.0,5.0
Susu UHT Rasa Pisang,100 g,140.0,22.0,4.5,4.0
Squeeze Yogurt Cavendish Banana,100 g,100.0,14.29,2.86,4.29
Susu Rasa Pisang,100 ml,94.74,12.63,2.63,3.16
Yogurt Drink Banana,100 ml,125.0,38.0,2.0,7.0
Good To Go Cereal Milk Banana,100 ml,68.0,11.6,1.4,2.4
Sun Bubur Susu Sereal Pisang,100 g,400.0,80.0,7.5,10.0
Sun Bubur Susu Sereal Pisang,100 g,400.0,80.0,7.5,10.0
Roti Manis Isi Pisang Cokelat,100 g,270.0,43.0,8.0,5.0
Roti Isi Rasa Cokelat-Pisang,100 g,345.45,58.18,8.18,7.27
Oatmeal Instan Rasa Pisang & Madu,100 g,400.0,80.0,6.67,10.0
Prime Duo Custard Pisang & Cokelat,100 g,345.45,52.73,12.73,9.09
Roti Sandwich Funwari Pisang Susu,100 g,274.73,48.35,6.59,6.59
Nasi Padang Rendang,100 g,181.48,17.59,10.19,5.19
Swiss Roll Strawberry,100 g,388.89,61.11,16.67,5.56
Serealfit,100 g,130.0,25.0,2.5,2.0
Salju Kreker Rasa Original,100 g,500.0,70.0,20.0,0.0
Serealfit,100 g,433.33,83.33,8.33,6.67
Muffin Cup Cake,100 g,444.44,50.0,22.22,5.56
Britobar,100 g,454.55,63.64,18.18,9.09
Apel (tanpa Kulit),100 g,48.0,12.76,0.13,0.27
Apel Fuji,100 g,52.0,13.81,0.17,0.26
Apel Granny Smith,100 g,52.0,13.81,0.17,0.26
Jus Apel,100 g,11700.0,2897.0,27.0,15.0
Green3st,100 ml,28.0,5.6,0.0,1.2
Greenfield Organic,100 g,357.14,85.71,0.0,14.29
Fruit Tea Apel,100 ml,32.0,7.6,0.0,0.0
Pai Apel,100 g,265.0,37.1,12.5,2.4
Apel Braeburn,100 g,52.0,13.81,0.17,0.26
Red Rocket,100 ml,36.0,7.6,0.0,0.8
Jus Apel,100 g,12000.0,3000.0,0.0,0.0
Jus Apel (Kaleng atau Botol),100 g,11700.0,2897.0,27.0,15.0
Jus Cranberry-Apel (Botol),100 g,15400.0,3883.0,27.0,0.0
Apple Cider Vinegar,100 ml,0.0,0.0,0.0,0.0
Minuman Jus Apel,100 g,12500.0,3227.0,7.0,5.0
Frestea Apel,100 g,40.0,9.6,0.0,0.0
Pai Apel (Satu Kerak),100 g,242.0,39.02,9.25,1.81
Apel Kering,100 g,243.0,65.89,0.32,0.93
Buah Srikaya,100 g,94.0,23.64,0.29,2.06
Lychee & Apple Tea,100 ml,44.0,10.8,0.0,0.0
Sari Apel,100 ml,49.0,12.24,0.12,0.06
Saus Apel tanpa Pemanis,100 g,43.0,11.29,0.05,0.17
Teajus Apel,100 g,357.14,100.0,0.0,0.0
Minuman Sari Buah Apel,100 g,5000.0,1300.0,0.0,0.0
Peach Berry,100 ml,36.0,9.2,0.0,0.0
"Jus Apel (Berkonsentrasi Beku, Diencerkan dengan Air)",100 g,11200.0,2758.0,24.0,33.0
Frestea Apel (Botol),100 ml,44.0,11.2,0.0,0.0
Tropic Green,100 ml,48.0,11.2,0.0,0.8
Saus Apel dengan Gula,100 g,76.0,19.91,0.18,0.18
Bontea Green Original,100 g,333.33,100.0,0.0,0.0
Lovy Cookies Chocobutter,100 g,450.0,70.0,17.5,10.0
Lovy Cookies Coffeeccino,100 g,500.0,60.0,25.0,5.0
Jeruk Santang,100 g,47.0,11.75,0.12,0.94
Jeruk Sunkist,100 g,51.95,12.34,0.0,0.65
Jeruk (dengan Kulit),100 g,63.0,15.5,0.3,1.3
Jus Jeruk Peras Segar,100 g,11200.0,2579.0,50.0,174.0
Jeruk Sunkist,100 g,47.0,12.0,0.1,0.9
Jeruk,100 g,51.95,12.34,0.0,0.65
Jeruk Bali,100 g,32.0,8.08,0.1,0.63
Jus Jeruk,100 g,11200.0,2579.0,50.0,174.0
Jeruk Mandarin (Kaleng atau Beku),100 g,61.0,16.19,0.1,0.45
"Jus Jeruk (Dingin, Termasuk dari Konsentrat)",100 g,11000.0,2505.0,67.0,199.0
Jeruk Peras,100 g,357.14,100.0,0.0,0.0
Floridina Coco,100 ml,51.43,12.0,0.0,0.0
Isi 2 Soto Koya Jeruk Nipis,100 g,464.29,65.18,18.75,8.93
Refresh Rasa Jeruk,100 g,10000.0,2500.0,0.0,0.0
Soda Jeruk,100 ml,51.14,13.07,0.0,0.0
Nasi Daun Jeruk Ayam Sambal Matah,100 g,590.0,69.0,26.0,20.0
Minum Jus Jeruk,100 g,13400.0,3339.0,0.0,50.0
Pulpy Orange,100 ml,43.33,11.33,0.0,0.0
Fanta Orange,100 ml,20.0,4.4,0.0,0.0
Jeju Orange,100 g,357.14,100.0,0.0,0.0
Jus Jeruk Beku (Dilarutkan dengan Air),100 g,11200.0,2714.0,15.0,169.0
Jeruk Extra Manis,100 g,363.64,90.91,0.0,0.0
Sunkist,100 ml,52.31,12.62,0.0,0.0
Jus Jeruk Bali,100 g,9400.0,2213.0,25.0,128.0
Jus Jeruk Bali Merah Muda,100 g,9600.0,2272.0,25.0,124.0
Jus Jeruk Bali Segar,100 g,9600.0,2272.0,25.0,124.0
American Sweet Orange,100 g,5000.0,1300.0,0.0,0.0
Orange Flavor,100 ml,53.85,11.54,0.0,0.77
Jeruk Nipis Jahe,100 g,409.09,100.0,0.0,0.0
Tropic Golden,100 ml,40.0,8.8,0.0,1.2
Jeruk Nipis,100 g,363.64,100.0,0.0,0.0
Permen Jeruk,100 g,400.0,93.33,0.0,0.0
Squeezed Orange Less Sugar,100 ml,30.0,7.5,0.0,0.0
Daun Jeruk,100 g,12.0,4.05,0.08,0.27
Madurasa Jeruk Nipis,100 g,320.0,80.0,0.0,0.0
"Jeruk Keprok (Jeruk Mandarin, Jus Kemasan, Kalengan)",100 g,9200.0,2383.0,7.0,154.0
Tropic Calamansi,100 ml,40.0,9.2,0.0,0.4
Coconut Water Rasa Jeruk,100 g,32.0,8.4,0.0,0.0
Squash Delight Jeruk Florida,100 ml,137.93,34.48,0.0,0.0
Glowing Calamansi,100 ml,44.0,10.0,0.0,0.8
Jeruk Bali (Merah dan Merah Muda),100 g,42.0,10.66,0.14,0.77
Pulpy 4X Extra Vit C,100 ml,30.0,7.67,0.0,0.0
Jus Jeruk Bali Putih,100 g,9600.0,2272.0,25.0,124.0
Squash Orange,100 ml,200.0,46.67,0.0,0.0
Golden Orange,100 ml,48.0,10.8,0.0,0.8
Lofet Kacang Rasa Daun Jeruk,100 g,600.0,20.0,44.0,32.0
ORANGE WATER C,100 ml,24.0,6.4,0.0,0.0
Sari Buah Jeruk,100 ml,40.0,9.5,0.0,1.0
Rasa Jeruk,100 ml,40.0,8.67,0.67,0.33
"Jeruk Keprok (Jeruk Mandarin,  Sirup Ringan Kemasan, Kalengan)",100 g,15400.0,4080.0,25.0,113.0
Cerelac Apel Jeruk Pisang,100 g,420.0,66.0,9.0,16.0
Nasi Jeruk Ayam Bakar,100 g,821.67,116.67,20.0,46.67
Squash Delight Jeruk Florida,100 ml,137.93,34.48,0.0,0.0
Lofet Kacang Rasa Daun Jeruk,100 g,600.0,20.0,44.0,32.0
Keripik Talas Pedas Daun Jeruk,100 g,500.0,65.0,25.0,5.0
Bumbu Sachet Nasi Daun Jeruk,100 g,400.0,60.0,20.0,0.0
Isi 2 Soto Koya Jeruk Nipis,100 g,464.29,65.18,18.75,8.93
Isi 2 Soto Koya Jeruk Nipis,100 g,450.0,62.0,19.0,10.0
Nasi Daun Jeruk Ayam Sambal Matah,100 g,590.0,69.0,26.0,20.0
Susu UHT Full Cream (250ml),100 ml,60.0,4.8,3.2,3.2
Susu,100 g,12200.0,1149.0,488.0,803.0
Kental Manis,100 g,250.0,57.5,10.0,2.5
Ultra Mimi Full Cream,100 ml,64.0,4.8,3.2,3.2
Susu UHT Full Cream (200ml),100 ml,60.0,5.0,3.0,3.0
UHT Full Cream Milk,100 g,16000.0,1100.0,900.0,800.0
Susu Murni,100 ml,62.0,4.66,3.35,3.32
Susu UHT Low Fat High Calcium,100 ml,44.0,5.2,1.2,3.2
Susu UHT Full Cream,100 ml,60.0,5.0,3.0,3.0
Susu Low Fat,100 g,10000.0,1200.0,300.0,700.0
Susu UHT Rasa Stroberi,100 ml,75.0,11.0,2.25,3.0
Purefarm Full Cream,100 g,13000.0,1000.0,700.0,700.0
Low Fat Milk,100 g,11000.0,1200.0,300.0,900.0
Susu,100 g,421.05,60.53,15.79,13.16
Susu Coklat,100 g,19000.0,2888.0,525.0,770.0
Choco Malt,100 ml,90.0,13.5,3.5,1.0
Non Fat Milk,100 ml,35.0,5.5,0.0,3.0
Susu Kental Manis,100 g,325.0,57.5,10.0,2.5
Dancow Full Cream,100 g,444.44,40.74,29.63,22.22
Susu Bear Brand,100 ml,63.49,4.76,3.7,3.17
Fresh Milk Choco Sea Salt,100 ml,100.0,13.2,3.6,3.2
Ultra Mimi Kids Full Cream,100 ml,64.0,4.8,3.2,3.2
Susu Uht Full Cream,100 g,13000.0,1000.0,700.0,700.0
Hi-Calcium Skimmed Milk,100 g,9000.0,1100.0,0.0,1100.0
Banana Milk,100 ml,80.0,11.0,3.0,2.5
Low Fat Milk,100 ml,45.0,5.0,1.0,3.0
Oat Milk,100 ml,59.0,6.6,3.0,1.0
Prostar 100% Casein Protein,100 g,909.09,116.67,9.09,83.33
Nutrive Benecol Strawberry,100 ml,60.0,8.0,2.0,1.0
Susu Rasa Sereal Stroberi,100 ml,64.0,11.2,2.0,0.8
Milky Strawberry,100 g,11000.0,1500.0,450.0,400.0
Susu Evaporasi,100 g,125.0,12.5,6.25,5.0
Susu UHT Rasa Cokelat,100 ml,75.0,11.5,2.25,2.0
Susu Putih Manis,100 ml,77.78,8.89,3.33,3.33
Soy Milk Unsweetened,100 ml,31.2,0.4,2.2,1.88
UHT Milk Low Fat High Calcium,100 ml,40.0,4.5,1.25,3.0
Almond Milk,100 ml,26.0,1.5,2.1,0.6
Susu UHT Rasa Coklat,100 ml,88.0,11.2,3.6,4.0
WRP On The Go,100 ml,75.0,12.0,1.5,3.5
Susu Cappuccino,100 ml,45.0,3.5,2.5,2.5
Double Belgian Chocolate with Pistachio Milk,100 ml,25.0,2.22,1.67,0.56
Fresh Milk,100 ml,65.0,4.5,4.0,3.0
Cereal Chocolate Milk Drinks,100 ml,85.0,15.0,2.0,1.5
Almond Breeze Original,100 ml,25.0,3.33,1.11,0.56
Goalll!,100 ml,105.88,14.12,5.88,1.18
Susu,100 g,400.0,66.67,8.89,15.56
Susu (2% Rendah Lemak dengan Tambahan Vitamin A),100 g,12200.0,1142.0,481.0,805.0
Haenam Goguma,100 ml,66.67,9.44,1.94,2.22
Almond Breeze Latte,100 ml,33.33,4.44,1.11,1.11
Purefarm Kacang Hijau,100 g,62.22,9.78,1.33,2.67
Skim Milk Plain Fiber Pro,100 g,346.15,57.69,0.0,26.92
Rasa Kacang Hijau,100 g,428.57,77.14,10.0,8.57
Soya Bean Milk,100 ml,69.0,7.6,3.0,2.7
Bulgarian Style Yogurt Mango,100 ml,88.0,14.4,2.0,2.4
Susu Vanila,100 g,400.0,55.0,10.0,25.0
Yogurt Rasa Stroberi,100 ml,100.0,14.4,3.6,2.4
Carnivor,100 g,335.14,21.62,0.0,62.16
Susu Pasteurisasi Rasa Vanilla,100 g,13000.0,2200.0,300.0,400.0
Gold Plus,100 g,328.57,48.57,1.43,28.57
Daily Formula,100 g,25000.0,4200.0,400.0,1200.0
Whey Protein,100 g,15000.0,2100.0,200.0,1200.0
Fresh Milk Low Fat,100 g,9000.0,1100.0,250.0,600.0
Susu UHT Coklat,100 ml,85.0,13.0,2.5,2.0
V-Soy Multi-Grain,100 ml,69.0,7.6,3.0,2.7
Susu Kental Manis Cokelat,100 g,325.0,55.0,11.25,2.5
Lose Weight,100 g,388.89,61.11,2.78,25.93
Susu (Susu Murni),100 g,14600.0,1103.0,793.0,786.0
Thai Milk Green Tea,100 ml,52.0,10.0,2.4,1.6
1% Lemak Susu,100 g,10200.0,1218.0,237.0,822.0
Matcha Green Tea Latte with Walnut Milk,100 ml,33.33,1.67,2.78,0.56
Oat Milk,100 g,375.0,66.67,8.33,12.5
Susu dengan Lemak yang telah Dikurangi,100 g,12200.0,1142.0,481.0,805.0
Susu Kedelai,100 ml,54.0,5.1,1.99,4.64
Hi-Calcium Low Fat Milk,100 ml,40.0,4.5,1.25,3.0
Susu Tawar,100 ml,58.0,5.0,3.0,2.8
Chocolate Taro (Botol),100 ml,35.0,7.5,0.0,1.0
Susu Kedelai,100 ml,40.0,6.0,1.0,2.0
Topping Kental Manis,100 ml,350.0,120.0,0.0,0.0
Susu,100 ml,70.0,10.0,2.0,2.0
Uht Full Cream,100 ml,60.0,5.0,3.0,3.0
Dairy Milk Chocolate,100 ml,550.0,60.0,30.0,10.0
WRP On The Go,100 ml,75.0,12.0,1.5,3.5
Sereal 2 in 1,100 g,416.67,83.33,8.33,4.17
Susu UHT Low Fat,100 g,4500.0,550.0,125.0,350.0
Low Fat Source of Calcium (200ml),100 ml,65.0,10.0,1.0,3.5
Susu Almond Manis,100 g,5900.0,633.0,351.0,148.0
Susu Coklat,100 g,13000.0,2200.0,250.0,600.0
Susu UHT Vanilla,100 ml,57.89,7.89,2.11,2.11
Susu Kental Manis Tiga Sapi,100 g,120.0,22.0,3.5,1.0
Banana Milk,100 ml,52.0,9.2,1.0,1.2
Avocado Strawberry Sundae,100 ml,100.0,16.0,3.5,1.0
Susu Almond,100 g,4000.0,140.0,358.0,151.0
SKM Coklat,100 g,333.33,57.14,9.52,2.38
Coklat Pisang,100 ml,72.0,12.8,1.6,1.6
2% Lemak Susu,100 g,50.0,4.68,1.97,3.3
Chil-Go Pisang,100 ml,67.86,10.0,2.14,2.14
Minuman Serbuk Kedelai,100 g,440.0,62.0,12.0,22.0
Teen Vanilla Caramel,100 g,16000.0,2800.0,250.0,600.0
Susu (tanpa Lemak dengan Tambahan Vitamin A dan Protein),100 g,10100.0,1368.0,62.0,974.0
Keju Cheddar,100 g,403.0,1.28,33.14,24.9
Keju Slice,100 g,294.12,5.88,20.59,17.65
Gold Cheddar,100 g,333.33,20.83,25.0,4.17
Cheddar Cheese,100 g,300.0,10.0,25.0,10.0
Quick Melt (Keju Cepat Leleh),100 g,300.0,13.33,23.33,16.67
Keju Serbaguna,100 g,300.0,26.67,20.0,6.67
Mozzarella & Cheddar,100 g,333.33,13.33,26.67,13.33
Keju Cheddar,100 g,300.0,5.0,25.0,20.0
Saus Keju,100 g,174.0,6.83,13.29,6.71
Quick Melt,100 g,375.0,12.5,31.25,6.25
Slice Melt,100 g,375.0,6.25,28.12,18.75
Cheese Spread,100 g,300.0,6.67,30.0,6.67
Singles,100 g,305.88,11.76,20.59,17.65
Keju Cheddar,100 g,300.0,6.67,23.33,20.0
Belcube,100 g,260.0,4.6,20.0,12.0
Cheddar,100 g,300.0,5.0,25.0,20.0
Keju Gouda atau Edam,100 g,357.0,1.67,27.69,24.98
Cheese Stick BBQ,100 g,291.67,16.67,20.83,16.67
Singles Light 25% Kurang Lemak,100 g,205.88,5.88,11.76,17.65
Rich Cheese,100 g,300.0,13.33,23.33,13.33
Keju Ricotta (Susu Murni),100 g,174.0,3.04,12.98,11.26
Mozarella,100 g,350.0,10.0,30.0,15.0
Samyang Cheese,100 g,414.29,67.14,12.86,8.57
Keju Kambing (Agak Lembut),100 g,364.0,2.54,29.84,21.58
Rendah Lemak (1-2% Lemak) Keju Cottage,100 g,72.0,2.72,1.02,12.39
Milky Soft,100 g,333.33,10.0,26.67,10.0
Ricotta Cheese,100 g,200.0,4.0,18.0,8.0
Spready,100 g,350.0,20.0,30.0,5.0
Baked Cheese Tart,100 g,402.22,42.22,22.22,8.89
Singkong Serut Rasa Keju,100 g,550.0,65.0,30.0,0.0
Finger Cheese Biskuit,100 g,440.0,72.0,10.0,12.0
Keju Ricotta,100 g,156.0,4.09,10.44,11.32
Singles BBQ Chicken,100 g,352.94,17.65,23.53,11.76
Mozza Cheese Slice,100 g,333.33,13.33,26.67,13.33
The Big Cheez,100 g,514.0,53.0,35.0,7.0
Keju Amerika (Kemasan Dingin),100 g,331.0,8.32,24.46,19.66
Raclette Cheese Flavour,100 g,550.0,55.0,35.0,5.0
Keju Cottage (Rendah Lemak 2% Lemak Susu),100 g,90.0,3.63,1.93,13.74
Sagu Keju,100 g,500.0,66.67,16.67,0.0
Keju Parmesan Keras,100 g,392.0,3.22,25.83,35.75
Cheddar,100 g,300.0,20.0,22.5,10.0
Bisvit Selimut Keju,100 g,450.0,60.0,20.0,10.0
Cedda Cheese Slice,100 g,300.0,20.0,23.33,6.67
Cream Cheese Light,100 g,180.0,2.0,14.0,10.0
Keju Cottage,100 g,103.0,2.68,4.51,12.49
Keju Romano,100 g,387.0,3.63,26.94,31.8
Keju Mozzarella (tanpa Lemak),100 g,149.0,3.5,0.0,31.7
Zuperrr Keju Malkist,100 g,523.81,61.9,23.81,4.76
Keju Krim (Bebas Lemak ),100 g,96.0,5.8,1.36,14.41
Keju Feta,100 g,264.0,4.09,21.28,14.21
Super Ring,100 g,571.43,50.0,42.86,7.14
Pasta Keju,100 g,625.0,50.0,37.5,0.0
Keju Cottage (Rendah Lemak 1% Lemak Susu),100 g,72.0,2.72,1.02,12.39
Keju Alami,100 g,363.0,2.47,27.77,25.48
Cream Cheese Wafer,100 g,450.0,70.0,20.0,10.0
Keju Edam,100 g,357.0,1.43,27.8,24.99
Keju Kambing (Lembut),100 g,268.0,0.89,21.08,18.52
Mozza Cheese,100 g,333.33,6.67,26.67,13.33
Bocconcini Cheese,100 g,212.12,3.03,18.18,15.15
Cream Cheese,100 g,133.33,3.33,8.33,10.0
Cheese Triangles,100 g,388.89,11.11,33.33,16.67
Cheese Stick Rasa Pizza,100 g,291.67,20.83,20.83,8.33
Shred Cheese,100 g,300.0,33.33,20.0,0.0
Gourmet Slices,100 g,305.88,2.94,24.71,17.06
Keju Camembert,100 g,300.0,0.46,24.26,19.8
Mild Cheese,100 g,300.0,20.0,20.0,6.67
Babybel Mini Original Cheese,100 g,350.0,0.0,25.0,20.0
Smokey BBQ Slices,100 g,323.53,6.47,25.29,17.06
Mini Babybel Tasty Cheddar,100 g,309.09,2.27,24.09,23.18
Cheese Cake,100 g,363.64,43.64,18.18,7.27
Shoops,100 g,228.57,25.71,12.86,2.86
Pasta Keju,100 g,583.33,50.0,41.67,0.0
Cheese Stick,100 g,291.67,20.83,18.75,8.33
Cheddar Singles,100 g,300.0,6.67,20.0,13.33
Keju Singles 40% Kurang Lemak,100 g,233.33,6.67,13.33,20.0
Singles Reguler,100 g,300.0,6.67,20.0,13.33
Keju Cheddar atau Colby (Rendah Lemak),100 g,173.0,1.91,7.0,24.35
Gold Cake Original Japanese Cake,100 g,281.25,31.25,12.5,9.38
Roti Sisir Keju,100 g,371.43,54.29,14.29,5.71
Yogurt Plain,100 g,10000.0,1400.0,250.0,400.0
Yogurt Polos,100 g,63.0,7.04,1.55,5.25
Squeeze Yogurt Blueberry,100 g,83.33,14.17,2.5,2.5
Squeeze Yogurt Original,100 ml,100.0,17.14,2.86,2.86
Greek Yogurt,100 g,100.0,3.75,7.5,3.75
Original Yogurt,100 g,112.0,17.6,3.6,3.2
Greek Yogurt Original,100 g,113.0,6.25,7.5,5.0
Blueberry Yogurt,100 ml,90.0,14.0,2.0,3.0
Yogurt,100 g,100.0,24.29,4.29,4.29
Strawberry Yoghurt,100 ml,100.0,18.0,0.5,4.0
Yogurt Drink Strawberry,100 ml,71.43,14.29,0.0,2.86
Cimory Squeeze,100 ml,100.0,14.29,2.86,4.29
Yogurt Polos (Susu Murni),100 g,61.0,4.66,3.25,3.47
Yogurt Drink,100 ml,80.0,15.2,0.8,2.8
Greek Yogurt Classic,100 ml,55.0,7.5,2.0,2.0
Greek Yogurt Mango,100 g,162.5,12.5,6.25,6.25
Yogurt Drink No Added Sugar,100 ml,37.5,9.17,0.62,1.67
Strawberry Yogurt,100 ml,72.0,11.6,2.0,2.0
Yogurt Strawberry (200ml),100 ml,50.0,8.5,1.0,2.0
Bulgarian Style Yogurt Original,100 ml,72.0,11.2,1.6,1.6
Biokul Topping Mocha Granola,100 g,230.0,27.0,9.0,10.0
Bulgarian Style Yogurt Drink Slim Berries,100 ml,80.0,14.5,1.5,2.0
Bulgarian Style Yogurt Blueberry,100 ml,82.5,14.0,2.0,2.0
Plain Yogurt (Low Fat),100 ml,87.5,15.0,0.62,5.0
Yogurt Stick Blueberry,100 g,112.5,17.5,3.75,2.5
Yogurt Drink Lychee,100 ml,83.33,15.42,0.83,2.5
Peach Yoghurt,100 g,100.0,16.25,1.88,5.0
Tummy Yogurt Drink Blueberry Redbeet,100 ml,88.89,17.78,1.39,1.67
Yogurt Strawberry Flavor,100 ml,87.5,16.25,0.62,5.0
Banana Yogurt,100 g,83.0,17.3,0.6,2.1
Yogurt Plain,100 ml,50.0,8.5,1.0,2.0
Yogurt Drink Blueberry,100 ml,64.0,15.2,0.0,0.8
Yoghurt,100 ml,85.71,15.71,1.43,2.86
Yogurt Rasa Aprikot,100 ml,100.0,20.0,0.0,4.0
Natural Plain Skim Yoghurt,100 g,56.0,8.0,0.0,5.6
"Yoghurt Buah (Rendah Lemak,11 gr Protein  per 240 gr)",100 g,105.78,18.76,1.42,4.9
Strawberry Yogurt (125g),100 g,14000.0,2300.0,400.0,400.0
Bulgarian Style Yogurt Blueberry (Botol),100 ml,80.0,13.6,2.0,2.4
Yo! Junior Yogurt,100 ml,80.0,14.0,1.75,1.5
Coffee Cream,100 ml,80.0,15.0,1.5,1.5
Apricot Yogurt,100 ml,80.0,8.0,3.5,5.0
Choco Nut Crunch Yoghurt,100 g,120.0,13.0,6.0,3.0
Oats & Multi Grains Yogurt Bar Berries,100 g,520.0,64.0,24.0,4.0
Cherry Yogurt,100 ml,90.0,15.0,0.5,5.0
Set Yogurt Plain Rendah Lemak,100 ml,70.0,10.0,1.0,5.0
Yogurt Polos Susu Murni,100 g,60.0,4.6,3.21,3.43
Yogurt,100 ml,76.92,16.92,0.0,1.54
Tummy Yogurt Coconut Almond With Coconut Slices,100 g,112.5,21.25,1.88,3.75
Mango Yogurt Drink,100 ml,76.0,12.4,2.4,2.0
Yogurt Strawberry (125ml),100 ml,56.0,10.4,0.8,1.6
Creamix Thick Yogurt Blueberry,100 g,90.91,13.64,3.18,2.73
Yogurt,100 ml,50.0,8.5,1.0,2.0
Yogurt Stick Strawberry,100 g,112.5,17.5,3.75,5.0
Yogurt,100 ml,50.0,8.5,1.0,2.0
Creamy Yogurt Series Honey Granola,100 g,133.33,16.67,5.56,3.33
Greek Yogurt,100 ml,140.0,8.0,8.0,6.0
Greek Style Yogurt with Strawberry,100 g,170.0,18.0,9.0,5.0
Yogurt,100 g,77.78,16.22,0.07,3.11
Blueberry Yoghurt,100 g,8000.0,1300.0,100.0,400.0
Greek Yogurt Plain,100 g,140.0,8.0,8.0,6.0
Yogurt Drink Blueberry,100 ml,72.0,11.6,2.0,2.0
Yogurt,100 ml,82.5,14.0,2.0,2.0
Yogurt Polos tanpa Lemak,100 g,56.0,7.68,0.18,5.73
Strawberry Yoghurt,100 g,100.0,15.0,2.5,3.75
Set Yogurt Plain,100 ml,70.0,10.0,1.0,5.0
Yoguruto Blackcurrant (200ml),100 ml,45.0,8.5,1.0,2.0
Yogurt Drink Blueberry,100 ml,70.0,15.0,0.25,1.0
Yogurt Blueberry,100 ml,100.0,16.25,0.62,6.25
Mango Yogurt,100 g,90.91,14.55,2.73,2.73
Mixed Berry Yogurt,100 g,109.09,17.27,3.18,2.73
Natural Plain Yoghurt,100 g,100.0,10.0,4.0,5.0
Yofit Probiotic,100 ml,61.11,8.33,0.0,5.0
Mango Fruits Yogurt,100 g,92.0,17.2,1.5,2.2
Yoguruto Less Sugar Passionfruit,100 ml,40.0,9.6,0.0,0.8
Greek Style Yoghurt,100 ml,100.0,14.0,2.0,5.0
Greek Yogurt Blueberry,100 g,125.0,12.5,6.25,6.25
Tummy Yogurt Stirred Original,100 g,112.5,21.25,1.88,3.75
Delicyo Strawberry & Banana,100 ml,48.0,9.6,0.4,0.8
Blueberry Redbeet,100 ml,100.0,18.0,2.0,2.0
"Yoghurt Buah (Rendah Lemak, 9 gr Protein  per 240 gr)",100 g,99.0,18.64,1.15,3.98
Yogurt Rasa Mangga,100 ml,110.0,21.0,1.5,4.0
Yoghurt Plain,100 ml,96.0,14.4,3.2,2.8
Tummy Yogurt Lemon,100 g,64.0,10.4,1.2,3.2
Greek Yoghurt Original,100 g,140.0,17.0,4.0,7.0
Yoghurt,100 g,80.0,8.0,3.0,4.0
Greek Yogurt Blueberry,100 ml,96.0,14.4,2.8,3.2
0% Fat Yogurt Strawberry,100 g,40.8,6.08,0.08,3.2
Greek Yogurt Strawberry,100 g,160.0,16.0,8.0,6.0
Probiotic Drink,100 ml,76.92,16.92,0.0,1.54
Original,100 ml,65.0,14.5,0.0,1.0
Greek Style Yogurt,100 ml,88.0,12.0,3.2,3.2
Yogurt Polos (Rendah Lemak ),100 g,63.0,7.04,1.55,5.25
Yogurt Beku,100 g,107.0,19.62,1.47,4.7
Roti Isi Coklat,100 g,280.0,40.0,10.0,5.0
Roti Tawar (2),100 g,270.27,47.3,4.05,8.11
Roti Isi Coklat,100 g,361.11,58.33,11.11,8.33
"Roti Isi (Campur Kering, Komersial)",100 g,178.0,21.7,8.6,3.2
Roti Isi Krim Coklat,100 g,350.0,53.33,11.67,6.67
Roti Isi Keju,100 g,307.69,46.15,10.77,9.23
Roti Isi Krim Coklat (50g),100 g,360.0,48.0,16.0,8.0
Roti Isi Krim Susu,100 g,293.1,50.0,6.9,6.9
Roti Sobek Coklat,100 g,327.1,53.27,9.35,7.48
Roti Isi Selai Stroberi,100 g,291.67,59.72,4.17,5.56
Roti Isi Cokelat,100 g,220.0,32.0,8.0,4.0
Roti Isi Srikaya,100 g,310.34,53.45,7.76,6.9
Roti Abon Ayam Mayo Pedas,100 g,333.33,46.67,11.67,10.0
Roti Mini Isi Krim Keju,100 g,350.0,42.5,15.0,7.5
Roti Kacang,100 g,217.0,42.4,2.17,6.28
Roti Sandwich Isi Coklat,100 g,285.71,45.24,8.33,7.14
Roti Isi Krim Meses,100 g,375.0,52.5,15.0,7.5
Roti O,100 g,430.0,49.0,23.0,6.0
Roti Isi Selai Cokelat,100 g,340.0,56.0,12.0,8.0
Roti Sisir Mentega,100 g,345.45,45.45,16.36,7.27
Roti Isi Pisang Coklat,100 g,266.67,45.56,7.78,5.56
Roti Isi Coklat Keju,100 g,339.62,49.06,11.32,7.55
Roti Multigrain,100 g,251.0,46.4,3.8,10.0
Roti Goreng,100 g,320.0,47.69,11.36,7.18
Roti Manis Pandan Srikaya,100 g,316.67,55.0,6.67,6.67
Roti Tawar Gandum (2),100 g,271.43,47.14,5.0,8.57
Roti Manis Kasur Coklat,100 g,264.44,53.33,5.56,8.89
Sausage Bun,100 g,368.0,40.0,10.0,16.0
Roti Isi Chicken Teriyaki,100 g,277.78,47.22,6.94,9.72
Roti Manis Kasur,100 g,325.0,55.0,8.75,8.75
Roti Isi Coklat,100 g,310.34,50.0,8.62,8.62
Bagelen Cheese,100 g,500.0,60.0,25.0,10.0
Roti Tawar Kupas,100 g,250.0,42.5,5.0,7.5
Selai Srikaya,100 g,350.0,45.0,17.5,5.0
Roti Sandwich,100 g,288.89,55.56,3.33,8.89
Roti Burger,100 g,300.0,50.0,8.0,10.0
Roti,100 g,371.43,60.0,7.14,8.57
Cheese Danish Bread,100 g,320.0,54.0,7.0,8.0
Roti Panggang Mix Fruit,100 g,323.08,60.0,6.15,6.15
Roti Panggang Rasa Durian,100 g,369.23,52.31,15.38,7.69
Roti Kasur Susu,100 g,314.81,53.7,7.41,9.26
Roti Panggang Rasa Coklat,100 g,375.0,52.5,12.5,12.5
Roti Sobek Coklat Keju,100 g,327.1,47.66,11.21,8.41
Roti Isi Daging Ayam,100 g,280.0,45.33,6.67,9.33
Bagelen,100 g,500.0,70.0,20.0,10.0
Roti Sisir Keju,100 g,371.43,54.29,14.29,5.71
Roti Isi Krim Rasa Blueberry,100 g,340.0,58.0,8.0,8.0
Roti Sisir Mentega,100 g,380.0,48.0,18.0,8.0
Roti Coklat Keju,100 g,157.5,23.5,6.38,5.75
Sandwich Margarin Manis,100 g,375.0,42.5,20.0,5.0
Roti Isi Selai Nanas,100 g,342.86,60.0,7.14,8.57
Focaccia,100 g,292.0,40.64,11.11,6.89
Banh Mi,100 g,200.0,29.0,7.0,13.0
Roti Sandwich Funwari Cokelat Pisang,100 g,285.71,45.05,8.79,6.59
Roti Panggang Rasa Susu Vanila,100 g,631.58,52.63,15.79,7.89
Roti Kasur Coklat Keju,100 g,333.33,50.0,13.33,7.78
Roti Tawar Gandum,100 g,150.0,51.43,5.71,10.0
Roti Krim Keju,100 g,333.33,51.67,11.67,5.0
Roti Manis Kasur Kombinasi,100 g,333.33,53.33,8.89,8.89
Krim Moka,100 g,303.03,45.45,10.61,7.58
Roti Stik Abon Ayam,100 g,342.86,52.86,11.43,10.0
Roti Abon,100 g,430.0,40.0,24.0,11.0
Roti Panggang Coklat,100 g,323.08,60.0,6.15,6.15
Roti Tawar Gandum (1),100 g,257.14,44.29,5.0,8.57
Boti Isi Margarin Meses,100 g,357.14,50.0,14.29,7.14
Multigrain Bread,100 g,300.0,47.5,7.5,10.0
Klasik Pan Pandan,100 g,275.0,57.5,1.25,10.0
Dorayaki Custard Coklat,100 g,309.09,58.18,6.36,7.27
Croiss with Cocoa Cream,100 g,400.0,53.33,20.0,6.67
Butter Croissant,100 g,403.23,41.94,22.58,8.06
Roti Sandwich Rasa Pandan Isi Sarikaya,100 g,265.31,46.94,6.12,6.12
Roti Sandwich Isi Spicy Crab Mayo,100 g,211.54,36.54,4.81,5.77
Roti Tawar,100 g,242.11,46.32,3.16,7.37
Roti Tawar Pandan Kupas,100 g,340.91,59.09,5.68,11.36
Sobek Keju,100 g,333.33,55.0,10.0,8.33
Roti Tawar,100 g,290.0,49.0,6.0,9.0
Roti Sandwich Funwari Coklat Stroberi,100 g,263.74,47.25,5.49,5.49
Roti Sandwich Isi Keju,100 g,285.71,38.1,11.9,7.14
Roti Isi Selai Nanas,100 g,305.56,55.56,6.94,8.33
Roti Sandwich Funwari Mangga Cheesecake,100 g,274.73,46.15,7.69,6.59
Roti Isi Krim Vanilla,100 g,380.0,48.0,16.0,8.0
Sandwich Gandum Cokelat Hazelnut,100 g,325.0,45.0,12.5,7.5
Roti Sandwich Isi Tuna Mayo Spicy,100 g,211.54,34.62,5.77,7.69
Kue Bolu,100 g,297.0,57.7,4.3,7.3
Kue Coklat (dengan Campuran Coklat),100 g,367.0,54.6,16.4,4.1
Tart,100 g,278.0,41.55,11.35,3.05
Kue Beras,100 g,224.0,48.69,0.77,4.64
Kue Bolu Coklat,100 g,297.0,54.68,6.05,8.25
Marble Cake,100 g,339.0,61.38,10.89,3.94
Lapis Legit,100 g,415.0,25.26,33.65,5.11
Gold Cake Double Chocolate,100 g,318.18,36.36,15.91,4.55
Kue Tambang,100 g,462.0,54.34,24.13,7.08
Bolu Tape,100 g,324.0,49.69,11.43,5.01
Kue Pia 100 Rasa Pandan,100 g,360.0,68.0,12.0,8.0
Cream Cake Strawberry,100 g,450.0,50.0,25.0,0.0
Graker Richberry Cheese,100 g,450.0,70.0,17.5,5.0
Cream Cake Brownis Isi Krim Strawberry,100 g,400.0,60.0,15.0,0.0
Kuriimu,100 g,368.42,52.63,15.79,5.26
Chocolate Coated Wafer,100 g,500.0,66.67,25.0,8.33
Srikaya Ketan,100 g,264.0,49.07,6.49,2.88
Marshmallow,100 g,416.67,83.33,8.33,0.0
Awug,100 g,90.0,18.17,0.89,1.12
Koya Suuk,100 g,460.0,62.0,17.0,14.0
Bingka,100 g,272.0,39.32,10.68,5.2
Tiramisu,100 g,283.0,24.41,18.2,4.77
Caramelrama,100 g,500.0,70.0,25.0,0.0
Chocolate Strawberry Layer Cake,100 g,400.0,43.75,21.88,6.25
Tiramisu,100 g,283.0,24.41,18.2,4.77
Mug Cake Cokelat,100 g,357.14,50.0,14.29,2.38
Bolu Kukus,100 g,297.0,56.85,4.57,7.01
Japanese Cheese Cake,100 g,303.03,30.3,15.15,9.09
Fresh Cream Dorayaki,100 g,323.94,40.85,14.08,5.63
Red Velvet Cake,100 g,488.64,53.41,29.55,4.55
Steam Cake Strawberry Flavor,100 g,375.0,53.75,15.0,5.0
Kue Mangkok dengan Campuran (Rendah Lemak),100 g,305.0,67.2,3.7,4.3
New York Cheesecake,100 g,388.43,30.0,27.02,6.2
Nextar,100 g,450.0,70.0,20.0,0.0
Toast Slices,100 g,540.0,56.0,30.0,8.0
Nastar,100 g,433.33,63.33,20.0,3.33
Fluffy Cream Roll,100 g,316.46,30.38,18.99,6.33
Yangko,100 g,256.0,58.04,1.1,3.08
Kaliadrem,100 g,338.0,54.28,12.03,3.35
Lapis Bogor Full Talas,100 g,360.0,40.0,18.0,6.0
Lapis Bogor Blackforest,100 g,420.0,44.0,24.0,6.0
Chocolate Butter Cookies,100 g,550.0,58.33,31.67,6.67
Kue Bikang,100 g,188.0,38.34,2.85,2.13
Kue Cincin,100 g,434.0,64.47,18.22,3.33
Bolu Susu Lembang Rasa Coklat,100 g,380.0,42.0,20.0,6.0
Bakpia Kukus Original Cokelat,100 g,400.0,44.0,22.0,6.0
Kue Lapis Kukus Rasa Blackforest,100 g,380.0,42.0,22.0,6.0
Mooncake Kacang Hijau,100 g,400.0,65.0,13.33,5.0
Kue Ku,100 g,357.0,75.79,2.3,6.67
Kue Gambang,100 g,390.0,68.0,10.0,6.0
Kue Keju,100 g,321.0,25.5,22.5,5.5
Wajik,100 g,304.0,68.43,1.36,3.98
Kue Coklat Keju,100 g,389.0,38.44,24.75,6.6
Chokoreto Cookies,100 g,520.0,64.0,24.0,4.0
Nextar Brownies,100 g,450.0,70.0,20.0,0.0
Sumpia Udang Pedas,100 g,500.0,60.0,22.5,10.0
Kacang Tanah,100 g,567.0,16.13,49.24,25.8
Kacang Sangrai Kering (dengan Garam),100 g,585.0,21.51,49.66,23.68
Kacang Panggang,100 g,151.0,21.39,5.15,5.54
Kacang Telur,100 g,560.0,52.0,36.0,4.0
Kacang Panjang Hijau Dimasak (dari Segar),100 g,59.0,7.61,3.1,1.82
Kacang Rebus,100 g,318.0,21.26,22.01,13.5
Kacang Bawang Jumbo,100 g,640.0,16.0,52.0,24.0
Kacang Garing,100 g,600.0,16.0,48.0,32.0
Kacang Polong,100 g,42.0,7.55,0.2,2.8
Kacang Kapri,100 g,98.0,17.59,0.44,6.64
Kacang Atom,100 g,555.56,50.0,33.33,11.11
Kacang Koro,100 g,45.0,56.0,16.0,20.0
Kacang Sangrai Kering (tanpa Garam),100 g,585.0,21.51,49.66,23.68
Kacang Mete,100 g,581.0,30.16,47.77,16.84
Kacang Asin Sangrai Kering,100 g,585.0,21.51,49.66,23.68
Rosta Kacang Panggang,100 g,433.33,53.33,16.67,16.67
Kacang Kriuk,100 g,615.0,433.0,30.0,14.0
Kacang Tolo,100 g,114.0,20.67,0.58,7.38
Kacang Bumbu,100 g,530.0,39.0,30.0,24.0
Kacang Kedelai,100 g,471.0,33.55,25.4,35.22
Ultra Sari Kacang Ijo,100 ml,44.0,10.4,0.0,0.8
Permen Ting Ting,100 g,600.0,40.0,40.0,20.0
Kacang Telur,100 g,480.0,68.0,18.0,8.0
Kacang Atom,100 g,520.0,56.0,28.0,12.0
Sukro Kedele,100 g,500.0,50.0,28.57,14.29
Teri Kacang Balado,100 g,260.0,32.08,11.08,10.77
Kacang Koro Rasa Rumput Laut,100 g,444.44,66.67,13.89,16.67
Red Kidney Beans,100 g,80.0,13.0,0.5,5.0
Cashew Butter,100 g,562.5,31.25,46.88,15.62
Pilus Mie Goreng,100 g,500.0,64.29,28.57,0.0
Kuaci Fuzo Original,100 g,615.38,15.38,46.15,30.77
Unsweetened Crunchy Peanut Butter,100 g,566.67,40.0,33.33,23.33
Peanut Cream Messes,100 g,425.0,57.5,17.5,5.0
Kacang Polong (Polong),100 g,42.0,7.55,0.2,2.8
"Kacang Hijau (Kering Padat, Kaleng)",100 g,69.0,12.58,0.35,4.42
Sohun,100 g,351.0,86.09,0.06,0.16
Kacang Komak,100 g,344.0,60.76,1.69,23.9
Kacang Koro,100 g,450.0,50.0,17.5,25.0
Cashew Honey Butter Flavor,100 g,560.0,48.0,36.0,12.0
13 Bean Soup Mix,100 g,363.64,65.45,1.82,21.82
Kacang Panjang Hijau,100 g,31.0,7.13,0.12,1.82
"Kacang Hitam (Biji Matang, dengan Garam, Dimasak, Direbus)",100 g,132.0,23.71,0.54,8.86
Chocolate Peanut,100 g,583.33,45.83,37.5,12.5
"Kedelai (Biji Matang, dengan Garam, Dimasak, Direbus)",100 g,173.0,9.93,8.97,16.64
Sukro Original,100 g,400.0,65.0,22.5,5.0
"Kacang Campuran Sangrai Kering (dengan Kacang Tanah, dengan Tambahan Garam)",100 g,594.0,25.35,51.45,17.3
Sandwich Kacang,100 g,346.94,40.82,14.29,12.24
Daun Kecipir,100 g,74.0,14.1,1.1,5.85
Selai Kacang Halus (Lemak yang telah Dikurangi),100 g,520.0,35.65,34.0,25.9
Kacang Atom Pedas,100 g,500.0,60.0,26.67,6.67
Mix Nut,100 g,566.67,33.33,40.0,23.33
Muesli (Kering Buah-Buahan dan Kacang-Kacangan),100 g,340.0,77.8,4.9,9.7
Selai Kacang,100 g,600.0,40.0,35.0,20.0
Baked Beans,100 g,90.0,20.0,0.5,1.0
Bubur Kacang Hijau,100 g,108.0,17.76,3.06,3.54
Kacang Garbanzo,100 g,180.0,29.98,2.99,9.54
Kacang Hijau,100 g,81.0,14.46,0.4,5.42
Kacang Jepang Spicy Flavor,100 g,520.0,44.0,32.0,12.0
Buncis,100 g,31.0,7.13,0.12,1.82
Kacang Atom Pedas,100 g,533.33,46.67,33.33,13.33
Kedelai Dimasak (Lemak tidak Ditambahkan dalam Masakan),100 g,172.0,9.87,8.92,16.54
"Kacang Merah (dengan Garam, Dimasak, Direbus)",100 g,127.0,22.8,0.5,8.67
Kacang Koro Kupas,100 g,435.0,47.9,14.78,27.61
"Kedelai (Matang, tanpa Garam, Dimasak, Direbus)",100 g,173.0,9.93,8.97,16.64
Kacang Medan,100 g,560.0,43.0,34.0,19.0
Kacang Koro Broad Beans,100 g,500.0,57.14,14.29,21.43
Lofet Kacang Rasa Daun Jeruk,100 g,600.0,20.0,44.0,32.0
Kacang Kemiri,100 g,691.0,13.86,71.97,9.17
Sari Roti Sandwich Kacang,100 g,346.94,42.86,14.29,12.24
Funwari Roll Kacang Merah Mentega,100 g,328.36,49.25,10.45,5.97
Mix Nuts Aneka Kacang,100 g,500.0,33.33,40.0,23.33
Bumbu Pecel,100 g,440.0,46.0,20.0,18.0
Kacang Atom,100 g,480.0,56.0,28.0,12.0
Sukro Kacang Bersalut BBQ,100 g,444.44,66.67,19.44,5.56
Selai Kacang Mete Original,100 g,646.67,32.0,56.67,33.33
Kacang Panggang Boston,100 g,155.0,22.04,5.06,6.04
Natto,100 g,212.0,14.36,11.0,17.72
"Kedelai (Biji Dewasa, Dikukus, Dimasak)",100 g,81.0,6.53,4.45,8.47
Edamame Deluxe Original,100 g,100.0,8.0,4.0,10.0
Kacang Koro Pedas,100 g,500.0,71.43,21.43,21.43
Kacang Hitam,100 g,91.0,16.56,0.29,6.03
Kacang Arab,100 g,364.0,60.65,6.04,19.3
Kacang Koro Kulit,100 g,125.0,13.0,6.0,5.0
Crunchy Peanut Butter,100 g,566.67,33.33,40.0,23.33
Sumpia Udang Pedas,100 g,500.0,60.0,22.5,10.0
Sukro Kacang Bersalut Original,100 g,520.0,64.0,24.0,8.0
Kacang Kulit,100 g,600.0,16.0,48.0,32.0
Kacang Mede Asin,100 g,625.0,27.5,47.5,20.0
Kacang Emas,100 g,491.0,60.26,24.6,7.15
Sukro Oven Rasa Bawang,100 g,545.45,54.55,31.82,18.18
Kacang Almond Lapis Madu,100 g,600.0,24.0,48.0,24.0
Kacang Kulit,100 g,607.14,17.86,46.43,28.57
Crunchy Peanut Butter,100 g,610.0,7.0,51.0,30.0
Sambal Pedas,100 g,175.0,20.0,10.0,5.0
Sambal Terasi Uleg,100 g,217.39,26.09,13.04,4.35
Sambal Rawit,100 g,125.0,15.0,7.5,5.0
Sambal Terasi,100 g,187.5,25.0,6.25,0.0
Sambal Terasi Rebus,100 g,73.0,11.02,3.05,1.84
Sambal Bawang,100 g,312.5,25.0,18.75,0.0
Sambal Ijo,100 g,225.0,20.0,15.0,5.0
Sambal Geprek,100 g,312.5,25.0,18.75,0.0
Sambal Bawang,100 g,375.0,25.0,18.75,0.0
Saus Sambal,100 g,100.0,26.67,0.0,0.0
Sambal Korek,100 g,225.0,32.5,11.25,2.5
Sambal Terasi,100 g,250.0,16.67,5.56,5.56
Sambal Cumi,100 g,125.0,4.33,6.02,12.89
Sambal Bawang,100 g,318.18,9.09,27.27,0.0
Sambal Roa,100 g,87.0,2.5,3.15,10.5
Sambal Bawang,100 g,333.33,20.0,26.67,6.67
Sambal Ijo,100 g,409.09,9.09,36.36,9.09
Sambel Pecel,100 g,440.0,46.0,20.0,18.0
Sambal Terasi,100 g,166.67,26.67,6.67,6.67
Sambal Rawit,100 g,125.0,15.0,7.5,5.0
Sambal Terasi,100 g,200.0,33.33,6.67,6.67
Sambal Terasi,100 g,200.0,26.67,6.67,6.67
Sambal Rumahan Balado Merah,100 g,230.77,23.08,15.38,0.0
Sambal Pecel Pedas,100 g,1250.0,90.0,80.0,40.0
Saus Sambal,100 g,166.67,33.33,0.0,0.0
Sambal Pedas Dahsyat,100 g,208.33,41.67,0.0,0.0
Sambal Bawang,100 g,266.67,13.33,23.33,6.67
Sambal Bajak,100 g,250.0,25.0,12.5,0.0
Sambal Teri,100 g,375.0,37.5,18.75,12.5
Sambal Terasi,100 g,133.33,13.33,6.67,6.67
Sambal Terasi,100 g,250.0,50.0,2.5,5.0
Sambal Bangkok,100 g,230.77,61.54,0.0,0.0
Sarden Sambal Balado,100 g,115.38,1.28,1.28,23.08
Sambal Ekstra Pedas,100 ml,100.0,26.67,0.0,0.0
Sambal Bangkok,100 g,200.0,40.0,0.0,0.0
Sambal Terasi,100 g,166.67,26.67,3.33,0.0
Sarden dalam Sambal Bangkok,100 g,116.67,10.0,3.33,13.33
Sambal Udang,100 g,137.0,24.59,2.47,4.78
Sambal Kecombrang,100 g,375.0,12.5,37.5,0.0
Sarden Sambal Hijau,100 g,116.67,1.67,4.17,18.33
Homestyle Sambal Terasi,100 g,277.78,44.44,8.33,5.56
Sambal Kecombrang,100 g,375.0,12.5,37.5,0.0
Sambal Asli ABC,100 g,100.0,26.67,0.0,0.0
Sambal Udang,100 g,306.67,26.67,20.0,6.67
Bakmi Sambal Matah,100 g,402.88,43.88,20.14,12.23
Sambal Ijo,100 g,266.67,13.33,20.0,0.0
Sambal Rawit Bawang,100 g,300.0,20.0,20.0,0.0
Sambal Gado Gado,100 g,200.0,26.67,6.67,6.67
Bumbu Racik Nasi Goreng Sambal Matah,100 g,200.0,40.0,0.0,0.0
Sambal Balado,100 g,200.0,20.0,10.0,0.0
Choco Pillow,100 g,450.0,70.0,15.0,10.0
Sambal Goreng Kentang,100 g,102.0,10.15,3.02,8.72
Sambal Korek,100 g,666.67,3.33,70.0,3.33
Saus Sambal,100 ml,166.67,33.33,0.0,0.0
Sambal Terasi Uleg,100 g,187.5,25.0,6.25,0.0
Sambal Pedas Manis,100 g,166.67,41.67,0.0,0.0
Sambal Rebon Kering,100 g,333.33,33.33,16.67,33.33
Sambal Tabur,100 g,333.33,33.33,0.0,0.0
Sambal Ekstra Pedas,100 ml,133.33,33.33,0.0,0.0
Sambal Nusantara Rendang,100 g,250.0,38.89,8.33,5.56
Sambal Bajak,100 g,266.67,26.67,16.67,0.0
Sambal Uleg Udang,100 g,437.5,12.5,37.5,12.5
Cabai Tabur Jambal,100 g,333.33,33.33,0.0,33.33
Saus Sambal Ekstra Pedas,100 ml,133.33,33.33,0.0,0.0
Sambal Pedas Uleg,100 g,175.0,20.0,10.0,5.0
Sambal Pedas Indofood,100 g,111.11,33.33,0.0,0.0
Sambal Kemiri,100 g,225.0,15.0,17.5,5.0
Sambal Uleg Kemiri,100 g,225.0,15.0,17.5,5.0
Bumbu Nasi Goreng Rasa Sambal Matah,100 g,333.33,33.33,0.0,0.0
Soya Bean Sauce with Chillies (Sambal Kecap),100 g,600.0,78.57,28.57,7.14
Sambal Ijo Uleg,100 g,225.0,20.0,15.0,5.0
Sambal Goreng Ati,100 g,250.0,35.71,10.71,7.14
Sambal Fried Chicken,100 g,0.0,12.5,0.0,0.0
Sambal Nusantara Teri,100 g,194.44,33.33,5.56,5.56
Sambal Nusantara Geprek,100 g,138.89,16.67,8.33,5.56
Saus Sambal,100 g,125.0,25.0,0.0,0.0
Sambal Nusantara Hijau,100 g,138.89,22.22,5.56,0.0
Piattos Sambal Geprek,100 g,533.33,66.67,23.33,6.67
Sambal Balado,100 g,500.0,72.22,19.44,5.56
Saus Sambal,100 g,100.0,30.0,0.0,0.0
Sambal Extreme Pedas,100 ml,133.33,33.33,0.0,0.0
Sambal Nusantara Terasi Khas Jawa Barat,100 g,250.0,38.89,8.33,5.56
Sambal Bawang Pedas,100 ml,125.0,25.0,0.0,0.0
Sambal Extra Pedas,100 g,133.33,26.67,0.0,0.0
Mie Sambal Goreng,100 g,465.91,63.64,18.18,10.23
Oatmeal,100 g,416.67,63.89,13.89,11.11
Oatmeal Muesli,100 g,450.0,72.5,12.5,7.5
Sambal Rendang,100 g,250.0,37.5,12.5,0.0
Saus Sambal,100 g,200.0,46.67,0.0,0.0
Sambal Ekstra Pedas,100 g,125.0,33.33,0.0,0.0
Sambal Terasi Ala Sunda,100 g,200.0,30.0,10.0,0.0
Sambal Matah Grilled Chicken,100 g,1411.43,111.43,110.57,100.86
Sambal Terasi,100 g,400.0,26.67,30.0,6.67
Kerupuk Rasa Bawang,100 g,250.0,85.0,0.0,0.0
Krupuk Bawang,100 g,266.67,3.33,23.33,10.0
Kerupuk Goreng Pasir,100 g,357.0,83.52,1.78,1.46
Kerupuk Udang Nusantara,100 g,350.0,75.0,0.0,10.0
Kerupuk Ikan,100 g,520.0,64.0,28.0,4.0
Kerupuk Seblak,100 g,561.0,54.0,36.0,6.0
Kerupuk Mie Kuning,100 g,475.0,69.73,20.77,0.49
Kerupuk Kulit Sapi,100 g,350.0,0.02,4.19,80.12
Kerupuk Udang,100 g,350.0,84.0,0.0,2.0
Opak,100 g,365.0,74.9,3.63,5.95
Kerupuk Ikan Sanggul,100 g,520.0,64.0,28.0,4.0
Kerupuk Koin Pedas,100 g,460.0,19.0,20.0,9.0
Kerupuk Kemplang Panggang,100 g,700.0,160.0,0.0,20.0
Kerupuk Udang Goreng,100 g,500.0,70.0,20.0,0.0
Kerupuk Keriting,100 g,350.0,85.0,0.0,0.0
Emping Melinjo,100 g,350.0,69.79,1.49,12.11
Prawn Crackers,100 g,433.33,76.67,11.67,6.67
Lanting Getuk,100 g,425.0,80.07,10.06,0.8
Rice Crackers Mixed Berries,100 g,375.0,90.0,0.0,5.0
Kerupuk Udang,100 g,120.0,80.0,0.0,10.0
Kerupuk Udang Rasa Kari,100 g,466.67,66.67,20.0,0.0
Lemon Crackers Sandwich,100 g,473.68,68.42,21.05,7.89
Peyek Kacang,100 g,486.0,57.12,26.37,6.33
Snack Red,100 g,450.0,80.0,12.5,10.0
Peanut Butter Sandwich,100 g,500.0,63.33,23.33,10.0
Egg Roll,100 g,400.0,80.0,7.5,10.0
Popped Rice Crackers Sea Salt,100 g,400.0,80.0,0.0,8.57
Malkist Cappuccino,100 g,500.0,66.67,22.22,5.56
Kerupuk Udang Rasa Barbeque,100 g,466.67,66.67,23.33,0.0
Malkist Kornet,100 g,444.44,72.22,13.89,11.11
Oat Krunch Chunky Hazelnut,100 g,500.0,65.38,23.08,7.69
Siip Bite Roasted Corn,100 g,500.0,50.0,37.5,0.0
Stik Tenggiri,100 g,475.0,60.0,20.0,15.0
Siip Net,100 g,600.0,50.0,40.0,10.0
Kremesan,100 g,475.0,62.63,24.48,1.5
Peanut Crackers,100 g,520.0,64.0,24.0,8.0
Flying Fish Biscuits,100 g,466.67,70.0,16.67,6.67
Sugar Crackers,100 g,466.67,66.67,20.0,10.0
Pang Pang Jagung Bakar,100 g,447.0,71.27,16.45,3.36
Milkies,100 g,565.22,56.52,30.43,8.7
Kerupuk Keju,100 g,600.0,50.0,45.0,5.0
Milk Chocolate,100 g,440.0,80.0,8.0,8.0
Lemon Cream Crown Biscuit,100 g,500.0,66.67,23.33,10.0
Shrimp Crackers,100 g,500.0,64.29,25.0,7.14
Malkist Cokelat Kelapa,100 g,526.32,57.89,26.32,10.53
Lovely Cream Sandwich Lemon,100 g,480.0,64.0,24.0,8.0
Cheese Flavoured Rings,100 g,500.0,65.0,25.0,5.0
Chicken Flavoured Crackers,100 g,500.0,66.67,23.33,3.33
Siip Chicken Flavour,100 g,500.0,50.0,37.5,0.0
Superco,100 g,500.0,50.0,11.11,5.56
Brondong Ketan,100 g,380.0,86.0,1.5,6.0
Biskies,100 g,526.32,63.16,28.95,5.26
Lemonia,100 g,500.0,65.0,25.0,5.0
Plain Crackers with Sesame,100 g,438.46,70.77,11.92,11.92
Biskies Chocolate,100 g,500.0,55.0,25.0,5.0
Amplang,100 g,506.0,57.14,27.19,8.07
Kerupuk Udang Rasa Rumput Laut,100 g,500.0,70.0,25.0,0.0
Hokkaido Milk,100 g,440.0,80.0,8.0,8.0
Plain Crackers,100 g,461.54,73.08,13.46,11.54
Malkist Crackers (2),100 g,444.44,72.22,16.67,11.11
Cream Crackers,100 g,483.87,64.52,22.58,9.68
Kerupuk Kulit Kerbau,100 g,422.0,0.0,4.0,83.0
Fugu & Friends,100 g,450.0,70.0,20.0,10.0
Tater Thins Potato Snack Truffle Flavor,100 g,550.0,60.0,30.0,5.0
Onion Chicken,100 g,400.0,80.0,8.0,8.0
Peanut Crackers,100 g,533.33,60.0,26.67,10.0
Klik Crackers,100 g,500.0,66.67,25.0,8.33
Cream Wafers Strawberry,100 g,480.0,72.0,20.0,4.0
Sponge Crunch Cheddar Cheese,100 g,583.33,58.33,37.5,8.33
Popped Rice Crackers Roasted Corn,100 g,400.0,80.0,8.0,8.0
Malkist Tabur Keju (3),100 g,470.59,58.82,20.59,11.76
Shrimp Crackers,100 g,500.0,70.0,20.0,0.0
Madeleine Crackers,100 g,554.55,54.55,36.36,9.09
Cream Crackers,100 g,481.48,66.67,16.67,7.41
Basreng Pedas,100 g,526.0,55.22,31.02,6.36
Vege Biscuit,100 g,500.0,63.33,23.33,10.0
Pepper Crackers,100 g,500.0,63.33,20.0,10.0
Klapis,100 g,500.0,66.67,27.78,5.56
Choco Sourdough Cracker,100 g,488.0,64.0,20.0,8.0
Cream Crackers,100 g,437.5,68.75,15.62,6.25
Crispy Crackers,100 g,500.0,71.43,17.86,7.14
Malkist Sweet Crackers,100 g,476.19,71.43,16.67,9.52
Popped Rice Crackers Umami Seaweed,100 g,400.0,80.0,8.0,8.0
Makaroni Ulir Pedas,100 g,493.0,69.6,23.39,1.06
Biskies Vanilla,100 g,500.0,61.11,27.78,5.56
Vege Crackers,100 g,466.67,66.67,20.0,6.67
Original Sourdough Cracker,100 g,488.0,64.0,20.0,12.0
Cizzring,100 g,470.59,76.47,17.65,0.0
Biskuit Kelapa Kopyor,100 g,500.0,75.0,20.0,5.0
Trenz,100 g,500.0,70.0,20.0,0.0
Dimsum Goreng Keju,100 g,280.0,15.04,18.01,14.06
Bihun Goreng,100 g,152.0,18.26,5.68,5.91
Roti Goreng,100 g,320.0,47.69,11.36,7.18
Sukun Goreng,100 g,223.0,30.64,12.29,1.21
Jukut Goreng,100 g,181.0,16.14,12.16,2.63
Getuk Goreng,100 g,359.0,74.06,6.68,1.31
Ikan Mas Goreng,100 g,117.0,0.17,4.39,18.16
Tape Goreng,100 g,217.0,40.0,5.31,2.04
Ikan Pindang Goreng,100 g,189.0,0.71,10.0,23.09
Mie Goreng,100 g,477.78,63.33,21.11,10.0
Kerupuk Goreng Pasir,100 g,357.0,83.52,1.78,1.46
Nasi Goreng tanpa Daging,100 g,151.0,20.97,5.48,4.23
Ayam Goreng,100 g,260.0,10.76,14.55,21.93
Pangsit Goreng,100 g,433.33,32.41,29.26,9.63
Nasi Goreng,100 g,168.0,21.06,6.23,6.3
Mie Goreng,100 g,318.18,54.55,9.09,9.09
Mi Goreng,100 g,475.0,61.25,21.25,9.0
Ikan Layang Goreng,100 g,220.0,0.61,13.19,24.01
Usus Ayam Goreng,100 g,345.0,19.84,21.69,17.78
Teh Gelas,100 g,4500.0,1100.0,0.0,0.0
Mi Goreng Kriuk Pedas,100 g,444.44,66.67,15.56,10.0
Mi Goreng Spesial,100 g,487.5,66.25,22.5,7.5
Cumi Goreng,100 g,125.0,9.9,2.17,15.13
Ikan Belanak Goreng,100 g,169.0,2.51,9.2,18.0
Sambal Goreng Ati,100 g,250.0,35.71,10.71,7.14
Kentang Goreng French Fries 2000,100 g,450.0,80.0,15.0,0.0
Mi Goreng,100 g,400.0,72.5,8.75,8.75
Mie Goreng Jumbo,100 g,465.12,61.24,20.16,9.3
Mie Goreng Rasa Bulgogi,100 g,455.56,68.89,15.56,7.78
Potongan Daging Babi Goreng,100 g,279.0,0.0,18.5,26.41
Sambal Matah,100 g,482.35,60.0,23.53,9.41
Minyak Goreng,100 ml,818.18,0.0,90.91,0.0
Minyak Goreng,100 ml,800.0,0.0,90.0,0.0
Ayam Goreng Bawang Putih,100 g,276.0,5.04,18.06,23.02
Indomie Goreng,100 g,447.06,63.53,16.47,9.41
Kentang Goreng,100 g,180.0,31.0,4.5,4.0
Kentang Goreng (Buatan) Rumah,100 g,185.0,23.39,9.64,2.17
Mi Keriting Goreng Spesial,100 g,444.44,62.22,16.67,11.11
Bawang Merah Goreng,100 g,500.0,50.0,30.0,10.0
Mi Goreng Ayam Geprek,100 g,482.35,57.65,23.53,10.59
Pisang Goreng,100 g,263.16,43.16,8.42,3.16
Daging Kambing Goreng,100 g,153.0,0.0,4.52,26.46
Mi Goreng Aceh,100 g,477.78,61.11,21.11,10.0
Dada Ayam Goreng tanpa Pelapis (Kulit Dimakan),100 g,216.0,0.0,9.1,31.67
Sambal Goreng Kentang,100 g,102.0,10.15,3.02,8.72
Mie Goreng Sedaaap,100 g,444.44,67.78,14.44,11.11
Mie Goreng Spesial,100 g,475.0,56.25,25.0,7.5
Fit Active,100 ml,27.27,6.36,0.0,0.3
Ikan Tongkol Goreng,100 g,200.0,2.38,11.41,20.95
Mie Goreng,100 g,483.33,61.67,21.67,10.0
Bumbu Nasi Goreng Rendang,100 g,375.0,75.0,0.0,0.0
Mie Goreng,100 g,400.0,52.0,18.0,8.0
Tango Wafer,100 g,500.0,70.0,20.0,10.0
Goreng Pedes Gledek,100 g,493.33,60.0,24.0,8.0
Extra Pedas Goreng Jalapeno,100 g,447.06,63.53,16.47,9.41
Minyak Goreng,100 ml,800.0,0.0,90.0,0.0
Kol Goreng,100 g,90.0,10.62,4.72,2.76
Bumbu Racik Tempe Goreng,100 g,250.0,50.0,0.0,0.0
Mie Goreng Rasa Rendang,100 g,461.54,59.34,20.88,9.89
Sarden Goreng Dalam Sambal Balado,100 g,183.33,5.0,11.67,13.33
Bihunku Goreng,100 g,383.33,78.33,6.67,3.33
Goreng Special,100 g,383.33,78.33,6.67,3.33
Mi Goreng Rasa Sambal Matah,100 g,482.35,60.0,23.53,9.41
Mie Sambal Goreng,100 g,465.91,63.64,18.18,10.23
Ikan Bandeng Goreng,100 g,233.0,2.38,16.4,18.08
Kwetiau Goreng,100 g,210.0,26.0,9.0,7.0
Kentang Goreng,100 g,274.0,35.66,14.06,3.48
Toge Goreng,100 g,94.0,14.22,2.8,5.25
Mi Goreng Rasa Iga Penyet,100 g,437.5,65.0,16.25,10.0
Mie Goreng Extra Pedas,100 g,440.0,68.0,16.0,9.33
Ayam Goreng Mcd Spicy,100 g,273.0,9.9,16.8,19.0
Spix Mi Goreng,100 g,533.33,60.0,26.67,6.67
Soto Betawi,100 g,135.0,11.44,8.85,4.05
Soto Banjar,100 g,100.0,5.29,6.71,4.66
Bumbu Soto Ayam,100 g,200.0,20.0,10.0,10.0
Soto Bandung,100 g,42.0,2.51,1.71,4.48
Bumbu Soto Ayam,100 g,111.11,22.22,0.0,11.11
Rasa Soto Mie,100 g,428.57,65.71,14.29,10.0
Soto Padang,100 g,126.99,11.09,6.69,5.86
Rasa Soto,100 g,345.45,70.91,10.91,3.64
Rasa Soto Ayam,100 g,467.53,58.44,20.78,10.39
Lemonilo Soto Koya,100 g,366.67,68.33,5.0,11.67
Tongseng Khas Solo,100 g,269.23,38.46,11.54,0.0
Mi Rebus Soto,100 g,57.14,8.57,1.43,0.0
Mie Gaga 100 Extra Pedas Kuah Soto,100 g,440.0,60.0,17.33,12.0
Indomie Soto Koya Pedas Dower,100 g,460.53,60.53,19.74,9.21
Soto Spesial,100 g,440.0,58.67,18.67,9.33
Rasa Soto Ayam dengan Nasi,100 g,466.67,64.0,20.0,9.33
Soto Koya Nagih,100 g,460.53,60.53,19.74,10.53
Rasa Soto,100 g,453.33,61.33,18.67,12.0
Racik Bumbu Spesial Soto Ayam,100 g,222.22,22.22,11.11,11.11
Rawon,100 g,119.0,3.48,7.4,9.6
Bumbu Nasi Goreng Soto,100 g,250.0,50.0,0.0,0.0
Bumbu Soto Ayam,100 g,230.77,23.08,15.38,0.0
Nasi Goreng Soto,100 g,250.0,50.0,0.0,0.0
Soto Betawi,100 g,675.0,40.0,15.0,10.0
Mie Gepeng Soup Green Chili Soto,100 g,432.84,59.7,17.91,10.45
Mie Instan Kuah Rasa Soto Koya,100 g,366.67,68.33,5.0,11.67
Vegan Noodle Rasa Soto,100 g,458.82,60.0,20.0,8.24
Soto Betawi,100 g,272.73,27.27,18.18,0.0
Sarimi Isi 2 Rasa Soto,100 g,407.08,54.87,17.7,7.96
Sarimi Gelas Rasa Soto Ayam,100 g,466.67,53.33,23.33,10.0
Fitmee Rasa Soto,100 g,65.22,10.87,2.17,0.0
Super Bubur dengan Kuah Soto,100 g,413.04,76.09,8.7,8.7
Fitmee Soto,100 g,65.22,10.87,2.17,0.0
Pake Nasi Rasa Soto Ayam,100 g,466.67,64.0,20.0,9.33
Mi Instan Konyaku Rasa Soto,100 g,65.22,10.87,2.17,0.0
Rasa Soto,100 g,418.18,70.91,10.91,9.09
Sotong Tahu Bulat,100 g,346.0,50.72,14.02,4.55
Mie Sedaap Cup Soto,100 g,480.52,55.84,24.68,11.69
Mie Sukses Isi 2 Rasa Soto,100 g,450.45,63.06,16.22,11.71
Pop Mie Mini rasa Soto Mie,100 g,435.9,56.41,20.51,7.69
Mie Rasa Soto Koya Pedas Dower,100 g,460.53,60.53,19.74,9.21
Jiwa Pagi Rasa Soto,100 g,369.23,63.08,6.15,15.38
Super Bubur dengan Kuah Soto,100 g,413.04,76.09,8.7,8.7
Rasa Soto Madura,100 g,463.41,59.76,19.51,10.98
Baked Soto,100 g,381.58,72.37,5.92,9.21
Bihunku Seduh Rasa Soto Ayam,100 g,333.33,79.17,0.0,0.0
Isi 2 Soto Koya Jeruk Nipis,100 g,450.0,62.0,19.0,10.0
Soto Banjar,100 g,449.28,62.32,18.84,10.14
Oatmeal Rasa Soto Ayam,100 g,392.86,64.29,7.14,14.29
Rasa Soto Padang,100 g,440.0,58.67,18.67,10.67
Soto Banjar Limau Kuit,100 g,453.33,60.0,18.67,9.33
Mie Rasa Soto Lamongan,100 g,450.0,60.0,17.5,12.5
Bihun Rasa Soto Ayam,100 g,363.64,9.09,0.0,0.0
Isi 2 Soto Koya Jeruk Nipis,100 g,464.29,65.18,18.75,8.93
Soto Daging,100 g,200.0,20.0,5.0,10.0
Soto Medan,100 g,442.86,60.0,17.14,10.0
Bumbu Praktis Soto Ayam,100 g,125.0,25.0,0.0,0.0
Nasindo Rasa Soto,100 g,107.69,21.54,1.54,1.54
Soto Padang,100 g,440.0,58.67,18.67,10.67
Mi Goreng Rasa Soto,100 g,470.59,62.35,21.18,9.41
Supermi Extra Rasa Soto Daging,100 g,440.0,65.0,15.0,9.0
Mie Gelas Rasa Soto Ayam,100 g,480.0,60.0,24.0,12.0
Mi Coto Makassar,100 g,440.0,61.33,17.33,10.67
Soto Spesial,100 g,380.0,80.0,5.0,4.0
Mi Instan Rasa Soto Mi,100 g,453.33,62.67,18.67,9.33
Mi Instan Kuah Rasa Soto,100 g,362.5,56.25,10.0,11.25
Sate Padang,100 g,161.0,6.79,6.63,18.01
Sate Padang,100 g,161.0,6.79,6.63,18.01
Sate Kerang,100 g,155.0,10.8,3.69,19.58
Buncis Orek Tempe,100 g,211.11,12.22,13.33,8.89
Ayam Balado,100 g,207.0,3.0,10.0,23.0
Beef Broccoli Fried Rice,100 g,223.33,21.67,10.0,10.83
Ayam Spesial Jamur,100 g,162.0,15.0,2.0,20.0
Lemon Pepper Chicken,100 g,113.33,0.83,0.83,23.33
Kurma Khalas,100 g,325.0,76.0,0.4,4.4
Hongkong Soya Chicken,100 g,144.17,3.33,3.33,23.33
Sale Pisang,100 g,276.0,66.51,0.9,2.87
Ayam Kungpao,100 g,297.78,15.56,13.33,25.56
Thai Basil Chicken,100 g,186.67,7.78,4.44,26.67
Ayam Krim Italia,100 g,133.33,5.56,5.56,15.56
Kailan Sapi,100 g,104.0,5.0,6.0,8.0
Ceciwis Jamur,100 g,68.0,13.0,1.0,3.0
Mooyam Steak,100 g,140.0,4.0,4.67,20.0
Kurma Khenaizi,100 g,325.0,44.0,0.24,1.5
Sale Pisang,100 g,450.0,70.0,17.5,5.0
Ayam Ala Jepang,100 g,122.22,5.56,3.33,17.78
Sapi Iris Mercon,100 g,386.25,3.75,25.0,35.0
Ayam Sambal Matah,100 g,215.83,4.17,14.17,15.83
Udang Goreng Mentega,100 g,202.0,12.0,7.0,19.0
Sayur Campur Tumis,100 g,120.0,0.0,0.0,0.0
Mooyam Garlic,100 g,120.0,2.0,1.5,24.0
Sapi Ala Jepang,100 g,255.56,6.67,16.67,17.78
Cumi Cabe Hijau,100 g,304.0,10.0,21.0,17.0
Garlic Lime Rice,100 g,142.5,0.0,0.0,0.0
Ayam Kecombrang,100 g,202.5,2.5,7.5,28.75
Brokoli Sultan,100 g,100.0,11.0,5.0,2.0
Kacang Panjang Sapi,100 g,107.0,11.0,5.0,4.0
Truffle Mushroom Chicken,100 g,185.0,4.0,7.0,20.0
Creamy Miso Udon,100 g,240.0,33.0,9.0,6.0
Aglio Olio Pasta,100 g,132.5,6.67,11.67,0.83
Honey Garlic Chicken Bites,100 g,200.0,18.89,7.78,13.33
Mooyam Spicy,100 g,123.08,4.62,0.77,25.38
Pakcoy Tahu,100 g,60.0,5.0,1.5,5.0
Mie Goreng Jawa,100 g,190.83,35.0,4.17,9.17
Claypot Egg Tofu,100 g,125.0,10.0,7.0,6.0
Sapi Ala Mongolia,100 g,395.0,5.0,26.25,35.0
Sapi Iris Limau,100 g,400.0,11.25,32.5,16.25
Stir Fried Tofu And Mushroom,100 g,139.0,8.0,11.0,3.0
Butter Spam Fried Rice,100 g,162.5,0.0,0.0,0.0
Kurma Khenaizi,100 g,330.91,80.0,0.44,2.73
Italian Pesto Chicken,100 g,163.0,3.0,5.0,24.0
Honey Mustard Chicken,100 g,148.33,0.83,5.83,23.33
Kurma Lulu,100 g,325.0,76.0,0.4,4.4
Tini Wini Biti Rasa Sate Ayam,100 g,500.0,66.67,20.83,8.33
Kimchi Fried Rice,100 g,222.0,27.0,9.0,6.0
Sake,100 ml,132.0,4.92,0.0,0.49
Jeju Choco Late,100 ml,66.67,8.89,2.22,2.22
Pai Apel (Satu Kerak),100 g,242.0,39.02,9.25,1.81
Biskuit Rasa Sate,100 g,470.59,70.59,17.65,5.88
Mooyam Original,100 g,130.43,0.0,2.17,26.96
Mooyam Tomato Chili,100 g,140.0,7.33,2.67,21.33
Coffee-Mate,100 g,500.0,60.0,30.0,0.0
Cajun Butter Chicken,100 g,145.0,0.83,4.17,23.33
Dada Ayam Asap,100 g,130.0,0.0,2.0,27.0
Mooyam Meatballs,100 g,120.0,3.0,6.0,15.0
Pentol,100 g,269.0,17.23,15.88,13.74
Bakso Kuah,100 g,134.62,4.81,3.85,20.19
Bakso Urat,100 g,123.08,12.31,3.85,12.31
Bakso Sapi,100 g,220.0,6.0,16.0,14.0
Bakso Sapi Kuah,100 g,158.33,10.0,7.5,11.67
Bakso Polos,100 g,138.46,4.62,4.62,20.0
Bakso Sapi Kasar/Urat,100 g,160.0,12.0,9.0,10.0
Bakso Daging Sapi,100 g,200.0,18.0,10.0,10.0
Bakso tanpa Daging,100 g,197.0,8.0,9.0,21.0
Bakso Ayam,100 g,160.0,12.0,8.0,9.0
Bakso Sapi & Ayam,100 g,121.21,6.06,3.03,21.21
Bakso,100 g,325.0,9.2,2.5,4.1
Baso Ikan,100 g,100.0,15.0,0.0,10.0
Swedish Meatballs,100 g,240.51,5.06,17.72,13.92
Bakso Gochujang,100 g,127.27,7.27,4.55,16.36
Bakso Sapi,100 g,140.0,8.0,6.0,12.0
Bakso Keju,100 g,183.33,6.67,6.67,21.67
Bakso Daging Sapi,100 g,160.0,3.0,10.0,16.0
Bakso Keju,100 g,145.83,8.33,7.29,14.58
Bakso Hot,100 g,163.64,10.91,7.27,14.55
Bakso Ayam,100 g,120.0,10.0,1.0,18.0
Rasa Bakso Sapi,100 g,360.0,80.0,4.0,4.0
Bakso Udang,100 g,146.67,18.67,4.67,8.0
Bakso Ikan,100 g,173.33,17.33,6.67,10.67
Bakso Ikan,100 g,125.0,15.0,5.0,10.0
Bakso Daging Ayam Keju (Ready To Go),100 g,116.67,6.67,5.83,11.67
Probites Bakso Sweet & Spicy,100 g,116.67,8.33,3.33,11.67
Bakso Sapi,100 g,116.67,10.0,2.5,14.17
Fish Roll,100 g,160.0,22.0,3.0,10.0
Squid Ball Bakso Cumi,100 g,100.0,12.0,0.0,12.0
Bakso Daging Ayam,100 g,270.0,21.0,17.0,8.0
Bakso Daging Sapi,100 g,140.0,6.0,5.0,18.0
Bakso Ayam,100 g,120.0,4.0,6.0,14.0
Fish Scallop,100 g,208.33,33.33,8.33,8.33
Fish Ball,100 g,125.0,15.0,5.0,5.0
Bakso Ikan Besar,100 g,125.0,15.0,5.0,10.0
Bakso Ayam,100 g,130.0,10.0,4.5,13.0
Chikuwa Mini,100 g,150.0,20.0,2.5,15.0
Bakso Sapi,100 g,270.83,9.17,5.0,13.33
Bakso Original,100 g,145.83,8.33,9.38,16.67
Bakso Keju,100 g,160.0,9.0,8.0,13.0
Scallop,100 g,100.0,16.0,1.0,10.0
Bakso Sapi,100 g,100.0,6.67,1.67,15.0
Bakso Daging Ayam Saus Barbekiu,100 g,140.0,10.0,6.0,14.0
Bakso Serba Guna,100 g,107.69,4.62,2.31,18.46
Bola Udang,100 g,160.0,17.0,6.0,9.0
Bakso Ikan Dan Udang,100 g,166.67,16.67,12.5,8.33
Bakso Kuah,100 g,90.0,4.0,0.5,18.0
Baso Ikan Dan Udang,100 g,166.67,16.67,12.5,8.33
Bola Lobster,100 g,170.0,18.0,7.0,8.0
Bakso Bayam,100 g,219.0,29.0,8.0,11.0
Bakso Ikan Pedas,100 g,177.78,13.33,10.0,8.89
Bakso Ayam,100 g,141.67,14.17,3.33,13.33
Bakso Cumi,100 g,175.0,20.0,7.5,10.0
Tofu Fish Cake,100 g,225.0,15.0,17.5,10.0
Bakso Sapi,100 g,150.0,12.0,6.0,12.0
Bakso Ayam Keju,100 g,191.67,11.67,9.17,14.17
Bakso Ayam,100 g,180.0,14.0,8.0,14.0
Bakso Ikan Kuah,100 g,108.33,17.5,0.0,10.83
Bakso Sapi,100 g,180.0,16.0,7.0,12.0
Bakso Sosis,100 g,160.0,9.0,8.0,13.0
Bumbu Kuah Bakso,100 g,200.0,20.0,10.0,6.67
Bakso Udang,100 g,120.0,18.0,2.0,7.0
Bakso Urat,100 g,100.0,6.67,1.67,16.67
Yong Tofu,100 g,150.0,10.0,9.0,8.0
Bakso Sb Premium,100 g,138.46,3.08,5.38,21.54
Chicken Ball,100 g,160.0,12.0,8.0,9.0
Bola Kepiting,100 g,170.0,19.0,7.0,8.0
Cuanki,100 g,520.0,52.0,32.0,4.0
Bakso Udang,100 g,291.67,33.33,0.0,8.33
Tepung Bakso Goreng,100 g,257.14,60.0,0.0,2.86
Baso Spesial,100 g,467.53,54.55,22.08,11.69
Baso Aci Geprek,100 g,368.0,50.16,14.97,8.12
Bakso Daging Sapi Dan Ayam Kombinasi,100 g,160.0,14.0,7.0,10.0
Spicy Cheese Dumpling,100 g,200.0,14.44,11.11,11.11
Bubur Nasi,100 g,72.0,15.26,0.54,1.5
Bubur Sumsum,100 g,174.0,33.79,3.57,1.97
Bubur Kacang Hijau,100 g,108.0,17.76,3.06,3.54
Bubur Pedas,100 g,81.0,12.09,2.13,3.96
Bubur Candil,100 g,84.0,18.53,1.05,0.46
Bubur Ketan Hitam,100 g,241.0,45.37,5.39,2.97
Bubur Instan Rasa Ayam,100 g,377.78,71.11,6.67,6.67
Bubur Spesial 3 Kombinasi,100 g,39.97,6.0,1.0,2.0
Super Bubur dengan Kuah Soto,100 g,413.04,76.09,8.7,8.7
Bubur Ayam,100 g,69.18,10.68,1.76,2.15
Bubur Ayam,100 g,50.0,11.0,0.0,2.0
Bubur Sereal Multigrain,100 g,406.25,84.38,3.12,9.38
Susu Bubuk Full Cream,100 g,320.0,40.0,28.0,20.0
Coklat Bubuk,100 g,400.0,50.0,13.33,20.0
Susu Bubuk Cokelat,100 g,16000.0,2500.0,500.0,500.0
Kakao Bubuk,100 g,400.0,53.33,10.0,23.33
Bubur Tim Salmon Norwegia,100 g,400.0,80.0,6.0,12.0
Bubur Bayi Pisang Susu,100 g,400.0,70.0,7.5,15.0
Bubur Sapi,100 g,24.0,2.4,0.0,3.2
Sun Bubur Beras Merah,100 g,400.0,80.0,5.0,10.0
Lada Putih Bubuk,100 g,333.33,66.67,0.0,0.0
Bubur Shirataki (Keju),100 g,60.0,8.0,3.0,0.0
MP-ASI BUBUR BAYI,100 g,400.0,70.0,5.0,15.0
Bubur Ayam,100 g,36.0,7.2,0.0,1.6
Susu Bubuk Cokelat,100 g,485.71,74.29,14.29,22.86
Cabe Bubuk,100 g,500.0,66.67,0.0,0.0
Bubur Bayi,100 g,425.0,72.5,10.0,12.5
Sun Bubur Ayam Kampung & Bayam,100 g,400.0,75.0,5.0,10.0
Super Bubur Dengan Kuah Kari,100 g,413.04,78.26,7.61,6.52
Bubuk Protein,100 g,401.0,49.0,9.0,31.0
Bubur Shirataki Rasa Ayam Jamur,100 g,60.0,8.0,2.0,2.0
Bubur Aneka Kacang,100 g,120.0,21.5,2.25,3.5
Bubur Ketan Hitam,100 g,110.0,21.5,2.5,1.0
Susu Skim Bubuk,100 g,366.67,56.67,0.0,30.0
Kopi Bubuk,100 g,500.0,100.0,0.0,0.0
Bubuk Kedelai Murni,100 g,400.0,46.0,7.0,28.0
Susu Bubuk Full Cream,100 g,459.46,62.16,16.22,16.22
Kakao Bubuk (tanpa Gula),100 g,229.0,54.3,13.7,19.6
Matcha Bubuk,100 g,400.0,93.33,0.0,6.67
Super Bubur,100 g,422.22,71.11,6.67,6.67
Susu Bubuk,100 g,425.0,67.5,8.75,17.5
Super Bubur Rasa Ayam,100 g,377.78,71.11,6.67,6.67
Susu Bubuk Kompleta,100 g,371.43,65.71,4.29,14.29
Rasa Ayam,100 g,422.22,71.11,11.11,6.67
Bubur Aneka Kacang,100 g,138.89,21.67,3.89,3.89
Kacang Kedelai Bubuk,100 g,450.0,30.0,22.5,40.0
Super Bubur Rasa Abon Sapi,100 g,387.76,69.39,9.18,6.12
Ubur-ubur (Dikeringkan Asin),100 g,36.0,0.0,1.4,5.5
Susu Bubuk Coklat,100 g,450.0,67.5,12.5,12.5
Terasi Bubuk,100 g,250.0,0.0,0.0,25.0
Susu Bubuk,100 g,9000.0,1600.0,250.0,200.0
Kakao Bubuk,100 g,400.0,40.0,10.0,20.0
Bubuk Protein,100 g,406.0,12.0,26.8,42.34
Buryam,100 g,363.64,81.82,0.0,9.09
Bubur Bayi,100 g,400.0,77.5,6.25,10.0
Santan Bubuk,100 g,500.0,60.0,30.0,0.0
Selai Kacang Bubuk,100 g,384.62,61.54,7.69,30.77
Selai Chocolate Bubuk,100 g,384.62,61.54,7.69,30.77
Bubur dengan Kuah Kari,100 g,413.04,78.26,7.61,6.52
Bubur Tim Daging Dan Brokoli,100 g,400.0,80.0,6.0,12.0
Abon Sapi,100 g,387.76,69.39,9.18,6.12
Super Bubur dengan Kuah Soto,100 g,413.04,76.09,8.7,8.7
Sun Bubur Beras Merah,100 g,400.0,78.0,6.0,10.0
Minuman Rasa Limun dengan Gula (Dibuat dengan Bubuk Campuran),100 g,9200.0,2252.0,0.0,0.0
Susu Bubuk Full Cream Plain,100 g,13000.0,1100.0,700.0,600.0
Bubur Instan,100 g,375.0,71.88,6.25,7.81
Santan Bubuk,100 g,600.0,45.0,45.0,5.0
Sun Bubur Susu Sereal Pisang,100 g,400.0,80.0,7.5,10.0
Bubur Ketan Hitam,100 g,105.56,25.0,0.0,1.67
Susu Bubuk Kompleta Rasa Vanila,100 g,400.0,63.33,8.33,13.33
Susu Bubuk Skim,100 g,400.0,60.0,0.0,33.33
Bubur Kacang Hijau,100 g,400.0,75.0,5.0,10.0
Susu Bubuk Purefarm Full Cream,100 g,480.0,40.0,28.0,24.0
Agar-Agar Bubuk Hallow,100 g,357.14,85.71,0.0,0.0
Daun Kelor Bubuk,100 g,333.33,53.33,6.67,20.0
Organik Susu Kacang Bubuk,100 g,450.0,30.0,17.5,0.0
Bubuk Kedelai Murni,100 g,804.0,24.0,2.1,90.0
Organic Coklat Belgia Bubuk,100 g,512.5,51.25,32.5,8.75
Jahe Merah Ekstrak Bubuk,100 g,450.0,80.0,10.0,10.0
Susu Bubuk Instan Rasa Cokelat,100 g,447.37,65.79,15.79,13.16
Ayam Bakar (Kulit tidak Dimakan),100 g,188.0,0.0,7.35,28.69
Sosis Bakar,100 g,160.0,2.0,10.0,14.0
Ikan Kembung Bakar,100 g,169.0,3.2,8.01,20.46
Nila Bakar,100 g,130.0,0.6,3.05,25.38
Bumbu Bakar Pedas,100 g,300.0,70.0,0.0,0.0
Sosis Bakar,100 g,240.96,6.02,16.87,15.66
Terong Bakar,100 g,20.0,4.67,0.16,0.83
Tahu Bakar,100 g,118.0,4.04,7.08,12.06
Ikan Patin Bakar,100 g,144.0,2.22,6.61,17.78
Rasa Jagung Bakar,100 g,500.0,60.0,30.0,10.0
Akar Teratai,100 g,74.0,17.23,0.1,2.6
Bumbu Rasa Jagung Bakar,100 g,250.0,100.0,0.0,0.0
Kris Bee Krunchy Rasa Jagung Bakar Mentega,100 g,450.0,80.0,10.0,10.0
Sosis Bakar,100 g,160.0,2.0,7.0,20.0
Sosis Bakar,100 g,220.0,8.0,14.0,14.0
Bumbu Kentang Goreng Rasa Jagung Bakar,100 g,375.0,75.0,0.0,0.0
Sosis Lauk Rasa Ayam Bakar,100 g,140.0,12.0,3.0,16.0
Sosis Bakar,100 g,140.0,12.0,7.0,12.0
Roti Tawar,100 g,275.0,50.0,6.25,10.0
Nasi Jeruk Ayam Bakar,100 g,821.67,116.67,20.0,46.67
Roti Stik Abon Ayam,100 g,342.86,52.86,11.43,10.0
Rumput Laut Panggang Rasa Jagung Bakar,100 g,500.0,20.0,40.0,20.0
Ikan Bawal Bakar,100 g,144.0,0.0,5.04,23.0
Ubi Bakar Cilembu,100 g,86.0,20.12,0.05,1.57
"Daging Ayam (Panggang, Bakar, Dimasak)",100 g,167.0,0.0,6.63,25.01
Ayam Bakar Bumbu Rujak,100 g,250.0,33.33,8.33,8.33
Sukro Oven Jagung Bakar,100 ml,520.0,52.0,28.0,16.0
Roti Gandum,100 g,277.78,45.56,6.67,8.89
Sosis Bakar Mini,100 g,250.0,15.0,17.0,10.0
Jagung Bakar (15g),100 g,333.33,40.0,20.0,6.67
Roti Jagung,100 g,309.09,54.55,10.91,7.27
Roti Sandwich,100 g,288.89,55.56,3.33,8.89
Roti Bakar,100 g,307.0,53.71,5.62,12.84
Sosis Bakar,100 g,140.0,6.0,8.0,12.0
Jagung Bakar Pedas,100 g,416.67,50.0,25.0,8.33
Roti Sandwich tanpa Kulit Gandum,100 g,277.78,45.56,6.67,8.89
Sosis Bakar Jumbo,100 g,250.0,13.0,18.0,10.0
Momogi Jagung Bakar,100 g,500.0,60.0,30.0,10.0
Ubi Bakar Cilembu,100 g,86.0,20.12,0.05,1.57
Twistko Rasa Jagung Bakar,100 g,500.0,70.0,25.0,10.0
Nasi Bakar,100 g,166.67,25.15,4.55,6.67
Snack Nugget Rasa Jagung Bakar Pedas,100 g,500.0,70.0,20.0,10.0
Tortilla Chips Rasa Jagung Bakar,100 g,500.0,64.29,21.43,10.71
Sosis Rasa Ayam Bakar,100 g,170.0,18.0,6.0,10.0
Pocket Sandwich Chocolate,100 g,320.0,44.0,12.0,8.0
Milk Bread,100 g,300.0,52.5,5.0,10.0
Keripik Singkong Rasa Keju Bakar,100 g,400.0,56.0,20.0,0.0
Potato Bun with Custard Filling,100 g,314.29,50.0,10.0,7.14
Nasi Bakar Ayam,100 g,166.67,25.15,4.55,6.67
Sosis Bakar,100 g,120.0,8.0,6.0,12.0
Popcorn Keju Bakar,100 g,433.33,76.67,13.33,3.33
Potato Bun with Chocolate Filling,100 g,328.57,48.57,10.0,7.14
Yoritos Rasa Jagung Bakar,100 g,500.0,70.0,25.0,10.0
Roti Kok,100 g,437.0,74.8,10.0,11.1
Pocket Sandwich Peanut,100 g,360.0,42.0,16.0,10.0
Mie Goreng Ayam Bakar Limau,100 g,449.44,68.54,15.73,8.99
Pang Pang Jagung Bakar,100 g,447.0,71.27,16.45,3.36
Strawberry Roll,100 g,327.27,52.73,10.91,7.27
Red Bean Bun,100 g,327.27,52.73,9.09,7.27
Nasi Bakar Ikan Cakalang,100 g,196.23,31.7,4.53,7.17
Kaya Bun,100 g,311.11,57.78,8.89,6.67
Nasi Bakar Ikan Cakalang,100 g,196.23,31.7,4.53,7.17
Sosis Bakar,100 g,140.0,19.0,2.0,12.0
Roti Balok Rasa Cokelat,100 g,360.0,50.0,14.0,8.0
Iga Bakar,100 g,254.0,0.94,19.0,19.1
Ayam Bakar,100 g,372.0,7.14,30.95,17.57
Roti Susu,100 g,300.0,52.5,5.0,10.0
Corntoz Rasa Jagung Bakar,100 g,1200.0,140.0,70.0,10.0
Ayam Bakar Limau,100 g,449.44,68.54,15.73,8.99
Jagung Bakar (18g),100 g,555.56,61.11,33.33,5.56
Sapi Bumbu Bakar,100 ml,500.0,55.0,30.0,10.0
Chocolate Bun,100 g,311.11,51.11,10.0,6.67
Potabee Ayam Bakar,100 g,533.33,50.0,33.33,6.67
Ayam Bakar,100 g,555.56,61.11,33.33,5.56
Pocket Sandwich Peanut,100 g,360.0,42.0,16.0,10.0
Rasa Sosis Bakar,100 g,444.44,77.78,8.33,5.56
Chimi Keripik Ubi Jagung Bakar,100 g,560.0,56.0,32.0,4.0
Roti Bakar Rasa Coklat,100 g,381.82,52.73,16.36,7.27
Snack Bakso Rasa Udang Bakar,100 g,533.33,73.33,23.33,0.0
Sayuran Rebus (tanpa Daging),100 g,56.0,9.73,0.97,2.65
Kentang Rebus,100 g,87.0,20.13,0.1,1.87
Singkong Rebus,100 g,146.0,34.76,0.26,1.24
Sayur Brongkos,100 g,142.0,12.21,3.67,14.87
Pop Mie Rasa Ayam,100 g,426.67,61.33,14.67,12.0
Daun Ubi Tumbuk,100 g,102.0,6.56,8.01,3.49
Rawon Pedas Mercon,100 g,466.67,61.33,20.0,10.67
Sarimi Isi 2 Ayam Bawang,100 g,443.48,60.87,17.39,11.3
Mi Rebus Soto,100 g,57.14,8.57,1.43,0.0
Ramen Kuah Shoyu Rasa Ayam,100 g,439.02,67.07,17.07,7.32
Rawit Bingit Ayam Jerit,100 g,454.55,55.84,19.48,12.99
Gulai Daging Sapi,100 g,109.0,3.02,4.63,13.2
Lodeh Terong,100 g,106.0,6.36,8.39,3.03
Tongseng,100 g,169.0,6.43,11.83,10.81
Mi Goreng Rendang,100 g,483.52,62.64,21.98,8.79
Mie Rasa Soto Koya Pedas Dower,100 g,460.53,60.53,19.74,9.21
Shabu Shabu Combo,100 g,240.0,22.0,14.0,8.0
Mie Rebus Rasa Soto Ayam,100 g,485.71,60.0,24.29,8.57
Udang (Karang) Rebus atau Kukus,100 g,81.0,0.0,1.19,16.63
Dada Ayam Rebus (Kulit tidak Dimakan),100 g,150.0,0.0,3.0,28.74
Pisang Kepok Rebus,100 g,115.0,30.08,0.35,1.23
Kentang Rebus,100 g,87.0,20.13,0.1,1.87
Jagung Rebus,100 g,93.0,22.33,0.74,3.11
Telur Rebus,100 g,452.94,3.29,31.06,36.82
Mie Rebus Rasa Soto Ayam,100 g,485.71,60.0,24.29,8.57
Mi Rebus Kari Ayam,100 g,66.67,14.67,0.67,0.0
Mi Rebus Soto,100 g,57.14,8.57,1.43,0.0
Mie Rebus,100 g,434.78,62.32,15.94,10.14
Sayur Campur Tumis,100 g,120.0,0.0,0.0,0.0
Tumis Kangkung,100 g,98.0,3.99,8.71,2.56
Tumis Buncis,100 g,65.0,8.15,3.45,1.97
Tumis Kacang Panjang dan Tempe,100 g,140.0,9.65,8.54,8.97
Tumis Tauge,100 g,57.0,9.45,1.18,4.58
Tumis Labu Siam,100 g,46.0,7.34,1.72,1.42
Tumis Pakcoy,100 g,30.0,5.57,0.52,1.85
Tumis Kol,100 g,45.0,6.15,2.23,1.39
Tumis Pakis,100 g,75.0,7.01,4.54,3.55
Tumis Pepaya Muda,100 g,52.0,8.97,1.93,0.73
Tumis Genjer,100 g,35.0,7.39,0.27,1.99
Tumis Daun Pepaya,100 g,95.0,12.01,2.0,8.05
Tumis Daun Singkong,100 g,85.0,7.52,5.22,3.59
Tumis Bayam,100 g,86.0,4.68,6.81,3.3
Bumbu Racik Tumis,100 g,300.0,60.0,0.0,20.0
Tumis Oncom,100 g,105.0,12.62,4.04,5.84
Udang Panggang,100 g,154.0,1.17,5.03,24.47
Tumis Pare,100 g,46.0,5.74,2.45,1.25
Kerang Panggang,100 g,132.0,2.92,3.86,20.22
Ikan Panggang,100 g,126.0,0.33,3.44,21.94
Ayam Panggang,100 g,237.0,0.0,13.49,27.07
Ayam Panggang,100 g,136.92,5.77,4.08,19.23
Daging Ayam (Panggang),100 g,111.0,0.0,2.7,20.33
"Dada Ayam (Panggang Oven, Bebas Lemak, Iris)",100 g,79.0,2.17,0.39,16.79
Kentang Panggang (Kulit tidak Dimakan),100 g,92.0,21.39,0.1,1.95
Kacang Panggang Vegetarian,100 g,94.0,21.14,0.37,4.75
Ikan Tuna Panggang,100 g,153.0,0.41,3.96,27.3
Kerupuk Kemplang Panggang,100 g,700.0,160.0,0.0,20.0
Ikan Trout Panggang,100 g,188.0,0.41,9.16,24.37
Bolu Panggang,100 g,444.44,51.11,24.44,4.44
Muffin Inggris Panggang,100 g,270.0,52.65,2.02,10.32
Jamur Portabella (Panggang),100 g,35.0,5.08,0.75,4.09
Iga Babi Panggang dengan Saus,100 g,310.0,4.2,22.33,21.44
Kentang Panggang (Lemak tidak Ditambahkan dalam Masakan),100 g,95.0,21.52,0.11,2.49
Rasa Ayam Panggang,100 g,600.0,60.0,35.0,10.0
Daging Babi Panggang,100 g,247.0,0.0,14.59,26.98
Proffle Sapi Panggang,100 g,400.0,55.0,10.0,25.0
Daging Domba Panggang,100 g,266.0,0.0,18.15,23.93
Rumput Laut Kering Panggang (Nori) Pedas,100 g,500.0,40.0,30.0,20.0
Rosta Kacang Panggang Rasa Pedas,100 g,545.45,54.55,22.73,18.18
Corntoz Sapi Panggang,100 g,500.0,60.0,25.0,10.0
Roti Panggang,100 g,368.42,52.63,15.79,7.89
Rumput Laut Panggang,100 g,500.0,33.33,50.0,33.33
Rumput Laut Kering Panggang (Nori) Korean BBQ,100 g,500.0,20.0,40.0,20.0
Rumput Laut Kering Panggang (Nori) Rasa Telur Asin,100 g,500.0,20.0,40.0,20.0
Rumput Laut Panggang Rasa Jagung Bakar,100 g,500.0,20.0,40.0,20.0
Paha Ayam Panggang,100 g,245.0,0.0,15.36,24.85
Daging Sapi Panggang,100 g,267.0,0.0,17.32,25.91
Kerang Panggang,100 g,132.0,2.92,3.86,20.22
Kentang Panggang (Kulit Dimakan),100 g,109.0,20.53,2.2,2.43
Kentang Panggang,100 g,149.0,20.06,7.0,2.32
Potongan Daging Babi Panggang,100 g,240.0,0.0,13.8,27.09
Udang Panggang,100 g,154.0,1.17,5.03,24.47
Roti Asam Adonan Panggang,100 g,298.0,56.4,3.3,9.6
Makaroni Panggang,100 g,489.0,66.0,22.0,7.0
Garuda Rosta Kacang Panggang Rasa Bawang,100 g,545.45,54.55,27.27,18.18
Dada Ayam Panggang atau Goreng Dilapisi Kulit,100 g,261.0,9.48,13.27,24.47
Babi Panggang (Hanya Daging yang Dimakan),100 g,208.0,0.0,9.57,28.45
Kacang Panggang,100 g,240.0,10.0,18.0,10.0
Kacang Almond Panggang,100 g,600.0,16.67,56.67,20.0
Daging Sapi Panggang (Hanya Bagian tanpa Lemak yang Dimakan),100 g,198.0,0.0,8.52,28.32
Pilus Keju Panggang,100 g,500.0,65.0,25.0,5.0
Kacang Panggang,100 g,151.0,21.39,5.15,5.54
Ikan Lele Panggang,100 g,184.0,0.41,11.71,18.16
Kepiting Panggang,100 g,136.0,0.11,6.24,18.91
Pilus Sapi Panggang,100 g,500.0,71.43,28.57,0.0
Kacang Panggang Boston,100 g,155.0,22.04,5.06,6.04
Ikan Kod Panggang,100 g,122.0,0.41,3.59,20.91
Bagel Panggang,100 g,288.0,57.11,1.72,11.14
Kacang Asin Panggang,100 g,629.63,18.52,51.85,29.63
Ikan Salmon Panggang,100 g,171.0,0.49,7.56,23.97
Roti Panggang Coklat,100 g,323.08,60.0,6.15,6.15
Daging Menjangan/Rusa Panggang,100 g,190.0,0.0,3.93,36.08
Japota Sapi Panggang,100 g,571.43,50.0,35.71,7.14
Daging dan Kulit Ayam (Panggang),100 g,216.0,0.0,15.85,17.14
Malkist Keju Panggang,100 g,500.0,65.0,20.0,10.0
Piattos Sapi Panggang,100 g,533.33,66.67,26.67,6.67
"Daging Ayam (Panggang, Bakar, Dimasak)",100 g,167.0,0.0,6.63,25.01
Sapi Panggang,100 g,533.33,53.33,30.0,6.67
Kacang Pistachio Panggang,100 g,640.0,20.0,52.0,24.0
Rasa Sapi Panggang,100 g,550.0,65.0,30.0,5.0
Kacang Almond Panggang Kering (tanpa Tambahan Garam),100 g,597.0,19.29,52.83,22.09
Rosta Kacang Panggang,100 g,433.33,53.33,16.67,16.67
Rumput Laut Panggang (Nori),100 g,600.0,20.0,50.0,20.0
Ayam Panggang Bawang,100 g,136.92,5.77,4.08,19.23
Rumput Laut Panggang,100 g,600.0,20.0,40.0,20.0
Chitato Sapi Panggang,100 g,550.0,55.0,30.0,10.0
Kuah/Kaldu Ayam (Kalengan),100 g,79.0,5.42,5.71,1.93
Kuah Gulai,100 g,135.0,6.74,12.43,1.78
Bumbu Kuah Bakso,100 g,200.0,20.0,10.0,6.67
Ikan Kuah Kuning,100 g,116.0,3.15,2.63,19.16
Cap Cay Kuah,100 g,67.0,9.67,2.59,1.58
Bumbu Kuah Sayur Asem,100 g,312.5,75.0,0.0,0.0
Bakso Kuah,100 g,90.0,4.0,0.5,18.0
Kwetiau Kuah Rasa Ayam Bawang,100 g,373.13,67.16,6.72,13.43
Muesli (Kering Buah-Buahan dan Kacang-Kacangan),100 g,340.0,77.8,4.9,9.7
Mi Instan Kuah Rasa Ayam Bawang,100 g,386.67,62.67,8.0,16.0
Buah Pir,100 g,58.0,15.46,0.12,0.38
Kuah Rasa Ramen Jepang,100 g,366.67,70.0,5.0,10.0
Mie Instan Kuah Alami Rasa Ayam Bawang,100 g,383.33,65.0,8.33,11.67
Mie Instan Kuah Rasa Ayam Bawang,100 g,383.33,65.0,8.33,11.67
Buah Naga,100 g,51.0,12.38,0.38,0.78
Muffin Buah dan/atau Kacang-Kacangan,100 g,277.0,48.0,6.5,5.5
Mie Kuah Jalapeno,100 g,440.0,57.33,17.33,12.0
Bumbu Kuah Sayur Sop,100 g,200.0,40.0,0.0,0.0
Mie Kuah Rasa Ayam Cabe,100 g,462.5,61.25,20.0,8.75
Buah Lontar,100 g,27.0,6.75,0.18,0.34
Batagor Kuah,100 g,469.0,52.4,19.3,21.3
Mi Kuah Rasa Cakalang,100 g,440.0,65.33,14.67,10.67
Buah Ara,100 g,74.0,19.18,0.3,0.75
Smoothie Buah (Dibuat dengan Buah atau Jus Buah Saja),100 g,13000.0,3352.0,29.0,88.0
Mi Instan Kuah Rasa Ayam Bawang,100 g,400.0,70.0,5.0,10.0
Kuah Pedes Dower,100 g,480.0,61.33,21.33,8.0
Bubur dengan Kuah Kari,100 g,413.04,78.26,7.61,6.52
Buah Persik,100 g,39.0,9.54,0.25,0.91
Buah Srikaya,100 g,94.0,23.64,0.29,2.06
Mie Gaga 100 Extra Pedas Kuah Soto,100 g,440.0,60.0,17.33,12.0
Koktail Buah tanpa Pemanis dalam Kemasan Air (Dimasak atau Kalengan),100 g,7800.0,2085.0,12.0,103.0
Mi Instan Kuah Rasa Soto,100 g,362.5,56.25,10.0,11.25
Keju Cottage dengan Buah,100 g,21900.0,1042.0,870.0,2416.0
Mie Instan Kuah Rasa Soto Koya,100 g,366.67,68.33,5.0,11.67
Ramen Kuah Shoyu Rasa Ayam,100 g,439.02,67.07,17.07,7.32
Bakso Sapi Kuah,100 g,160.0,10.0,8.0,12.0
Bakso Ikan Kuah,100 g,108.33,17.5,0.0,10.83
Es Buah,100 g,24700.0,6292.0,0.0,77.0
Bihun Kuah,100 g,372.55,70.59,6.86,7.84
Super Bubur dengan Kuah Soto,100 g,413.04,76.09,8.7,8.7
Minuman Smoothie Buah (dengan Jus Buah dan Produk Susu),100 g,19800.0,4115.0,323.0,341.0
Campuran Buah Kering,100 g,244.0,64.81,0.44,2.19
"Yoghurt Buah (Rendah Lemak, 9 gr Protein  per 240 gr)",100 g,99.0,18.64,1.15,3.98
Super Bihun Kuah,100 g,372.55,70.59,4.9,7.84
Super Bubur dengan Kuah Soto,100 g,413.04,76.09,8.7,8.7
Super Bubur Dengan Kuah Kari,100 g,413.04,78.26,7.61,6.52
Punch Buah  (Dibuat dengan Jus Buah dan Soda),100 g,10800.0,2651.0,15.0,44.0
Bakso Kuah,100 g,134.62,4.81,3.85,20.19
"Yoghurt Buah (Rendah Lemak,11 gr Protein  per 240 gr)",100 g,105.78,18.76,1.42,4.9
Minum Smoothie Buah,100 g,16200.0,3668.0,176.0,214.0
Minuman Buah (Beralkohol),100 g,7400.0,785.0,3.0,14.0
Bakso Sapi Kuah,100 g,158.33,10.0,7.5,11.67
Koktail Buah atau Campuran,100 g,9300.0,2424.0,30.0,102.0
Rujak Buah,100 g,213.0,14.96,15.1,8.53
"Minuman Buah (Berkonsentrasi Beku, dengan Air)",100 g,11400.0,2880.0,0.0,15.0
Mi Instan Kuah Rasa Kari Ayam,100 g,400.0,70.0,7.5,10.0
Buah Delima,100 g,68.0,17.17,0.3,0.95
"Labu Siam (Buah, dengan Garam, Dikeringkan, Direbus, Dimasak)",100 g,24.0,5.09,0.48,0.62
Mie Kuah Pedas Gurih,100 g,400.0,72.31,7.69,10.77
Mie Oven Mie Kuah Rasa Iga Sapi,100 g,600.0,58.0,14.0,12.0
Super Bihun Kuah Baso Sapi,100 g,352.94,68.63,4.9,9.8
Mi Instan Konnyaku Kuah Rasa Ayam Bawang,100 g,42.25,9.86,0.0,0.0
Corn Bihun Kuah Rasa Ayam Bawang,100 g,393.44,81.97,6.56,1.64
Buah Naga,100 g,60.0,12.38,0.38,0.78
Buah Plum Kering,100 g,300.0,66.67,0.0,0.0
Buah Kecapi,100 g,82.0,20.11,0.56,0.4
Pie Buah,100 g,316.0,42.6,16.1,3.0
Buah Kenitu,100 g,67.0,16.78,0.21,1.43
Jus Buah Naga,100 g,13600.0,3595.0,17.0,92.0
Yum Yum Mi Instan Rasa Tom Yum Udang Kuah Creamy,100 g,485.71,67.14,21.43,7.14
Buah Kundur,100 g,16.0,3.67,0.2,0.46
Instant Kua Chap,100 g,360.0,72.0,4.0,4.0
Kua Chap Thai Tom Yum,100 g,340.0,80.0,0.0,6.0
Pangsit Goreng,100 g,433.33,32.41,29.26,9.63
Ikan Mas Goreng,100 g,117.0,0.17,4.39,18.16
"Kentang Goreng (Seperti Waktu Beli, Ditambahi Garam, Beku)",100 g,174.0,29.92,5.05,2.12
Kaki Ayam Goreng tanpa Pelapis (Kulit Dimakan),100 g,250.0,0.0,14.78,27.31
Fu Yung Hai,100 g,131.0,3.61,9.71,7.55
Tape Goreng,100 g,217.0,40.0,5.31,2.04
Mie Goreng Wortel Bit,100 g,149.25,25.37,2.99,4.48
Mie Goreng Rendang Jumbo,100 g,460.87,59.13,20.0,10.43
Mi Goreng Chitato,100 g,500.0,61.0,24.0,9.0
Mie Goreng Rendang,100 g,376.62,70.13,6.49,10.39
Mi Goreng Rasa Mi Ayam Istimewa,100 g,420.0,62.0,16.0,7.0
Mie Goreng Pedas Korea,100 g,367.65,69.12,6.62,8.82
Roti Goreng,100 g,320.0,47.69,11.36,7.18
Makaroni Krispi Level 15,100 g,450.0,60.0,20.0,10.0
Mie Goreng,100 g,482.35,62.35,22.35,9.41
Bawang Merah Goreng,100 g,500.0,50.0,30.0,10.0
Mi Goreng Spesial,100 g,487.5,66.25,22.5,7.5
Ayam Goreng tanpa Pelapis (Kulit Dimakan),100 g,260.0,0.0,15.35,28.62
Mi Goreng Jumbo,100 g,418.6,57.36,17.83,8.53
Mie Goreng,100 g,474.36,62.82,20.51,8.97
Isi 2 Mi Goreng Rasa Ayam Kecap,100 g,444.44,61.11,19.05,7.94
Mie Goreng Black Pepper Seafood,100 g,500.0,62.5,23.75,8.75
Dada Ayam Goreng Ada Lapisan (Kulit tidak Dimakan),100 g,184.0,0.0,4.68,33.34
Mie Sambal Goreng,100 g,465.91,63.64,18.18,10.23
Mi Goreng Rasa Rendang,100 g,131.58,30.26,1.32,1.32
Minyak Goreng,100 ml,800.0,0.0,90.0,0.0
Mie Goreng,100 g,400.0,52.0,18.0,8.0
Mi Goreng Cakalang,100 g,439.02,67.07,14.63,9.76
Indomie Goreng,100 g,470.59,63.53,16.47,9.41
Dada Ayam Panggang atau Goreng Dilapisi Kulit,100 g,261.0,9.48,13.27,24.47
"Ayam Goreng Kalasan, Paha",100 g,275.0,1.3,12.2,37.4
Toge Goreng,100 g,94.0,14.22,2.8,5.25
Daging Kambing Goreng,100 g,153.0,0.0,4.52,26.46
Mi Goreng Rasa Rendang,100 g,461.54,64.84,17.58,9.89
Mie Goreng Rasa Bulgogi,100 g,455.56,68.89,15.56,7.78
Mi Goreng Rasa Iga Penyet,100 g,437.5,65.0,16.25,10.0
Mie Goreng Original,100 g,494.12,61.18,23.53,8.24
Korean Spicy Cheese,100 g,506.85,60.27,26.03,8.22
Belut Goreng,100 g,221.0,8.62,11.36,20.09
Mie Goreng Sedaaap,100 g,444.44,67.78,14.44,11.11
Mi Goreng Rendang,100 g,483.52,62.64,21.98,8.79
Terong Goreng,100 g,148.0,11.58,10.75,2.4
Usus Ayam Goreng,100 g,345.0,19.84,21.69,17.78
Kentang Mustofa,100 g,317.0,39.33,17.76,4.01
Minyak Goreng,100 ml,777.78,0.0,88.89,0.0
Mie Goreng Rasa Ayam Kecap,100 g,460.32,62.7,19.05,9.52
Minyak Goreng,100 ml,818.18,0.0,90.91,0.0
Paru Sapi Goreng,100 g,484.0,0.62,36.5,39.61
Ampela Goreng,100 g,262.0,9.45,11.15,32.05
Ikan Mujair Goreng,100 g,169.0,2.22,6.92,24.55
Goreng Pedes Gledek,100 g,493.33,60.0,24.0,8.0
Minyak Goreng Sawit,100 ml,800.0,0.0,90.0,0.0
Super Bihun Goreng,100 g,369.23,66.15,9.23,7.69
Mi Goreng Rasa Sambal Matah,100 g,482.35,60.0,23.53,9.41
Intip Goreng,100 g,474.0,67.06,20.29,5.36
Minyak Goreng 2X Penyaringan,100 ml,777.78,0.0,88.89,0.0
Kentang Goreng,100 g,274.0,35.66,14.06,3.48
Minyak Goreng,100 ml,818.18,0.0,90.91,0.0
Sambal Matah,100 g,482.35,60.0,23.53,9.41
Mi Goreng Sambal Belacan,100 g,493.33,61.33,24.0,8.0
Mie Goreng Rasa Ayam Panggang Kecap,100 g,466.67,63.33,20.0,8.89
Pisang Keju,100 g,250.0,25.53,13.64,8.62
Mie Goreng Korea Konnyaku,100 g,192.31,37.18,5.13,1.28
Kwetiau Goreng,100 g,364.71,63.53,8.24,7.06
Minyak Goreng,100 ml,818.18,0.0,90.91,0.0
Kol Goreng,100 g,90.0,10.62,4.72,2.76
Mie Goreng,100 g,466.67,63.33,20.0,8.33
Dada Ayam Goreng tanpa Pelapis (Kulit Dimakan),100 g,216.0,0.0,9.1,31.67
Minyak Goreng,100 ml,800.0,0.0,90.0,0.0
Getuk Goreng,100 g,359.0,74.06,6.68,1.31
Ikan Lidah Goreng,100 g,104.0,2.43,3.03,15.75
Mie Goreng Rasa Sapi,100 g,169.01,40.85,0.0,1.41
Sambal Balado,100 g,500.0,72.22,19.44,5.56
Classic,100 g,250.0,50.0,0.0,0.0
Cappuccino,100 g,440.0,84.0,10.0,4.0
Kopi,100 ml,72.73,13.18,1.82,1.36
Caramel Macchiato (Grande),100 g,52.85,7.4,1.48,2.11
Salted Caramel Macchiato,100 g,65.0,9.5,2.25,1.5
Coffeemix 3 in 1,100 g,450.0,85.0,10.0,5.0
Kopi,100 g,9000.0,2100.0,250.0,100.0
Special Mix,100 g,400.0,92.0,4.0,4.0
Americano Zero Sugar,100 g,250.0,0.0,0.0,0.0
Gula Aren,100 g,454.55,81.82,11.36,4.55
Caffe Latte (Grande),100 ml,40.17,3.81,1.48,2.54
Butterscotch Latte,100 g,35000.0,4500.0,1400.0,1200.0
Kopi Susu,100 g,419.35,87.1,8.06,3.23
Caramel Frappe,100 ml,70.83,11.67,2.08,1.25
Vanilla Latte (Tall),100 g,56.34,7.89,1.41,2.54
Kopi Susu Tetangga,100 ml,105.0,12.5,5.5,2.0
Chococinno,100 g,9000.0,1700.0,200.0,100.0
Hanya Untukmu Black Aren,100 ml,63.64,12.73,1.14,1.36
White Koffie Original,100 g,450.0,85.0,10.0,5.0
Top Coffee Gula Aren,100 g,454.55,81.82,11.36,4.55
Iced Caffe Latte (Grande),100 ml,26.0,2.6,0.9,1.6
White Coffee Less Sugar,100 g,457.14,70.29,21.43,2.86
Kopi Bubuk,100 g,500.0,100.0,0.0,0.0
Lokalate Kopi Gula Aren,100 g,466.67,73.33,16.67,6.67
Kopi Lo-Kal,100 ml,70.4,13.0,0.8,2.76
Doubleshot Espresso & Cream,100 ml,72.92,9.38,3.12,2.08
Kopi Plus Gula,100 g,388.89,94.44,0.0,5.56
Latte Kaleng,100 ml,50.0,8.64,1.36,0.91
Kopi Susu,100 g,451.61,83.87,11.29,3.23
Cool Coconut,100 ml,50.0,9.5,1.25,0.5
Choco Banana Latte,100 ml,59.09,9.09,1.59,1.82
Moccachino,100 g,450.0,80.0,12.5,5.0
Soy Latte,100 g,466.67,73.33,20.0,6.67
Top Avocado Coffe,100 g,454.55,77.27,15.91,4.55
Rock Salt Caramello,100 g,500.0,70.0,22.5,5.0
White Coffee,100 ml,45.0,9.0,1.25,0.5
Kopi,100 g,444.44,85.19,9.26,3.7
Kopi Susu Keluarga,100 ml,60.0,10.0,2.0,1.0
Kopi Fine Blend,100 g,250.0,50.0,0.0,0.0
Gilus Mix Aroma Vanila,100 g,391.3,91.3,2.17,4.35
Kopi Jahe,100 g,423.08,65.38,7.69,0.0
Cafe Latte,100 ml,68.0,9.2,2.8,1.6
Kopi 7 Elemen,100 g,452.17,78.26,13.04,4.35
Gilus Mix Gula Aren,100 g,391.3,91.3,0.0,4.35
Pumpkin Spice Latte (Tall),100 ml,92.31,12.31,3.38,3.38
Thai Milk Coffee,100 ml,63.64,10.91,1.59,1.36
White Coffee Hazelnut,100 g,440.0,64.0,16.57,3.71
The Original,100 g,450.0,85.0,10.0,5.0
Cold Brew Coffe Brown Sugar,100 ml,62.0,11.2,1.6,0.8
Cappuccino,100 g,440.0,84.0,10.0,4.0
White Coffee,100 ml,65.0,13.0,1.25,0.5
Cold Brew (Grande),100 ml,1.06,0.0,0.0,0.0
Black Coffee,100 ml,27.78,7.22,0.0,0.0
Indo Creamer,100 g,500.0,66.67,33.33,0.0
Caramel Latte,100 g,473.68,73.68,21.05,5.26
3 in 1 Diet,100 g,3900.0,478.0,194.0,53.0
Starbucks Via Ready Brew Sweetened Iced Coffee,100 g,357.14,78.57,0.0,7.14
Lucky Day,100 ml,72.22,9.44,3.33,1.67
Fresco Cappuccino,100 g,11000.0,2200.0,200.0,100.0
Coffe Candy,100 g,333.33,66.67,0.0,0.0
Green Coffee Blend,100 g,450.0,75.0,12.5,0.0
Robusta Gold,100 g,450.0,70.0,10.0,10.0
Coffee Cream,100 ml,50.0,8.89,1.11,0.56
Coffee Candy White Coffee,100 g,333.33,66.67,0.0,0.0
Less Sugar,100 g,428.57,66.67,21.43,4.76
Creamy Blend,100 g,454.55,77.27,18.18,0.0
Mighty Celery,100 g,18.0,3.6,0.0,1.2
Protein Mix Coffee,100 g,363.64,51.52,1.52,36.36
Original Blend,100 g,250.0,50.0,0.0,0.0
Signature Original Black Coffee (Botol),100 ml,50.0,9.5,1.0,0.5
French Vanilla,100 ml,50.0,10.0,1.39,0.56
Vanilla Sweet Cream Cold Brew (Grande),100 g,18.64,2.37,1.02,0.17
Luwak White Coffee,100 ml,130.0,23.0,2.0,4.0
Caffe Mocha (Tall),100 ml,64.97,9.04,1.69,2.82
Ovalccino,100 g,440.0,84.0,8.0,4.0
Flavacino Black Forest Cappuccino,100 g,476.19,71.43,16.67,4.76
Blend & Brew,100 g,400.0,80.0,10.0,0.0
Pumpkin Spice Latte (Grande),100 ml,80.34,10.99,2.96,2.96
Tora Cafe Iced Milky Latte,100 ml,50.0,7.78,1.94,0.56
Teh Manis,100 g,5500.0,1436.0,0.0,0.0
Es Teh,100 g,9000.0,2344.0,0.0,2.0
Teh Manis,100 g,5500.0,1436.0,0.0,0.0
Teh Asli,100 g,0.0,0.0,0.0,0.0
Teh Hijau,100 g,250.0,0.0,0.0,0.0
Teh Hijau,100 g,0.0,0.0,0.0,0.0
Teh,100 ml,20.0,5.14,0.0,0.0
Es Teh Tawar,100 g,200.0,67.0,0.0,2.0
Teh Melati,100 g,0.0,0.0,0.0,0.0
Teh Botol Kemasan Kotak,100 ml,30.0,7.5,0.0,0.0
Lu Ve Litee Green Tea Ice Cream,100 ml,100.0,20.91,1.82,0.91
Taro Milk Tea,100 ml,79.8,14.0,2.4,0.4
Teh Pucuk Harum Less Sugar,100 ml,18.75,5.0,0.0,0.0
Ichi Ocha Teh Hijau,100 g,32.0,8.4,0.0,0.0
Garantea,100 ml,0.0,0.5,0.0,0.0
Milk Tea,100 ml,55.0,9.5,1.75,1.0
Hazelnut Milk Tea,100 ml,48.8,7.2,2.1,0.2
NRG,100 ml,0.0,0.0,0.0,0.0
Allure Green Tea Latte,100 g,458.33,70.83,18.75,4.17
Green Tea Jasmine,100 g,0.0,0.0,0.0,0.0
Iced Lemon Tea,100 ml,159.0,39.6,0.0,0.0
Teh Kotak Less Sugar,100 ml,23.33,6.33,0.0,0.0
Teh Kotak,100 ml,35.0,8.5,0.0,0.0
Teh Javana Gula Batu,100 ml,34.29,8.0,0.0,0.0
Honeyed Chrysanthemum Tea,100 g,6000.0,1800.0,0.0,0.0
NU Green Tea Madu,100 ml,40.0,9.5,0.0,0.0
Tesona,100 g,400.0,100.0,0.0,0.0
Jasmine Tea Original,100 ml,60.0,15.0,0.0,0.0
Teh Sosro Celup,100 g,0.0,0.0,0.0,0.0
Lemon Tea,100 g,428.57,100.0,0.0,0.0
Ichi Ocha Teh Melati,100 ml,30.3,7.58,0.0,0.0
Frestea Green,100 g,32.0,8.0,0.0,0.0
Fruit Tea (500ml),100 g,44.0,11.2,0.0,0.0
Ichi Ocha Green Tea Honey,100 ml,36.0,8.8,0.0,0.0
Teh Pucuk Harum,100 ml,29.17,7.5,0.0,0.0
Jasmine Tea,100 ml,35.0,8.5,0.0,0.0
Frestea Apel (Botol),100 ml,44.0,11.2,0.0,0.0
Teh Oolong,100 ml,26.67,7.11,0.0,0.0
Green Tea Jasmine,100 ml,23.33,6.0,0.0,0.0
Caáya,100 ml,22.73,5.91,0.0,0.0
Thai Tea,100 ml,70.0,12.0,2.0,0.0
Frestea Apel,100 g,40.0,9.6,0.0,0.0
Iced Hibiscus Tea Lemonade,100 g,21.75,5.37,0.0,0.0
NU Green Tea Less Sugar,100 ml,20.0,5.2,0.0,0.0
Teh Bunga Kekwa,100 g,44.0,10.8,0.0,0.0
Fruit Tea (200ml),100 ml,40.0,11.0,0.0,0.0
Teh Rio,100 ml,36.84,8.95,0.0,0.0
Teh Botol (Botol),100 ml,20.0,7.71,0.0,0.0
Green Tea,100 ml,40.0,9.71,0.0,0.0
Green Tea Honey Lemon,100 ml,47.62,11.43,0.0,0.0
Chocolate Green Tea Spread,100 g,600.0,60.0,35.0,5.0
Tematik Instant Teh Tarik,100 g,416.67,83.33,6.25,4.17
Liang Cha,100 ml,20.0,4.86,0.0,0.0
Ichi Ocha Teh Melati,100 ml,33.33,7.92,0.0,0.0
Milk Tea,100 g,400.0,70.0,10.0,10.0
Tapioca Tea Latte Ice Bar,100 ml,171.88,23.44,7.81,1.56
Teh Gelas Less Sugar,100 ml,20.0,5.0,0.0,0.0
Thai Milk Tea,100 ml,60.0,9.6,2.0,0.8
Teh Tarik,100 g,10000.0,1600.0,400.0,0.0
Mango Tea,100 ml,48.0,12.0,0.0,0.0
Milk Green Tea,100 ml,67.74,8.06,1.94,1.29
Fruit Tea Freeze,100 ml,34.29,8.29,0.0,0.0
Tebs Sparkling Mix Fruit,100 ml,39.39,10.3,0.0,0.0
My Tea Less Sugar,100 ml,17.78,4.0,0.0,0.0
Frestea Lychee,100 g,32.0,8.0,0.0,0.0
Slimming Tea Double Strength,100 g,239.0,70.0,0.0,2.0
Fruit Tea Apel,100 ml,32.0,7.6,0.0,0.0
Slimming Tea,100 ml,213.0,70.0,0.0,3.0
Iced Tea Peach,100 g,7000.0,1700.0,0.0,0.0
Teh Melati,100 ml,24.0,6.4,0.0,0.0
Natsbee Honey Lemon,100 ml,40.0,9.6,0.0,0.0
Thai Tea,100 ml,58.18,2.55,1.38,8.84
Milk Tea,100 ml,60.4,8.9,2.6,0.3
Tematik Instant Matcha Latte,100 g,440.0,80.0,14.0,4.0
Bakmi Mewah Goreng Rasa Bulgogi,100 g,400.0,48.0,18.0,12.0
Honey Citron Tea,100 g,300.0,70.0,0.0,0.0
Matcha Red Bean Smoothie,100 ml,76.8,13.4,2.1,0.9
Teh Kotak Melati,100 ml,35.0,8.5,0.0,0.0
Milk Tea Caramel,100 g,434.78,78.26,13.04,4.35
Green Tea Jasmine,100 ml,23.33,5.67,0.0,0.0
Pearl Milk Tea,100 ml,74.8,13.4,2.2,0.2
Tebs,100 ml,40.0,10.0,0.0,0.0
Yuzu Tea,100 ml,40.0,9.71,0.0,0.0
Pure Matcha,100 g,375.0,75.0,0.0,25.0
Rasa Apel,100 ml,50.0,12.0,0.0,0.0
Apple Tea,100 g,9000.0,2300.0,0.0,0.0
Teh Tarik,100 g,475.0,77.5,15.0,2.5
Teh Hijau Celup,100 g,500.0,100.0,0.0,0.0
Rosella Hibiscus Tea,100 g,5.0,2.0,0.0,0.0
