Nama Makanan,Ukuran Porsi,Kalori (kkal),Karbohidrat (g),Lemak (g),Protein (g),Kategori,is_seafood,is_peanut,is_dairy,protein_to_calorie_ratio,is_low_calorie,is_low_fat,is_low_carb,is_high_carb,is_high_protein,Kalori (kkal)_scaled,Karbohidrat (g)_scaled,Lemak (g)_scaled,Protein (g)_scaled,protein_to_calorie_ratio_scaled
Keripik Kentang,100 g,448,67.1,18.8,2.7,Snack,0,0,0,0.006026786,0,0,0,0,0,1.209615195,1.332573715,0.981910752,-0.893346741,-1.302271466
Geblek,100 g,195,44.4,1.7,0.4,Masakan,0,0,0,0.002051282,0,1,0,1,0,-0.077094303,0.871058294,-0.800944743,-1.692286326,-1.490635106
Getuk Singkong,100 g,204,47.4,1.4,0.5,Masakan,0,0,0,0.00245098,0,1,0,1,0,-0.015851687,0.940618396,-0.901647138,-1.641015389,-1.471198788
Gurandil,100 g,218,48.5,2.5,0.5,Masakan,0,0,0,0.002293578,0,1,0,1,0,0.075890228,0.965331154,-0.577264696,-1.641015389,-1.478839316
Kapurung,100 g,41,7.8,0.3,2,Masakan,0,0,0,0.048780488,1,1,1,1,0,-1.721685166,-0.561446513,-1.417706418,-1.08045143,0.167693418
Kecimpring Singkong Goreng,100 g,464,73,18.6,1.2,Masakan,0,0,0,0.002586207,0,0,0,1,0,1.271896898,1.433462531,0.972434819,-1.341844649,-1.464648732
Keremes,100 g,475,64.4,25.2,1.6,Masakan,0,0,0,0.003368421,0,0,0,0,0,1.313877456,1.284254459,1.24496,-1.203266726,-1.427012999
Keripik Gadung,100 g,446,76,14.5,2.8,Snack,0,0,0,0.006278027,0,0,0,1,0,1.201724749,1.482512491,0.754528036,-0.86893127,-1.290730257
Gatot,100 g,347,83.8,0.7,1.3,Masakan,0,0,0,0.003746398,0,1,0,1,0,0.776907832,1.603791136,-1.193572707,-1.305464793,-1.408980393
Keripik Singkong,100 g,478,72,20.7,0.9,Snack,0,0,0,0.001882845,0,0,0,1,0,1.325212375,1.416788625,1.067622722,-1.459342228,-1.498859843
Keripik Singkong Berbumbu,100 g,481,73.6,19.7,2.2,Snack,0,0,0,0.004573805,0,0,0,1,0,1.336499272,1.44338769,1.02344935,-1.023787109,-1.36985177
Keripik Ubi,100 g,486,67.6,23.9,0.2,Snack,0,0,0,0.000411523,0,0,0,0,0,1.355205402,1.341366868,1.196927403,-1.804074432,-1.571572593
Kerupuk Cumi Goreng,100 g,444,71.3,14.6,6.9,Snack,1,0,0,0.015540541,0,0,0,1,0,1.193810335,1.405016941,0.760469882,-0.139957546,-0.893333424
Kerupuk Kemplang Goreng,100 g,504,57.1,28.1,5.6,Snack,0,0,0,0.011111111,0,0,0,0,0,1.421488834,1.145845037,1.344372882,-0.330032587,-1.076725851
Kerupuk Mie Kuning Goreng,100 g,476,71.3,21.1,0.1,Snack,0,0,0,0.000210084,0,0,0,0,0,1.31766113,1.405016941,1.084748605,-1.865524166,-1.581650139
Kue Bangket,100 g,338,80.3,1.2,1.5,Snack,0,0,0,0.00443787,0,1,0,1,0,0.734394556,1.550429459,-0.97571442,-1.236259672,-1.376247832
Kue Putu Singkong,100 g,217,53.2,0.5,1.2,Snack,0,0,0,0.005529954,0,1,0,1,0,0.069471347,1.066598628,-1.298466925,-1.341844649,-1.325219029
Bagea Kelapa Asin,100 g,450,78.1,13.9,3.2,Snack,0,0,0,0.007111111,0,0,0,1,0,1.21748185,1.516019521,0.718087311,-0.776017274,-1.252761702
Bentul Talas Kukus,100 g,71,15.4,0.3,2.3,Snack,0,0,0,0.032394366,1,1,0,1,0,-1.236337462,-0.090117919,-1.417706418,-0.996485982,-0.293126825
Gadung Ubi Kukus,100 g,88,20.9,0.3,0.6,Snack,0,0,0,0.006818182,1,1,0,1,0,-1.021155579,0.156910108,-1.417706418,-1.592346807,-1.266059771
Ganyong Rebus,100 g,100,23.8,0.2,0.8,Masakan,0,0,0,0.008,1,1,0,1,0,-0.885578897,0.269126837,-1.484084077,-1.50172994,-1.212754041
Ketela Pohon Singkong Kukus,100 g,153,36.4,0.3,1.2,Masakan,0,0,0,0.007843137,0,1,0,1,0,-0.391332813,0.66743318,-1.417706418,-1.341844649,-1.219776695
Suweg Talas Kukus,100 g,93,21.9,0.1,1.5,Masakan,0,0,0,0.016129032,1,1,0,1,0,-0.963245013,0.196774128,-1.555982788,-1.236259672,-0.869839235
Talas Bogor Kukus,100 g,120,28.2,0.3,1.5,Masakan,0,0,0,0.0125,0,1,0,1,0,-0.682085899,0.422272309,-1.417706418,-1.236259672,-1.017952102
Ubi Jalar Kuning Kukus,100 g,100,23.8,0.3,0.7,Masakan,0,0,0,0.007,1,1,0,1,0,-0.885578897,0.269126837,-1.417706418,-1.545997559,-1.257799126
Ubi Jalar Tinta Kemayung Kukus,100 g,165,39.8,0.2,0.9,Masakan,0,0,0,0.005454545,0,1,0,1,0,-0.296163396,0.757536227,-1.484084077,-1.459342228,-1.328716521
Mi Golosor,100 g,71,15.9,0.8,0.2,Masakan,0,0,0,0.002816901,1,1,0,1,0,-1.236337462,-0.065342422,-1.145483002,-1.804074432,-1.453504262
Bagea Kelapa Manis,100 g,452,80.6,13.8,1.3,Snack,0,0,0,0.002876106,0,0,0,1,0,1.225324891,1.555068615,0.71187765,-1.305464793,-1.450650229
Bagea Kenari Asin,100 g,529,63.6,29.1,3.2,Snack,0,0,0,0.006049149,0,0,0,0,0,1.510943004,1.269657073,1.376463811,-0.776017274,-1.301242441
Bagea Kenari Manis,100 g,523,64.2,28.2,3.2,Snack,0,0,0,0.006118547,0,0,0,0,0,1.489739343,1.280617444,1.347629089,-0.776017274,-1.298051361
Bagea Kw,100 g,416,76.3,9.4,6.5,Snack,0,0,0,0.015625,0,0,0,1,0,1.080386246,1.487339922,0.389024869,-0.195661346,-0.889949303
Biji Nangkabiji Salak,100 g,262,51.1,5.4,2.3,Snack,0,0,0,0.008778626,0,0,0,1,0,0.340584558,1.022181552,-0.047335585,-0.996485982,-1.178131384
Bubur Sagu,100 g,167,33,4,0.2,Masakan,0,0,0,0.001197605,0,0,0,1,0,-0.280759638,0.571105124,-0.265747556,-1.804074432,-1.532529677
Ceriping Getuk Singkong,100 g,462,67.7,20.7,1.2,Snack,0,0,0,0.002597403,0,0,0,0,0,1.26419194,1.343119854,1.067622722,-1.341844649,-1.464107018
Lamtoro Var Gung Tanpa Kulit,100 g,367,32.5,5.4,46.4,Masakan,0,0,0,0.126430518,0,0,0,0,1,0.868781192,0.556350343,-0.047335585,2.226768373,1.364417722
Koro Andong Kering,100 g,356,61.6,4.1,20.5,Masakan,0,0,0,0.05758427,0,0,0,1,1,0.818682155,1.232574465,-0.248312127,1.067275046,0.374912584
Koro Benguk Biji Kering,100 g,332,55,3,24,Masakan,0,0,0,0.072289157,0,1,0,1,1,0.705625533,1.103676444,-0.461196885,1.273236087,0.669421534
Koro Kerupuk Biji Segar,100 g,125,22.1,0.7,8.3,Snack,0,0,0,0.0664,0,1,0,1,1,-0.634832161,0.204593048,-1.193572707,0.039136374,0.558570131
Koro Loke Biji Segar,100 g,33,7.9,0.2,2.7,Masakan,0,0,0,0.081818182,1,1,1,1,1,-1.890125208,-0.553569669,-1.484084077,-0.893346741,0.830941644
Koro Roay Kering,100 g,344,69.4,2.1,12.5,Masakan,0,0,0,0.036337209,0,1,0,1,0,0.762820439,1.372638198,-0.682178855,0.473098217,-0.172329858
Koro Wedus Biji Kering,100 g,338,61,1.5,22.2,Masakan,0,0,0,0.065680473,0,1,0,1,1,0.734394556,1.22128042,-0.866802623,1.170342883,0.544402275
Lamtoro Biji Muda Segar,100 g,85,15.4,0.3,5.7,Masakan,0,0,0,0.067058824,1,1,0,1,1,-1.056967854,-0.090117919,-1.417706418,-0.314420551,0.571420444
Lamtoro Biji Tua Segar,100 g,148,26.2,0.5,10.6,Masakan,0,0,0,0.071621622,0,1,0,1,1,-0.432472786,0.354923074,-1.298466925,0.29217584,0.657301021
Komak Polong Segar,100 g,99,21.2,0.1,3.3,Masakan,0,0,0,0.033333333,1,1,0,1,0,-0.896445837,0.169007097,-1.555982788,-0.753874488,-0.263744484
Lamtoro Var Lokal Dengan Kulit,100 g,336,59.7,1.2,23.8,Masakan,0,0,0,0.070833333,0,1,0,1,1,0.724843513,1.196532163,-0.97571442,1.262094799,0.642844789
Nangka Biji Segar,100 g,165,36.7,0.1,4.2,Snack,0,0,0,0.025454545,0,1,0,1,0,-0.296163396,0.6756196,-1.555982788,-0.570785244,-0.52289273
Kacang Belimbing Rebus,100 g,204,17.5,8.8,16.9,Snack,0,1,0,0.082843137,0,0,0,0,1,-0.015851687,0.010490776,0.335127745,0.826030862,0.847102406
Kacang Bogor Goreng,100 g,479,58.9,23.2,12.7,Snack,0,1,0,0.02651357,0,0,0,0,0,1.328979985,1.181108624,1.170059943,0.490961402,-0.486344243
Kacang Bogor Rebus,100 g,161,27.1,2.8,7.7,Snack,0,1,0,0.047826087,0,1,0,1,0,-0.327352495,0.385664776,-0.505860521,-0.034847379,0.143663496
Kacang Gude Rebus,100 g,147,27.5,0.5,9,Snack,0,1,0,0.06122449,0,1,0,1,1,-0.440812686,0.399096256,-1.298466925,0.120882075,0.453466046
Kacang Hijau Rebus,100 g,109,18.3,0.5,8.7,Snack,0,1,0,0.079816514,0,1,0,1,1,-0.79091091,0.046614025,-1.298466925,0.086413351,0.798726309
Kacang Kedelai Goreng,100 g,521,22.9,37.7,32.2,Snack,0,1,0,0.061804223,0,0,0,0,1,1.482634895,0.235381016,1.616626889,1.679579091,0.465615509
Sagu Sinole,100 g,354,68.9,8.3,0.8,Masakan,0,0,0,0.002259887,0,0,0,1,0,0.809461212,1.36401111,0.287743594,-1.50172994,-1.480477007
Mie Bendo,100 g,353,88,0,0.3,Masakan,0,0,0,0.000849858,0,1,0,1,0,0.80483753,1.665733632,-1.634431737,-1.746500574,-1.549746047
Ongolongol Sagu,100 g,111,21.2,2.7,0.3,Masakan,0,0,0,0.002702703,0,1,0,1,0,-0.770592685,0.169007097,-0.52904312,-1.746500574,-1.459016317
Oyek,100 g,351,84.9,0.9,0.9,Masakan,0,0,0,0.002564103,0,1,0,1,0,0.795563535,1.620227857,-1.099885462,-1.459342228,-1.465718529
Papeda,100 g,61,14.9,0.1,0.2,Masakan,0,0,0,0.003278689,1,1,0,1,0,-1.379535591,-0.115453808,-1.555982788,-1.804074432,-1.431308619
Sagu Forno,100 g,291,63.4,4,0.5,Snack,0,0,0,0.001718213,0,0,0,1,0,0.498967312,1.265987026,-0.265747556,-1.641015389,-1.506918398
Sagu Lemak Kue Sagon,100 g,452,76.8,14.8,2.8,Snack,0,0,0,0.00619469,0,0,0,1,0,1.225324891,1.495355192,0.772244991,-0.86893127,-1.294553794
Sagu Manis,100 g,287,62.4,3.9,0.5,Snack,0,0,0,0.00174216,0,0,0,1,0,0.47777506,1.247510338,-0.283519994,-1.641015389,-1.505745002
Sagu Rendang,100 g,364,90.5,0.2,0.1,Masakan,0,0,0,0.000274725,0,1,0,1,0,0.855219636,1.701592304,-1.484084077,-1.865524166,-1.578413034
Belitung Talas Kukus,100 g,145,34.2,0.4,1.2,Masakan,0,0,0,0.008275862,0,1,0,1,0,-0.457607791,0.605878224,-1.356046905,-1.341844649,-1.20044263
Serimping Talas Kebumen,100 g,478,69.2,21.2,2.5,Snack,0,0,0,0.005230126,0,0,0,0,0,1.325212375,1.369192773,1.088983709,-0.943765604,-1.339148027
Tapai Singkong,100 g,169,40.2,0.3,1.4,Masakan,0,0,0,0.008284024,0,1,0,1,0,-0.265479696,0.767769954,-1.417706418,-1.270299367,-1.200079139
Tiwul,100 g,353,83.4,1.1,2.4,Masakan,0,0,0,0.006798867,0,1,0,1,0,0.80483753,1.597775373,-1.015200769,-0.969823165,-1.266938603
Ubi Cilembu,100 g,186,44.3,0.2,1.9,Masakan,0,0,0,0.010215054,0,1,0,1,0,-0.140274196,0.868682272,-1.484084077,-1.109896776,-1.115276897
Uli Batatas,100 g,150,27.4,4,1.1,Masakan,0,0,0,0.007333333,0,0,0,1,0,-0.415906136,0.395751414,-0.265747556,-1.379539058,-1.242711249
Batagor,100 g,165.7,16.7,8.5,5.9,Snack,0,0,0,0.035606518,0,0,0,0,0,-0.290757841,-0.026797093,0.306983204,-0.283734274,-0.194209981
Kenari Banda Kering,100 g,616,13.7,56.2,13.9,Masakan,0,0,0,0.022564935,0,0,0,0,0,1.801583746,-0.178737202,1.995180925,0.59406366,-0.625478692
Kenari Kering,100 g,657,13,66,15,Masakan,0,0,0,0.02283105,0,0,0,0,0,1.928958722,-0.217421908,2.150209567,0.683026646,-0.615852779
Sarimuka,100 g,166,32.9,2.8,2.3,Masakan,0,0,0,0.013855422,0,1,0,1,0,-0.288445885,0.568166962,-0.505860521,-0.996485982,-0.961722328
Pastel,100 g,307,42.4,13.3,4.5,Snack,0,0,0,0.01465798,0,0,0,0,0,0.581820806,0.822789022,0.680214082,-0.515272701,-0.928943683
Pulut,100 g,216,44.4,3.1,2.6,Masakan,0,0,0,0.012037037,0,0,0,1,0,0.063032475,0.871058294,-0.439660747,-0.91828284,-1.037412167
Pundut Nasi,100 g,104,15.1,4.1,1.9,Masakan,0,0,0,0.018269231,0,0,0,0,0,-0.842826322,-0.105250286,-0.248312127,-1.109896776,-0.786057261
Putri Hijau,100 g,189,37.2,2.1,5.4,Snack,0,0,0,0.028571429,0,1,0,1,0,-0.11898957,0.689158081,-0.682178855,-0.361819005,-0.416884534
Putri Selat,100 g,163,23.8,6.5,2.2,Snack,0,0,0,0.013496933,0,0,0,0,0,-0.311693483,0.269126837,0.094216381,-1.023787109,-0.976487252
Putu Sopa,100 g,215,41.1,4.1,3.3,Masakan,0,0,0,0.015348837,0,0,0,1,0,0.056573456,0.790532165,-0.248312127,-0.753874488,-0.901029911
Renggi Goreng,100 g,471,64.1,21.8,4.7,Masakan,0,0,0,0.009978769,0,0,0,0,0,1.298688646,1.278795868,1.114017227,-0.479564234,-1.125526321
Roti Warna Sawo Matang,100 g,249,49.7,1.5,7.9,Snack,0,0,0,0.031726908,0,1,0,1,0,0.265724733,0.991835325,-0.866802623,-0.009755435,-0.314252419
Padamaran,100 g,171,18.8,8.9,3.9,Masakan,0,0,0,0.022807018,0,0,0,0,0,-0.250321136,0.068636676,0.344326237,-0.628856773,-0.616720582
Spaghetti,100 g,139,22.6,2.1,7.4,Masakan,0,0,0,0.05323741,0,1,0,1,1,-0.508948106,0.223925401,-0.682178855,-0.073343179,0.275768497
Sunduk Lawang,100 g,181,32.4,1.3,1.9,Masakan,0,0,0,0.010497238,0,1,0,1,0,-0.176268961,0.553380031,-0.937909966,-1.109896776,-1.103082444
Suwirsuwir,100 g,347,84.2,0.9,0.5,Masakan,0,0,0,0.001440922,0,1,0,1,0,0.776907832,1.609786122,-1.099885462,-1.641015389,-1.520535416
Tipatipa,100 g,355,79.8,1.2,6.2,Masakan,0,0,0,0.017464789,0,1,0,1,0,0.814076073,1.542669553,-0.97571442,-0.238981488,-0.817246077
Wajit Camilan,100 g,303,63.3,2.7,6.3,Snack,0,0,0,0.020792079,0,1,0,1,0,0.561386226,1.264148867,-0.52904312,-0.224387457,-0.690552218
Widaran,100 g,424,80.7,10.7,1.3,Masakan,0,0,0,0.003066038,0,0,0,1,0,1.113306949,1.55661222,0.496260889,-1.305464793,-1.441511012
Wingko Babat,100 g,355,51.4,15.1,3.2,Masakan,0,0,0,0.009014085,0,0,0,0,0,0.814076073,1.028606312,0.78964285,-0.776017274,-1.167738288
Arrowroot Segar,100 g,102,24.1,0.2,1,Masakan,0,0,0,0.009803922,0,1,0,1,0,-0.86406191,0.280175675,-1.484084077,-1.41866166,-1.13313337
Mie Ayam,100 g,102,10.5,3.9,6.2,Lauk,0,0,0,0.060784314,0,0,0,0,1,-0.86406191,-0.368385573,-0.283519994,-0.238981488,0.44417611
Kue Thipan,100 g,247,49.5,4.2,2.9,Snack,0,0,0,0.011740891,0,0,0,1,0,0.253975197,0.987450151,-0.231200891,-0.845012276,-1.04992888
Laksaputu Mayang,100 g,121,21.1,3.4,1.7,Masakan,0,0,0,0.014049587,0,0,0,1,0,-0.672530681,0.164988163,-0.377944296,-1.171249877,-0.953757221
Lupis Ketan,100 g,164,34.5,2.1,1.8,Masakan,0,0,0,0.01097561,0,1,0,1,0,-0.303912488,0.614435318,-0.682178855,-1.140145646,-1.082523434
Manan Samin,100 g,379,50.6,18.1,3.4,Masakan,0,0,0,0.008970976,0,0,0,0,0,0.922290014,1.011413056,0.948333955,-0.732130069,-1.169638421
Martabak India,100 g,153,24.3,4.2,4.5,Snack,0,0,0,0.029411765,0,0,0,1,0,-0.391332813,0.287487867,-0.231200891,-0.515272701,-0.389100893
Martabak Mesir,100 g,278,45,8.6,5.1,Snack,0,0,0,0.018345324,0,0,0,1,0,0.429352209,0.885234384,0.316458087,-0.41098472,-0.783125731
Masekat,100 g,369,74.1,7,2.1,Masakan,0,0,0,0.005691057,0,0,0,1,0,0.877780643,1.451614025,0.152091854,-1.051762514,-1.317759833
Mie Aceh Rebus,100 g,113,18.1,3.2,3,Masakan,0,0,0,0.026548673,0,0,0,1,0,-0.750518955,0.037687724,-0.418621611,-0.821567311,-0.485142237
Batatas Gembili Segar,100 g,76,16,0.9,1.1,Masakan,0,0,0,0.014473684,1,1,0,1,0,-1.16976389,-0.060452027,-1.099885462,-1.379539058,-0.936437258
Mie Bakso,100 g,114,16.4,3,5.3,Masakan,0,0,0,0.046491228,0,1,0,0,0,-0.740571526,-0.041098878,-0.461196885,-0.378003848,0.109511829
Mie Celon,100 g,102,17.8,2.1,3,Masakan,0,0,0,0.029411765,0,1,0,1,0,-0.86406191,0.024168835,-0.682178855,-0.821567311,-0.389100893
Mie Pangsit Basah,100 g,105,9.4,4.9,5.9,Masakan,0,0,0,0.056190476,0,0,1,0,1,-0.832311242,-0.44254209,-0.119562465,-0.283734274,0.343771733
Nasi Gemuk,100 g,192,24.4,8.8,3.8,Masakan,0,0,0,0.019791667,0,0,0,0,0,-0.097931566,0.291128073,0.335127745,-0.648830646,-0.728010136
Nasi Gurih,100 g,190,26,7.5,4.7,Masakan,0,0,0,0.024736842,0,0,0,0,0,-0.11194535,0.347990533,0.206603555,-0.479564234,-0.547977958
Nasi Rames,100 g,155,19.1,4.2,10.3,Masakan,0,0,0,0.066451613,0,0,0,0,1,-0.375130357,0.081655125,-0.231200891,0.261528332,0.559581041
Nopia Spesial,100 g,387,74.3,7.6,5.3,Masakan,0,0,0,0.01369509,0,0,0,1,0,0.957329149,1.454893312,0.217136569,-0.378003848,-0.968316359
Ondeonde,100 g,336,57.9,9.8,4,Masakan,0,0,0,0.011904762,0,0,0,1,0,0.724843513,1.161615261,0.42332676,-0.609198585,-1.042996182
Ubi Jalar Kuning Segar,100 g,119,25.1,0.4,0.5,Masakan,0,0,0,0.004201681,0,1,0,1,0,-0.691694801,0.316319547,-1.356046905,-1.641015389,-1.387391318
Sagu Kasbi Segar,100 g,230,56.5,0.2,0.6,Masakan,0,0,0,0.002608696,0,1,0,1,0,0.151411323,1.133912523,-1.484084077,-1.592346807,-1.463560684
Sagu Lempeng,100 g,347,85.2,0.3,0.9,Masakan,0,0,0,0.00259366,0,1,0,1,0,0.776907832,1.624683787,-1.417706418,-1.459342228,-1.4642881
Sagu Singkong Kering,100 g,362,86.9,0.3,0.5,Masakan,0,0,0,0.001381215,0,1,0,1,0,0.846136567,1.649721461,-1.417706418,-1.641015389,-1.523474689
Sente Talas Segar,100 g,353,84.7,0.2,0.7,Masakan,0,0,0,0.001983003,0,1,0,1,0,0.80483753,1.617250892,-1.484084077,-1.545997559,-1.493966725
Suweg Talas Segar,100 g,74,17.2,0.1,1.4,Masakan,0,0,0,0.018918919,1,1,0,1,0,-1.196031136,-0.003350953,-1.555982788,-1.270299367,-0.761130575
Talas Bogor Segar,100 g,108,25,0.4,1.4,Masakan,0,0,0,0.012962963,0,1,0,1,0,-0.80116404,0.312751347,-1.356046905,-1.270299367,-0.998621974
Talas Pontianak Segar,100 g,163,36.4,0.5,2.3,Masakan,0,0,0,0.014110429,0,1,0,1,0,-0.311693483,0.66743318,-1.298466925,-0.996485982,-0.951265907
Talas Viqueque Segar,100 g,115,25.9,0.5,1.8,Masakan,0,0,0,0.015652174,0,1,0,1,0,-0.730682564,0.344510129,-1.298466925,-1.140145646,-0.888861375
Sagu Aren Segar,100 g,231,56.6,0.2,0.6,Masakan,0,0,0,0.002597403,0,1,0,1,0,0.157583583,1.135907597,-1.484084077,-1.592346807,-1.464107018
Ubi Jalar Manis Segar,100 g,83,18.8,0.2,1.5,Masakan,0,0,0,0.018072289,1,1,0,1,0,-1.081315783,0.068636676,-1.484084077,-1.236259672,-0.793659484
Ubi Jalar Merah Segar,100 g,151,35.4,0.3,1.6,Masakan,0,0,0,0.010596026,0,1,0,1,0,-0.407678549,0.639792384,-1.417706418,-1.203266726,-1.098825102
Ubi Jalar Putih Segar,100 g,88,20.6,0.4,0.4,Masakan,0,0,0,0.004545455,1,1,0,1,0,-1.021155579,0.144690956,-1.356046905,-1.692286326,-1.371184662
Ubi Jalar Tinta Kemayung,100 g,108,25.6,0.4,0.5,Masakan,0,0,0,0.00462963,0,1,0,1,0,-0.80116404,0.334011655,-1.356046905,-1.641015389,-1.367228736
Batatas Kelapa Ubi Bakar,100 g,110,23.4,1.1,1.4,Snack,0,0,0,0.012727273,0,1,0,1,0,-0.780720775,0.254241512,-1.015200769,-1.270299367,-1.008446587
Batatas Kelapa Ubi Kukus,100 g,92,21,0.3,1.2,Snack,0,0,0,0.013043478,1,1,0,1,0,-0.974657041,0.160955869,-1.417706418,-1.341844649,-0.995273408
Batatas Tali Ubi Rebus,100 g,182,42.2,0.4,2.4,Snack,0,0,0,0.013186813,0,1,0,1,0,-0.169016862,0.817872977,-1.356046905,-0.969823165,-0.989321865
Hofaubi Hutan Segar,100 g,127,29.5,0.5,1.2,Snack,0,0,0,0.009448819,0,1,0,1,0,-0.616286599,0.46425406,-1.298466925,-1.341844649,-1.14864231
Batatas Kelapa Ubi Segar,100 g,89,21,0.1,1.1,Snack,0,0,0,0.012359551,1,1,0,1,0,-1.009400232,0.160955869,-1.555982788,-1.379539058,-1.023841944
Bengkuang Segar,100 g,59,12.8,0.2,1.4,Snack,0,0,0,0.023728814,1,1,0,1,0,-1.410025141,-0.228734717,-1.484084077,-1.270299367,-0.583648223
Bentul Komba Talas Segar,100 g,98,20.9,0.7,1.6,Masakan,0,0,0,0.016326531,1,1,0,1,0,-0.907386696,0.156910108,-1.193572707,-1.203266726,-0.861999144
Gadenggadung Kering,100 g,322,76.6,0.6,2.4,Masakan,0,0,0,0.007453416,0,1,0,1,0,0.656886044,1.492153631,-1.244450064,-0.969823165,-1.237293764
Gadung Ubi Segar,100 g,100,23.5,0.3,0.9,Masakan,0,0,0,0.009,1,1,0,1,0,-0.885578897,0.257979526,-1.417706418,-1.459342228,-1.168358976
Ganyong Segar,100 g,77,18.4,0.2,0.6,Masakan,0,0,0,0.007792208,1,1,0,1,0,-1.156803454,0.051051753,-1.484084077,-1.592346807,-1.222060223
Gembili Ubi Segar,100 g,131,31.3,0.2,1.1,Masakan,0,0,0,0.008396947,0,1,0,1,0,-0.579776695,0.520267984,-1.484084077,-1.379539058,-1.195054334
Kacang Kedelai Rebus,100 g,189,12.7,8.2,20.2,Snack,0,1,0,0.106878307,0,0,0,0,1,-0.11898957,-0.234436269,0.277974788,1.048431097,1.168731931
Kaburan Ubi Segar,100 g,133,32.2,0.2,1,Masakan,0,0,0,0.007518797,0,1,0,1,0,-0.561802517,0.547419783,-1.484084077,-1.41866166,-1.234348111
Kentang Segar,100 g,62,13.5,0.2,2.1,Masakan,0,0,0,0.033870968,1,1,0,1,0,-1.364540394,-0.189649571,-1.484084077,-1.051762514,-0.247096031
Kentang Hitam Segar,100 g,142,33.7,0.4,0.9,Masakan,0,0,0,0.006338028,0,1,0,1,0,-0.483095397,0.59149676,-1.356046905,-1.459342228,-1.287980233
Keribang Ubi Segar,100 g,137,29.8,1.1,1.3,Masakan,0,0,0,0.009489051,0,1,0,1,0,-0.526392581,0.473755123,-1.015200769,-1.305464793,-1.14688117
Ketela Pohon Singkong Segar,100 g,154,36.8,0.3,1,Masakan,0,0,0,0.006493506,0,1,0,1,0,-0.383213869,0.678337786,-1.417706418,-1.41866166,-1.280865399
Lepokubi Rumput,100 g,181,39.8,1.2,2.8,Masakan,0,0,0,0.015469613,0,1,0,1,0,-0.176268961,0.757536227,-0.97571442,-0.86893127,-0.896178525
Sagu Aren Kering,100 g,355,85.6,1.1,0.6,Masakan,0,0,0,0.001690141,0,1,0,1,0,0.814076073,1.630607367,-1.015200769,-1.592346807,-1.508294438
Gulai Pakis,100 g,143,6,11.4,4,Masakan,0,0,0,0.027972028,0,0,1,0,0,-0.474559593,-0.715970099,0.549365003,-0.609198585,-0.436906426
Arwan Sirsir,100 g,277,10.7,25,2.4,Masakan,0,0,0,0.00866426,0,0,0,0,0,0.423906855,-0.35546767,1.237720912,-0.969823165,-1.183192318
Beberuk,100 g,65,3.5,5.2,1.1,Masakan,0,0,0,0.016923077,1,0,1,0,0,-1.320501216,-0.988921931,-0.075555261,-1.379539058,-0.838453122
Botok Lamtoro,100 g,186,13,9.7,11.7,Masakan,0,0,0,0.062903226,0,0,0,0,1,-0.140274196,-0.217421908,0.414866733,0.399510563,0.488382295
Buntil Daun Talas,100 g,141,8,10.2,4.4,Sayur,0,0,0,0.031205674,0,0,1,0,0,-0.491671762,-0.545757476,0.456433579,-0.533508361,-0.33088969
Cammetutu,100 g,102,8.7,6,3.2,Masakan,0,0,0,0.031372549,0,0,1,0,0,-0.86406191,-0.49278265,0.032523265,-0.776017274,-0.325549784
Cap Cai Sayur,100 g,97,4.2,6.3,5.8,Sayur,0,0,0,0.059793814,1,0,1,0,1,-0.918402731,-0.903116946,0.070025721,-0.29898935,0.42306384
Gadogado,100 g,137,21,3.2,6.1,Masakan,0,0,0,0.044525547,0,0,0,1,0,-0.526392581,0.160955869,-0.418621611,-0.253734599,0.058044285
Gudeg Sayur,100 g,160,16,9.2,3.3,Sayur,0,0,0,0.020625,0,0,0,0,0,-0.335231182,-0.060452027,0.371397533,-0.753874488,-0.696770709
Ares Sayur,100 g,113,11.2,7.2,0.9,Sayur,0,0,0,0.007964602,0,0,0,0,0,-0.750518955,-0.323866996,0.174277554,-1.459342228,-1.214337401
Gulai Pliek,100 g,176,3.2,14.9,7.3,Masakan,0,0,0,0.041477273,0,0,1,0,0,-0.212940476,-1.028716468,0.778079149,-0.086413568,-0.024630245
Kadada Katembe,100 g,110,7.1,6.9,4.5,Masakan,0,0,0,0.040909091,0,0,1,0,0,-0.780720775,-0.618507378,0.140799156,-0.515272701,-0.040435885
Kaparende Sayur,100 g,38,2.6,2,2.4,Sayur,0,0,0,0.063157895,1,1,1,0,1,-1.782068181,-1.115029159,-0.710431496,-0.969823165,0.493608925
Karedok Sayur,100 g,92,14.1,3.3,2.2,Sayur,0,0,0,0.023913043,1,0,0,1,0,-0.974657041,-0.157235035,-0.398056575,-1.023787109,-0.577090557
Kotiu Hinela Tawang Nggole,100 g,46,6,1.5,2.2,Masakan,0,0,0,0.047826087,1,1,1,0,0,-1.627239691,-0.715970099,-0.866802623,-1.023787109,0.143663496
Lema Rebung Asam,100 g,15,1.9,0.4,1,Masakan,0,0,0,0.066666667,1,1,1,0,1,-2.405649283,-1.230275049,-1.356046905,-1.41866166,0.56378546
Paku Hinela Wulelenggapaya,100 g,77,5.4,4.6,3.5,Masakan,0,0,0,0.045454545,1,0,1,0,0,-1.156803454,-0.77395825,-0.165765801,-0.710768034,0.082545037
Paria Putih Kukus,100 g,16,3.4,0.2,0.8,Masakan,0,0,0,0.05,1,1,1,1,0,-2.368656395,-1.001964537,-1.484084077,-1.50172994,0.197935761
Daun Mengkudu Kukus,100 g,63,11.5,1.5,3.8,Sayur,0,0,0,0.06031746,1,1,0,1,1,-1.349705695,-0.30536013,-0.866802623,-0.648830646,0.434261232
Daun Singkong Rebus,100 g,31,4.8,0.6,3.7,Sayur,0,0,0,0.119354839,1,1,1,1,1,-1.936371773,-0.836082741,-1.244450064,-0.669132012,1.299318635
Daun Talas Rebus,100 g,27,5.9,0.2,1.3,Sayur,0,0,0,0.048148148,1,1,1,1,0,-2.035104376,-0.72537466,-1.484084077,-1.305464793,0.151808219
Daun Ubi Merah Kukus,100 g,56,13,0.3,3.1,Sayur,0,0,0,0.055357143,1,1,0,1,1,-1.457078915,-0.217421908,-1.417706418,-0.798575476,0.324863361
Kacang Panjang Kukus,100 g,39,7.6,0.6,3,Snack,0,1,0,0.076923077,1,1,1,1,1,-1.761601174,-0.577399309,-1.244450064,-0.821567311,0.750584066
Kacang Panjang Rebus,100 g,30,5.8,0.4,2.3,Snack,0,1,0,0.076666667,1,1,1,1,1,-1.960232876,-0.73487973,-1.356046905,-0.996485982,0.746225756
Kangkung Kukus,100 g,30,4.7,0.7,3.2,Sayur,0,0,0,0.106666667,1,1,1,1,1,-1.960232876,-0.846890065,-1.193572707,-0.776017274,1.166326171
Kangkung Rebus,100 g,22,3.1,0.6,2.5,Sayur,0,0,0,0.113636364,1,1,1,0,1,-2.173030157,-1.042444212,-1.244450064,-0.943765604,1.242119996
Pelecing Kangkung,100 g,75,10,2.8,2.5,Sayur,0,0,0,0.033333333,1,1,1,0,0,-1.182838937,-0.401417191,-0.505860521,-0.943765604,-0.263744484
Selada Rebus,100 g,19,2.9,0.2,2.7,Sayur,0,0,0,0.142105263,1,1,1,1,1,-2.265849294,-1.070654026,-1.484084077,-0.893346741,1.489012002
Taoge Goreng,100 g,88,14,2.1,3.2,Masakan,0,0,0,0.036363636,1,1,0,1,0,-1.021155579,-0.162571036,-0.682178855,-0.776017274,-0.171542743
Taoge Seduh,100 g,28,4,0.8,3,Masakan,0,0,0,0.107142857,1,1,1,0,1,-2.009567922,-0.926721128,-1.145483002,-0.821567311,1.171729669
Terung Panjang Kukus,100 g,23,4.9,0.1,1.8,Masakan,0,0,0,0.07826087,1,1,1,1,1,-2.143925326,-0.825411236,-1.555982788,-1.140145646,0.773078187
Wortel Rebus,100 g,28,6.3,0.5,0.7,Sayur,0,0,0,0.025,1,1,1,1,0,-2.009567922,-0.68833518,-1.298466925,-1.545997559,-0.538750148
Wortel Kukus,100 g,37,8.3,0.6,1,Sayur,0,0,0,0.027027027,1,1,1,1,0,-1.802894111,-0.52269658,-1.244450064,-1.41866166,-0.468821999
Asinan Bogor Sayuran,100 g,98,14.8,2.6,3.9,Masakan,0,0,0,0.039795918,1,1,0,1,0,-0.907386696,-0.120590907,-0.55283335,-0.628856773,-0.071770949
Anyang Sayur,100 g,126,10.3,7.9,3.4,Sayur,0,0,0,0.026984127,0,0,0,0,0,-0.625534631,-0.381469324,0.248046476,-0.732130069,-0.470281096
Buah Naga Merah Segar,100 g,71,9.1,3.1,1.7,Buah,0,0,0,0.023943662,1,0,1,0,0,-1.236337462,-0.463760302,-0.439660747,-1.171249877,-0.576002366
Apel Malang Segar,100 g,57,12.8,0.4,0.5,Buah,0,0,0,0.00877193,1,1,0,1,0,-1.441211673,-0.228734717,-1.356046905,-1.641015389,-1.17842747
Apel Segar,100 g,58,14.9,0.4,0.3,Buah,0,0,0,0.005172414,1,1,0,1,0,-1.42552882,-0.115453808,-1.356046905,-1.746500574,-1.341836108
Arbai Segar,100 g,37,8.3,0.5,0.8,Masakan,0,0,0,0.021621622,1,1,1,1,0,-1.802894111,-0.52269658,-1.298466925,-1.50172994,-0.659897453
Belimbing Segar,100 g,31,6.7,0.4,1,Snack,0,0,0,0.032258065,1,1,1,1,0,-1.936371773,-0.652755794,-1.356046905,-1.41866166,-0.297424633
Biwah Segar,100 g,51,12.1,0.1,0.3,Masakan,0,0,0,0.005882353,1,1,0,1,0,-1.539381651,-0.269302312,-1.555982788,-1.746500574,-1.308925383
Buah Atung Segar,100 g,23,5.2,0.2,0.8,Buah,0,0,0,0.034782609,1,1,1,1,0,-2.143925326,-0.794172864,-1.484084077,-1.50172994,-0.219154306
Buah Kelenting Segar,100 g,110,21.4,2.1,1.4,Buah,0,0,0,0.012727273,0,1,0,1,0,-0.780720775,0.177005298,-0.682178855,-1.270299367,-1.008446587
Buah Kom Segar,100 g,264,59.6,1.1,4,Buah,0,0,0,0.015151515,0,1,0,1,0,0.351877283,1.194612405,-1.015200769,-0.609198585,-0.908974246
Anggur Hutan Segar,100 g,30,6.8,0.2,0.5,Buah,0,0,0,0.016666667,1,1,1,1,0,-1.960232876,-0.644073554,-1.484084077,-1.641015389,-0.84854898
Buah Naga Putih Segar,100 g,56,10.9,1,0.8,Buah,0,0,0,0.014285714,1,1,0,1,0,-1.457078915,-0.342710733,-1.056529506,-1.50172994,-0.944100781
Buah Negri Segar,100 g,55,12.2,0.1,1.2,Buah,0,0,0,0.021818182,1,1,0,1,0,-1.473136005,-0.263411085,-1.555982788,-1.341844649,-0.652687103
Buah Nona Segar,100 g,101,25.2,0.6,1.7,Buah,0,0,0,0.016831683,0,1,0,1,0,-0.874784652,0.319877733,-1.244450064,-1.171249877,-0.842047368
Buah Rotan Segar,100 g,78,18.2,0.3,0.6,Buah,0,0,0,0.007692308,1,1,0,1,0,-1.143955174,0.0421594,-1.417706418,-1.592346807,-1.226544365
Buah Rukam Segar,100 g,113,26.8,0.3,0.8,Buah,0,0,0,0.007079646,0,1,0,1,0,-0.750518955,0.37549884,-1.417706418,-1.50172994,-1.254187403
Buah Ruruhi Segar,100 g,29,3.6,0.7,2.1,Buah,0,0,0,0.072413793,1,1,1,0,1,-1.984621639,-0.976090212,-1.193572707,-1.051762514,0.671672349
Buah Tuppa Segar,100 g,67,15.9,0.2,0.4,Buah,0,0,0,0.005970149,1,1,0,1,0,-1.29189067,-0.065342422,-1.484084077,-1.692286326,-1.304879
Carica Papaya Segar,100 g,24,3.7,0.2,1.9,Masakan,0,0,0,0.079166667,1,1,1,1,1,-2.115631395,-0.963461496,-1.484084077,-1.109896776,0.788078037
Sayur Sop,100 g,27,1,2,1.3,Sayur,0,0,0,0.048148148,1,1,1,0,0,-2.035104376,-1.413445579,-0.710431496,-1.305464793,0.151808219
Purundawa,100 g,25,3.6,0.5,1.5,Masakan,0,0,0,0.06,1,1,1,0,1,-2.088094642,-0.976090212,-1.298466925,-1.236259672,0.427482489
Rujak Cingur,100 g,153,8,8.4,11.3,Snack,0,0,0,0.073856209,0,0,1,0,1,-0.391332813,-0.545757476,0.297412375,0.361351308,0.697444163
Sayur Asem,100 g,29,5,0.6,0.7,Sayur,0,0,0,0.024137931,1,1,1,1,0,-1.984621639,-0.814871585,-1.244450064,-1.545997559,-0.569109078
Sayur Bunga Pepaya,100 g,49,9.8,0.3,1.7,Sayur,0,0,0,0.034693878,1,1,1,1,0,-1.573806652,-0.414938534,-1.417706418,-1.171249877,-0.221858087
Sayur Garu,100 g,178,10.6,13.9,2.6,Sayur,0,0,0,0.014606742,0,0,0,0,0,-0.19818864,-0.361906201,0.718087311,-0.91828284,-0.93102508
Sayur Kohukohu,100 g,133,11.2,6.6,7.3,Sayur,0,0,0,0.054887218,0,0,0,0,1,-0.561802517,-0.323866996,0.106081096,-0.086413568,0.314103898
Sayur Lilinterubuk,100 g,36,4.8,0.7,2.7,Sayur,0,0,0,0.075,1,1,1,0,1,-1.824094957,-0.836082741,-1.193572707,-0.893346741,0.717522852
Sayur Ndusuk,100 g,49,3.6,2.5,3.1,Sayur,0,0,0,0.063265306,1,1,1,0,1,-1.573806652,-0.976090212,-0.577264696,-0.798575476,0.49580786
Daun Kelor Rebus,100 g,61,10,0.9,6.1,Sayur,0,0,0,0.1,1,1,1,1,1,-1.379535591,-0.401417191,-1.099885462,-0.253734599,1.08698149
Sayur Umbut Rotan,100 g,57,3.1,2.6,5.4,Sayur,0,0,0,0.094736842,1,1,1,0,1,-1.441211673,-1.042444212,-0.55283335,-0.361819005,1.019171458
Shabushabu,100 g,88,0.8,8,3.2,Masakan,0,0,0,0.036363636,1,0,1,0,0,-1.021155579,-1.462168707,0.258128474,-0.776017274,-0.171542743
Semur Jengkol,100 g,212,29.1,10,6,Masakan,0,0,0,0.028301887,0,0,0,0,0,0.037073943,0.451478757,0.440024212,-0.268650804,-0.425866933
Tinira Ninahu Nggaluku,100 g,33,4.1,1.3,1.2,Masakan,0,0,0,0.036363636,1,1,1,0,0,-1.890125208,-0.914834163,-0.937909966,-1.341844649,-0.171542743
Tumis Bayam Bersantan,100 g,48,2.6,4.2,1.4,Sayur,0,0,0,0.029166667,1,0,1,0,0,-1.591370096,-1.115029159,-0.231200891,-1.270299367,-0.397170144
Waluh Balamak,100 g,45,8.1,0.9,0.8,Masakan,0,0,0,0.017777778,1,1,1,1,0,-1.645563567,-0.538008692,-1.099885462,-1.50172994,-0.805068317
Woku Ubi,100 g,143,15,7.8,3.1,Masakan,0,0,0,0.021678322,0,0,0,0,0,-0.474559593,-0.110340353,0.237855465,-0.798575476,-0.657815458
Alpukat Segar,100 g,85,7.7,6.5,0.9,Buah,0,0,0,0.010588235,1,0,1,0,0,-1.056967854,-0.569389287,0.094216381,-1.459342228,-1.099160645
Kembang Tahu Rebus,100 g,90,4.7,4,10.7,Lauk,0,0,0,0.118888889,1,0,1,0,1,-0.9977331,-0.846890065,-0.265747556,0.302254166,1.294816834
Entingenting Gepuk Kacang Tanah,100 g,524,52,29.2,13.3,Snack,0,1,0,0.025381679,0,0,0,0,0,1.493284676,1.041375329,1.379616573,0.543356959,-0.525427832
Entingenting Wijen,100 g,565,36.8,38.4,18.2,Masakan,0,0,0,0.032212389,0,0,0,0,0,1.634863844,0.678337786,1.63385675,0.917183307,-0.298866703
Geplak,100 g,350,53.6,14.4,1.4,Masakan,0,0,0,0.004,0,0,0,1,0,0.790913138,1.074915329,0.748549385,-1.270299367,-1.396937124
Geplak Jahe,100 g,462,57.7,24.4,3.1,Masakan,0,0,0,0.006709957,0,0,0,0,0,1.26419194,1.157687506,1.215679397,-0.798575476,-1.270987209
Kacang Goyang,100 g,516,44.4,31.1,14.7,Snack,0,1,0,0.028488372,0,0,0,0,0,1.464792677,0.871058294,1.43769399,0.659249777,-0.419648691
Kacang Negara,100 g,480,58.5,19.1,18.4,Snack,0,1,0,0.038333333,0,0,0,0,0,1.332742278,1.173340136,0.995954257,0.93077577,-0.113696111
Kacang Sukro,100 g,484,57.7,26.1,8.8,Snack,0,1,0,0.018181818,0,0,0,0,0,1.347738645,1.157687506,1.276894829,0.097994252,-0.789428851
Kacang Tanah Sari,100 g,561,26,43.8,25.5,Snack,0,1,0,0.045454545,0,0,0,0,0,1.621363613,0.347990533,1.757697739,1.354650571,0.082545037
Entingenting Gepuk Hello Kity,100 g,538,52.6,30.3,13.6,Masakan,0,0,0,0.02527881,0,0,0,0,0,1.542445498,1.054038754,1.413652368,0.568913642,-0.529011268
Keripik Oncom,100 g,598,42.6,43.8,8.3,Snack,0,0,0,0.013879599,0,0,0,0,0,1.743846701,0.827688478,1.757697739,0.039136374,-0.960729313
Keripik Tempe Abadi Besar,100 g,556,39.8,37.1,15.8,Snack,0,0,0,0.028417266,0,0,0,0,0,1.604396409,0.757536227,1.601619343,0.744772915,-0.422017727
Keripik Tempe Abadi Murni,100 g,542,11.6,42.4,40.3,Snack,0,0,0,0.074354244,0,0,0,0,1,1.556332197,-0.299263607,1.727022934,2.00998254,0.706225422
Keripik Tempe Abadi Sedang,100 g,510,52.4,27.9,12.3,Snack,0,0,0,0.024117647,0,0,0,0,0,1.443226929,1.049829217,1.337828214,0.455027258,-0.569827923
Keripik Tempe Abadi Telur,100 g,529,40.2,31.7,20.8,Snack,0,0,0,0.039319471,0,0,0,0,0,1.510943004,0.767769954,1.455351765,1.085914863,-0.08533354
Kerupik Tempe Abadi Prima,100 g,540,42,33.9,16.7,Lauk,0,0,0,0.030925926,0,0,0,0,0,1.549397548,0.812940211,1.517546751,0.811552312,-0.339869902
Kwaci,100 g,515,13.8,42.1,30.6,Snack,0,0,0,0.059417476,0,0,0,0,1,1.461210211,-0.173321811,1.720326669,1.606996474,0.414966184
Melinjo Emping Tebal Goreng Manis,100 g,439,65.7,16.4,10,Masakan,0,0,0,0.022779043,0,0,0,0,0,1.173918241,1.307698327,0.861615463,0.230238998,-0.617731089
Ampas Tahu Kukus,100 g,75,10.7,2.1,4.1,Lauk,0,0,0,0.054666667,1,1,0,0,1,-1.182838937,-0.35546767,-0.682178855,-0.589844926,0.309029859
Kacang Merah Kering Rebus,100 g,158,28.2,0.9,10.3,Snack,0,1,0,0.065189873,0,1,0,1,1,-0.351088639,0.422272309,-1.099885462,0.261528332,0.534661434
Kacang Merah Segar Rebus,100 g,144,24.7,1,10,Snack,0,1,0,0.069444444,0,1,0,1,1,-0.466063878,0.301985996,-1.056529506,0.230238998,0.616991734
Kacang Metebiji Jambu Monyet Goreng,100 g,629,19.8,56.3,20.4,Snack,0,1,0,0.032432432,0,0,0,0,0,1.842576292,0.111486455,1.996887564,1.061016663,-0.291928021
Kacang Tanah Rebus Dg Kulit,100 g,360,12.8,31.2,13.5,Snack,0,1,0,0.0375,0,0,0,0,0,0.837019509,-0.228734717,1.440658776,0.560440671,-0.137973434
Kacang Tanah Goreng,100 g,564,25.5,44.4,25.5,Snack,0,1,0,0.045212766,0,0,0,0,0,1.631494865,0.330492868,1.770564119,1.354650571,0.076199198
Kacang Tanah Rebus,100 g,220,8,18,10.6,Snack,0,1,0,0.048181818,0,0,1,0,0,0.088668625,-0.545757476,0.943441397,0.29217584,0.152657598
Kacang Tolo Rebus,100 g,138,22.6,1.1,10.7,Snack,0,1,0,0.077536232,0,1,0,1,1,-0.517649074,0.223925401,-1.015200769,0.302254166,0.760944675
Ampas Kacang Hijau,100 g,96,19.1,0.6,3.7,Snack,0,1,0,0.038541667,1,1,0,1,0,-0.929495235,0.081655125,-1.244450064,-0.669132012,-0.107671265
Melinjo Emping Tebal Goreng Asin,100 g,431,63,16.2,11.1,Masakan,0,0,0,0.02575406,0,0,0,0,0,1.141769681,1.258621778,0.850884854,0.341907297,-0.51249991
Ampas Tahu Kering,100 g,414,41.3,18.3,26.6,Lauk,0,0,0,0.064251208,0,0,0,0,1,1.072089273,0.795541877,0.958045951,1.412097039,0.515840044
Pepea Oncom Ampas Tahu,100 g,76,10.6,1.8,5.2,Lauk,0,0,0,0.068421053,1,1,0,0,1,-1.16976389,-0.361906201,-0.769748174,-0.394390476,0.597624881
Bungkil Biji Karet,100 g,333,50,3.3,29.3,Masakan,0,0,0,0.087987988,0,0,0,1,1,0.710444636,0.998389357,-0.398056575,1.545879793,0.924925457
Bungkil Kacang Tanah,100 g,336,30.5,13,37.4,Snack,0,1,0,0.111309524,0,0,0,0,1,0.724843513,0.49566318,0.660703338,1.898032534,1.217587098
Bungkil Kelapa,100 g,368,40,15,23,Masakan,0,0,0,0.0625,0,0,0,0,1,0.873285051,0.762662245,0.783878293,1.216815769,0.480069179
Dodol Banjarmasin,100 g,368,70,8.6,2.6,Masakan,0,0,0,0.007065217,0,0,0,1,0,0.873285051,1.382931583,0.316458087,-0.91828284,-1.25484139
Emping Kerupuk Melinjo,100 g,345,71.5,1.5,12,Snack,0,0,0,0.034782609,0,1,0,1,0,0.767525431,1.408388778,-0.866802623,0.427518936,-0.219154306
Emping Komak,100 g,355,60.7,4.6,17.8,Masakan,0,0,0,0.050140845,0,0,0,1,1,0.814076073,1.215603312,-0.165765801,0.889663382,0.201395492
Tempe Lamtoro Var Gung Dengan Kulit,100 g,146,19.6,2.3,11.7,Lauk,0,0,0,0.080136986,0,1,0,0,1,-0.449190875,0.103039325,-0.628199362,0.399510563,0.803943039
Tempe Gembus Pg,100 g,73,10.3,1.3,5.7,Lauk,0,0,0,0.078082192,1,1,0,0,1,-1.209343121,-0.381469324,-0.937909966,-0.314420551,0.770097454
Tempe Gembus Yogya,100 g,76,10.6,0.7,6.8,Lauk,0,0,0,0.089473684,1,1,0,0,1,-1.16976389,-0.361906201,-1.193572707,-0.153673337,0.946412366
Tempe Kacang Babi,100 g,139,21.9,0.8,12.5,Snack,0,1,0,0.089928058,0,1,0,1,1,-0.508948106,0.196774128,-1.145483002,0.473098217,0.952898454
Tempe Kacang Belimbing,100 g,212,12.9,10,17.5,Snack,0,1,0,0.08254717,0,0,0,0,1,0.037073943,-0.223063388,0.440024212,0.868721938,0.842458805
Tempe Kedelai Jagung,100 g,143,11.4,5.5,12,Lauk,0,0,0,0.083916084,0,0,0,0,1,-0.474559593,-0.311492532,-0.033540799,0.427518936,0.863781457
Tempe Kedelai Murni Goreng,100 g,350,10.4,26.6,24.5,Lauk,0,0,0,0.07,0,0,0,0,1,0.790913138,-0.374906403,1.294200458,1.300788013,0.62739199
Tempe Koro Benguk,100 g,141,23.2,1.3,10.2,Lauk,0,0,0,0.072340426,0,1,0,1,1,-0.491671762,0.246731643,-0.937909966,0.251171376,0.670347865
Tempe Lamtoro,100 g,128,21.3,0.5,10.7,Lauk,0,0,0,0.08359375,0,1,0,1,1,-0.607087416,0.173012775,-1.298466925,0.302254166,0.858796154
Tempe Bongkrek,100 g,119,18.3,3.5,4.4,Lauk,0,0,0,0.03697479,0,0,0,1,0,-0.691694801,0.046614025,-0.358264848,-0.533508361,-0.153421684
Tempe Lamtoro Var Gung Tanpa Kulit,100 g,131,13,0.8,18,Lauk,0,0,0,0.13740458,0,1,0,0,1,-0.579776695,-0.217421908,-1.145483002,0.903479874,1.454256068
Tempe Pasar,100 g,150,9.1,7.7,14,Lauk,0,0,0,0.093333333,0,0,1,0,1,-0.415906136,-0.463760302,0.227553003,0.602359153,1.000268396
Tempe Pasar Goreng,100 g,336,7.8,28,20,Lauk,0,0,0,0.05952381,0,0,1,0,1,0.724843513,-0.561446513,1.341105948,1.035752511,0.417258434
Bayam Kukus,100 g,30,5.8,0.7,1.3,Sayur,0,0,0,0.043333333,1,1,1,1,0,-1.960232876,-0.73487973,-1.193572707,-1.305464793,0.026130186
Bayam Rebus,100 g,23,3.7,0.6,1.2,Sayur,0,0,0,0.052173913,1,1,1,1,1,-2.143925326,-0.963461496,-1.244450064,-1.341844649,0.250586386
Buncis Rebus,100 g,30,6.4,0.2,2.2,Sayur,0,0,0,0.073333333,1,1,1,1,1,-1.960232876,-0.679308819,-1.484084077,-1.023787109,0.688160468
Daun Kacang Panjang Kukus,100 g,40,8,0.3,3.7,Sayur,0,1,0,0.0925,1,1,1,1,1,-1.741478157,-0.545757476,-1.417706418,-0.669132012,0.988875354
Daun Katuk Rebus,100 g,53,9.1,0.9,5.3,Sayur,0,0,0,0.1,1,1,1,1,1,-1.505842908,-0.463760302,-1.099885462,-0.378003848,1.08698149
Rempeyek Kacang Uci,100 g,497,50.8,27.6,17,Snack,0,1,0,0.034205231,0,0,0,0,0,1.395905286,1.015729599,1.327929474,0.833222834,-0.236808954
Melinjo Emping Tipis Goreng,100 g,485,59.1,24.5,11.5,Masakan,0,0,0,0.02371134,0,0,0,0,0,1.351474627,1.184978606,1.219387362,0.380550082,-0.584271086
Moon Tahu,100 g,128,1.3,10,8,Lauk,0,0,0,0.0625,0,0,1,0,1,-0.607087416,-1.346666021,0.440024212,0.002625828,0.480069179
Oncom,100 g,187,22.6,6,13,Masakan,0,0,0,0.069518717,0,0,0,0,1,-0.133153768,0.223925401,0.032523265,0.517378292,0.61838673
Oncom Ampas Kacang Hijau,100 g,376,65.7,6,14.9,Snack,0,1,0,0.03962766,0,0,0,1,0,0.909021439,1.307698327,0.032523265,0.675139981,-0.076550216
Oncom Kacang Hijau Singkong,100 g,351,65.9,5.3,11,Snack,0,1,0,0.031339031,0,0,0,1,0,0.795563535,1.311275257,-0.061338236,0.332091071,-0.326621314
Oncom Kacang Tanah Pepes,100 g,132,13.7,3.8,12.7,Snack,0,1,0,0.096212121,0,0,0,0,1,-0.570766702,-0.178737202,-0.301643034,0.490961402,1.038662072
Rempeyek Kacang Tanah,100 g,513,44.3,32.5,17.5,Snack,0,1,0,0.03411306,0,0,0,0,0,1.454031135,0.868682272,1.478419124,0.868721938,-0.239640683
Rempeyek Kacang Tolo,100 g,451,59.7,20.2,11.2,Snack,0,1,0,0.024833703,0,0,0,0,0,1.221406311,1.196532163,1.04578535,0.351660403,-0.544577431
Kue Sus,100 g,221,24.8,10.2,7.5,Snack,0,0,0,0.033936652,0,0,0,0,0,0.095028441,0.30558464,0.456433579,-0.060393685,-0.24507074
Sayur Lebui,100 g,64,12.5,0.6,2.1,Sayur,0,0,0,0.0328125,1,1,0,1,0,-1.335027307,-0.245931587,-1.244450064,-1.051762514,-0.279994153
Tahu Goreng,100 g,115,2.5,8.5,9.7,Lauk,0,0,0,0.084347826,0,0,1,0,1,-0.730682564,-1.130423041,0.306983204,0.198276327,0.870424957
Tahu Telur,100 g,328,24.6,19.9,12.6,Lauk,0,0,0,0.038414634,0,0,0,0,0,0.686250417,0.298377067,1.032445074,0.48205544,-0.111342844
Takwa,100 g,148,4,8.5,13.8,Masakan,0,0,0,0.093243243,0,0,1,0,1,-0.432472786,-0.926721128,0.306983204,0.585724596,0.999042843
Tauco,100 g,184,22.2,5.5,11.4,Masakan,0,0,0,0.061956522,0,0,0,0,1,-0.154592867,0.208483901,-0.033540799,0.370980908,0.468791151
Tauco Cap Meong,100 g,159,21.3,4.9,7.4,Masakan,0,0,0,0.046540881,0,0,0,0,0,-0.343143114,0.173012775,-0.119562465,-0.073343179,0.110793617
Tauji Cap Singa,100 g,277,49.6,4.7,9.1,Masakan,0,0,0,0.032851986,0,0,0,1,0,0.423906855,0.989644327,-0.150106833,0.132192242,-0.278758019
Ramen Kuah Shoyu Rasa Ayam,100 g,439.02,67.07,17.07,7.32,Lauk,0,0,0,0.0166735,0,0,0,1,0,1.173998114,1.332044622,0.896722187,-0.083789695,-0.848279438
Roti Bakar Rasa Coklat,100 g,381.82,52.73,16.36,7.27,Snack,0,0,0,0.019040386,0,0,0,0,0,0.934697881,1.056768778,0.859478819,-0.090358646,-0.756496036
Snack Bakso Rasa Udang Bakar,100 g,533.33,73.33,23.33,0,Snack,1,0,0,0,0,0,0,0,0,1.526144097,1.438928642,1.175105384,-1.931501751,-1.592191924
Kentang Rebus,100 g,87,20.13,0.1,1.87,Masakan,0,0,0,0.021494253,1,1,0,1,0,-1.033000809,0.125294894,-1.555982788,-1.118884806,-0.664580541
Singkong Rebus,100 g,146,34.76,0.26,1.24,Masakan,0,0,0,0.008493151,0,1,0,1,0,-0.449190875,0.621808667,-1.443650574,-1.327140845,-1.190779974
Pop Mie Rasa Ayam,100 g,426.67,61.33,14.67,12,Lauk,0,0,0,0.02812478,0,0,0,0,0,1.124200674,1.227502015,0.764607522,0.427518936,-0.431787763
Daun Ubi Tumbuk,100 g,102,6.56,8.01,3.49,Sayur,0,0,0,0.034215686,0,0,1,0,0,-0.86406191,-0.665050967,0.25913077,-0.712887465,-0.236487986
Rawon Pedas Mercon,100 g,466.67,61.33,20,10.67,Masakan,0,0,0,0.022864122,0,0,0,0,0,1.282148082,1.227502015,1.036912083,0.299237751,-0.614659054
Sarimi Isi Ayam Bawang,100 g,443.48,60.87,17.39,11.3,Lauk,0,0,0,0.025480292,0,0,0,0,0,1.191748639,1.21882282,0.913052127,0.361351308,-0.521997599
Chimi Keripik Ubi Jagung Bakar,100 g,560,56,32,4,Snack,0,0,0,0.007142857,0,0,0,0,0,1.617978383,1.123898798,1.464064683,-0.609198585,-1.251323933
Rawit Bingit Ayam Jerit,100 g,454.55,55.84,19.48,12.99,Lauk,0,0,0,0.028577714,0,0,0,0,0,1.235290799,1.120680802,1.013457461,0.516504882,-0.416675478
Lodeh Terong,100 g,106,6.36,8.39,3.03,Sayur,0,0,0,0.028584906,0,0,1,0,0,-0.821863196,-0.682908562,0.296449939,-0.814623095,-0.416436319
Tongseng,100 g,169,6.43,11.83,10.81,Masakan,0,0,0,0.063964497,0,0,1,0,1,-0.265479696,-0.676618366,0.580580947,0.313262963,0.510042494
Mi Goreng Rendang,100 g,483.52,62.64,21.98,8.79,Masakan,0,0,0,0.018179186,0,0,0,0,0,1.345943518,1.251964131,1.121404391,0.096840324,-0.789530443
Shabu Shabu Combo,100 g,240,22,14,8,Masakan,0,0,0,0.033333333,0,0,0,0,0,0.212338755,0.200689822,0.72425721,0.002625828,-0.263744484
Mie Rebus Rasa Soto Ayam,100 g,485.71,60,24.29,8.57,Lauk,0,0,0,0.017644273,0,0,0,0,0,1.354124012,1.202277553,1.211584463,0.071218035,-0.81025599
Jagung Rebus,100 g,93,22.33,0.74,3.11,Masakan,0,0,0,0.03344086,1,1,0,1,0,-0.963245013,0.213523661,-1.174019978,-0.796300453,-0.260404635
Mi Rebus Kari Ayam,100 g,66.67,14.67,0.67,0,Lauk,0,0,0,0,1,1,0,1,0,-1.296571747,-0.127304909,-1.20852841,-1.931501751,-1.592191924
Nasi Bakar Ikan Cakalang,100 g,196.23,31.7,4.53,7.17,Lauk,1,0,0,0.036538756,0,0,0,1,0,-0.068613514,0.532403079,-0.176887138,-0.103590107,-0.166334348
Popcorn Keju Bakar,100 g,433.33,76.67,13.33,3.33,Masakan,0,0,1,0.007684674,0,0,0,1,0,1.151174311,1.493274865,0.68214356,-0.747310081,-1.226887259
Potato Bun With Chocolate Filling,100 g,328.57,48.57,10,7.14,Masakan,0,0,0,0.021730529,0,0,0,0,0,0.689021092,0.966890098,0.440024212,-0.107584189,-0.655899921
Roti Kok,100 g,437,74.8,10,11.1,Snack,0,0,0,0.025400458,0,0,0,1,0,1.165918494,1.463063672,0.440024212,0.341907297,-0.524774259
Pocket Sandwich Peanut,100 g,360,42,16,10,Masakan,0,1,0,0.027777778,0,0,0,0,0,0.837019509,0.812940211,0.840034149,0.230238998,-0.443431783
Mie Goreng Ayam Bakar Limau,100 g,449.44,68.54,15.73,8.99,Lauk,0,0,0,0.02000267,0,0,0,1,0,1.215281574,1.357771538,0.825190252,0.119746209,-0.720064803
Strawberry Roll,100 g,327.27,52.73,10.91,7.27,Buah,0,0,0,0.022214074,0,0,0,1,0,0.682697252,1.056768778,0.512504565,-0.090358646,-0.638226262
Red Bean Bun,100 g,327.27,52.73,9.09,7.27,Masakan,0,0,0,0.022214074,0,0,0,1,0,0.682697252,1.056768778,0.361560969,-0.090358646,-0.638226262
Tumis Buncis,100 g,65,8.15,3.45,1.97,Sayur,0,0,0,0.030307692,1,0,1,0,0,-1.320501216,-0.534157702,-0.368051661,-1.089203551,-0.359842989
Kaya Bun,100 g,311.11,57.78,8.89,6.67,Masakan,0,0,0,0.021439362,0,0,0,1,0,0.602630796,1.159259784,0.343410399,-0.171710575,-0.666601395
Roti Balok Rasa Cokelat,100 g,360,50,14,8,Snack,0,0,0,0.022222222,0,0,0,0,0,0.837019509,0.998389357,0.72425721,0.002625828,-0.637929491
Iga Bakar,100 g,254,0.94,19,19.1,Masakan,0,0,0,0.07519685,0,0,1,0,1,0.294822388,-1.427672067,0.99129551,0.977504284,0.720946994
Chocolate Bun,100 g,311.11,51.11,10,6.67,Masakan,0,0,0,0.021439362,0,0,0,1,0,0.602630796,1.022396147,0.440024212,-0.171710575,-0.666601395
Potabee Ayam Bakar,100 g,533.33,50,33.33,6.67,Lauk,0,0,0,0.012506328,0,0,0,0,0,1.526144097,0.998389357,1.501800794,-0.171710575,-1.017687008
Rasa Sosis Bakar,100 g,444.44,77.78,8.33,5.56,Lauk,0,0,0,0.012510125,0,0,0,1,0,1.195553572,1.510956164,0.290654636,-0.336329128,-1.017527961
Roti Panggang,100 g,368.42,52.63,15.79,7.89,Snack,0,0,0,0.021415775,0,0,0,0,0,0.875174204,1.05466919,0.82850861,-0.010999524,-0.667470257
Jamur Portabella Panggang,100 g,35,5.08,0.75,4.09,Masakan,0,0,0,0.116857143,1,1,1,0,1,-1.845687883,-0.806532247,-1.169199037,-0.591766893,1.274862634
Kentang Panggang Lemak Tidak Ditambahkan Dalam Masakan,100 g,95,21.52,0.11,2.49,Masakan,0,0,0,0.026210526,1,1,0,1,0,-0.940665533,0.181779107,-1.548517273,-0.946345011,-0.496746333
Daging Babi Panggang,100 g,247,0,14.59,26.98,Lauk,0,0,0,0.109230769,0,0,1,0,1,0.253975197,-1.710248162,0.75987734,1.431526838,1.195024235
Proffle Sapi Panggang,100 g,400,55,10,25,Lauk,0,0,0,0.0625,0,0,0,0,1,1.013237671,1.103676444,0.440024212,1.327921433,0.480069179
Rumput Laut Kering Panggang Nori Pedas,100 g,500,40,30,20,Masakan,0,0,0,0.04,0,0,0,0,0,1.406899323,0.762662245,1.404484847,1.035752511,-0.065989347
Rosta Kacang Panggang Rasa Pedas,100 g,545.45,54.55,22.73,18.18,Snack,0,1,0,0.033330278,0,0,0,0,0,1.568253882,1.094489893,1.151599721,0.915817991,-0.263839467
Corntoz Sapi Panggang,100 g,500,60,25,10,Lauk,0,0,0,0.02,0,0,0,0,0,1.406899323,1.202277553,1.237720912,0.230238998,-0.720165191
Muffin Inggris Panggang,100 g,270,52.65,2.02,10.32,Masakan,0,0,0,0.038222222,0,1,0,1,0,0.385412556,1.055089337,-0.704709578,0.263591132,-0.116916612
Rumput Laut Kering Panggang Nori Korean Bbq,100 g,500,20,40,20,Masakan,0,0,0,0.04,0,0,0,0,0,1.406899323,0.119874219,1.672164082,1.035752511,-0.065989347
Kentang Panggang Kulit Dimakan,100 g,109,20.53,2.2,2.43,Masakan,0,0,0,0.022293578,0,1,0,1,0,-0.79091091,0.141821928,-0.654785406,-0.961943779,-0.635332084
Kentang Panggang,100 g,149,20.06,7,2.32,Masakan,0,0,0,0.01557047,0,0,0,0,0,-0.424170743,0.122379119,0.152091854,-0.991103451,-0.892133747
Roti Asam Adonan Panggang,100 g,298,56.4,3.3,9.6,Snack,0,0,0,0.032214765,0,0,0,1,0,0.535585046,1.131914902,-0.398056575,0.187466674,-0.298791673
Makaroni Panggang,100 g,489,66,22,7,Masakan,0,0,0,0.014314928,0,0,0,0,0,1.36636666,1.313060782,1.122221766,-0.12637661,-0.942908356
Garuda Rosta Kacang Panggang Rasa Bawang,100 g,545.45,54.55,27.27,18.18,Snack,0,1,0,0.033330278,0,0,0,0,0,1.568253882,1.094489893,1.316925413,0.915817991,-0.263839467
Tumis Daun Pepaya,100 g,95,12.01,2,8.05,Sayur,0,0,0,0.084736842,1,1,0,0,1,-0.940665533,-0.274632685,-0.710431496,0.008776233,0.876377898
Tumis Kacang Panjang Dan Tempe,100 g,140,9.65,8.54,8.97,Snack,0,1,0,0.064071429,0,0,1,0,1,-0.500289168,-0.425200571,0.31078456,0.117471814,0.512207423
Tumis Tauge,100 g,57,9.45,1.18,4.58,Sayur,0,0,0,0.080350877,1,1,1,1,1,-1.441211673,-0.439049516,-0.983472317,-0.500869601,0.80741221
Tumis Labu Siam,100 g,46,7.34,1.72,1.42,Masakan,0,0,0,0.030869565,1,1,1,1,0,-1.627239691,-0.598549986,-0.794617938,-1.263404027,-0.341683467
Tumis Pakcoy,100 g,30,5.57,0.52,1.85,Masakan,0,0,0,0.061666667,1,1,1,1,1,-1.960232876,-0.757137025,-1.287393242,-1.124917649,0.462741538
Tumis Kol,100 g,45,6.15,2.23,1.39,Sayur,0,0,0,0.030888889,1,1,1,0,0,-1.645563567,-0.702046322,-0.646727047,-1.27376387,-0.34106151
Tumis Pakis,100 g,75,7.01,4.54,3.55,Masakan,0,0,0,0.047333333,1,0,1,0,0,-1.182838937,-0.626103247,-0.175290154,-0.700225688,0.131130858
Tumis Pepaya Muda,100 g,52,8.97,1.93,0.73,Buah,0,0,0,0.014038462,1,1,1,1,0,-1.522505027,-0.473098601,-0.730749847,-1.532508506,-0.954213001
Tumis Genjer,100 g,35,7.39,0.27,1.99,Masakan,0,0,0,0.056857143,1,1,1,1,1,-1.845687883,-0.594445359,-1.437091409,-1.083361182,0.358741826
Nasi Bakar Ayam,100 g,166.67,25.15,4.55,6.67,Lauk,0,0,0,0.0400192,0,0,0,1,0,-0.283292662,0.318099887,-0.173695926,-0.171710575,-0.065446279
Tumis Daun Singkong,100 g,85,7.52,5.22,3.59,Sayur,0,0,0,0.042235294,1,0,1,0,0,-1.056967854,-0.583856659,-0.072694383,-0.691856725,-0.003739403
Tumis Oncom,100 g,105,12.62,4.04,5.84,Masakan,0,0,0,0.055619048,0,0,0,0,1,-0.832311242,-0.239019529,-0.258733678,-0.292866441,0.330829573
Tumis Pare,100 g,46,5.74,2.45,1.25,Sayur,0,0,0,0.027173913,1,1,1,0,0,-1.627239691,-0.740632084,-0.589732028,-1.32349695,-0.463832933
Kentang Panggang Kulit Tidak Dimakan,100 g,92,21.39,0.1,1.95,Masakan,0,0,0,0.021195652,1,1,0,1,0,-0.974657041,0.176606635,-1.555982788,-1.09507671,-0.675593078
Kacang Panggang Vegetarian,100 g,94,21.14,0.37,4.75,Snack,0,1,0,0.050531915,1,1,0,1,1,-0.951914992,0.166597334,-1.374090027,-0.470790235,0.2109662
Ikan Tuna Panggang,100 g,153,0.41,3.96,27.3,Lauk,1,0,0,0.178431373,0,0,1,0,1,-0.391332813,-1.56997131,-0.272815347,1.447729655,1.697736085
Ikan Trout Panggang,100 g,188,0.41,9.16,24.37,Lauk,1,0,0,0.12962766,0,0,1,0,1,-0.126058968,-1.56997131,0.367832401,1.293665365,1.391921769
Bolu Panggang,100 g,444.44,51.11,24.44,4.44,Masakan,0,0,0,0.0099901,0,0,0,0,0,1.195553572,1.022396147,1.217164257,-0.526182722,-1.125033996
Bubur Spesial Kombinasi,100 g,39.97,6,1,2,Masakan,0,0,0,0.050037528,1,1,1,1,1,-1.742076979,-0.715970099,-1.056529506,-1.08045143,0.19885827
Bola Kepiting,100 g,170,19,7,8,Masakan,1,0,0,0.047058824,0,0,0,0,0,-0.257885393,0.077331573,0.152091854,0.002625828,0.124111449
Cuanki,100 g,520,52,32,4,Masakan,0,0,0,0.007692308,0,0,0,0,0,1.479075749,1.041375329,1.464064683,-0.609198585,-1.226544365
Baso Spesial,100 g,467.53,54.55,22.08,11.69,Masakan,0,0,0,0.025003743,0,0,0,0,0,1.285441511,1.094489893,1.125484476,0.398568095,-0.538619145
Baso Aci Geprek,100 g,368,50.16,14.97,8.12,Masakan,0,0,0,0.022065217,0,0,0,0,0,0.873285051,1.001873285,0.782142201,0.017342395,-0.643653954
Bakso Daging Sapi Dan Ayam Kombinasi,100 g,160,14,7,10,Lauk,0,0,0,0.0625,0,0,0,0,1,-0.335231182,-0.162571036,0.152091854,0.230238998,0.480069179
Bubur Sumsum,100 g,174,33.79,3.57,1.97,Masakan,0,0,0,0.011321839,0,0,0,1,0,-0.227805745,0.59409659,-0.344736745,-1.089203551,-1.067732196
Bubur Candil,100 g,84,18.53,1.05,0.46,Masakan,0,0,0,0.00547619,1,1,0,1,0,-1.069093272,0.056795786,-1.035623912,-1.661193846,-1.327712218
Bubur Ketan Hitam,100 g,241,45.37,5.39,2.97,Masakan,0,0,0,0.012323651,0,0,0,1,0,0.21833658,0.893908828,-0.048726391,-0.828552299,-1.02534932
Bakso Sb Premium,100 g,138.46,3.08,5.38,21.54,Masakan,0,0,0,0.155568395,0,0,1,0,1,-0.513641377,-1.045219164,-0.050119282,1.131051537,1.577729719
Bubur Ayam,100 g,69.18,10.68,1.76,2.15,Lauk,0,0,0,0.031078346,1,1,0,1,0,-1.261347696,-0.356752138,-0.782096808,-1.037688156,-0.334972614
Bubur Sereal Multigrain,100 g,406.25,84.38,3.12,9.38,Masakan,0,0,0,0.023089231,0,0,0,1,0,1.039680047,1.612477132,-0.435413916,0.163402293,-0.606548881
Bubur Tim Salmon Norwegia,100 g,400,80,6,12,Masakan,1,0,0,0.03,0,0,0,1,0,1.013237671,1.545777731,0.032523265,0.427518936,-0.369849143
Bubur Shirataki Keju,100 g,60,8,3,0,Masakan,0,0,1,0,1,1,1,0,0,-1.394695653,-0.545757476,-0.461196885,-1.931501751,-1.592191924
Mpasi Bubur Bayi,100 g,400,70,5,15,Masakan,0,0,0,0.0375,0,0,0,1,0,1.013237671,1.382931583,-0.104660044,0.683026646,-0.137973434
Bubur Bayi,100 g,425,72.5,10,12.5,Masakan,0,0,0,0.029411765,0,0,0,1,0,1.117392415,1.425146377,0.440024212,0.473098217,-0.389100893
Super Bubur Dengan Kuah Kari,100 g,413.04,78.26,7.61,6.52,Masakan,0,0,0,0.015785396,0,0,0,1,0,1.068097096,1.518545567,0.218183415,-0.19282175,-0.883533893
Bubur Shirataki Rasa Ayam Jamur,100 g,60,8,2,2,Lauk,0,0,0,0.033333333,1,1,1,0,0,-1.394695653,-0.545757476,-0.710431496,-1.08045143,-0.263744484
Baso Ikan Dan Udang,100 g,166.67,16.67,12.5,8.33,Lauk,1,0,0,0.049979,0,0,0,0,0,-0.283292662,-0.028219234,0.62727829,0.042736628,0.197419343
Probites Bakso Sweet Spicy,100 g,116.67,8.33,3.33,11.67,Masakan,0,0,0,0.100025714,0,0,1,0,1,-0.714296054,-0.520420652,-0.391976285,0.396681418,1.087301231
Bakso Daging Ayam,100 g,270,21,17,8,Lauk,0,0,0,0.02962963,0,0,0,0,0,0.385412556,0.160955869,0.893113136,0.002625828,-0.38195182
Bakso Ikan Besar,100 g,125,15,5,10,Lauk,1,0,0,0.08,0,0,0,0,1,-0.634832161,-0.110340353,-0.104660044,0.230238998,0.801715918
Chikuwa Mini,100 g,150,20,2.5,15,Masakan,0,0,0,0.1,0,1,0,0,1,-0.415906136,0.119874219,-0.577264696,0.683026646,1.08698149
Bakso Original,100 g,145.83,8.33,9.38,16.67,Masakan,0,0,0,0.114311184,0,0,1,0,1,-0.450619007,-0.520420652,0.387276804,0.80936953,1.249095495
Scallop,100 g,100,16,1,10,Masakan,0,0,0,0.1,1,1,0,1,1,-0.885578897,-0.060452027,-1.056529506,0.230238998,1.08698149
Bakso Serba Guna,100 g,107.69,4.62,2.31,18.46,Masakan,0,0,0,0.171417959,0,1,1,0,1,-0.804355452,-0.855636501,-0.625583311,0.934832175,1.664509023
Bubur Aneka Kacang,100 g,120,21.5,2.25,3.5,Snack,0,1,0,0.029166667,0,1,0,1,0,-0.682085899,0.18098477,-0.64139451,-0.710768034,-0.397170144
Nasi Putih,100 g,129,27.9,0.28,2.66,Masakan,0,0,0,0.020620155,0,1,0,1,0,-0.59793645,0.412390171,-1.430581492,-0.903257291,-0.696951255
Bakso Bayam,100 g,219,29,8,11,Sayur,0,0,0,0.050228311,0,0,0,0,1,0.08228927,0.448265491,0.258128474,0.332091071,0.203540581
Bakso Ikan Pedas,100 g,177.78,13.33,10,8.89,Lauk,1,0,0,0.050005625,0,0,0,0,1,-0.199805856,-0.199012226,0.440024212,0.108338463,0.198074063
Bakso Cumi,100 g,175,20,7.5,10,Lauk,1,0,0,0.057142857,0,0,0,0,1,-0.220358796,0.119874219,0.206603555,0.230238998,0.365115342
Bakso Ayam Keju,100 g,191.67,11.67,9.17,14.17,Lauk,0,0,1,0.073929149,0,0,0,0,1,-0.100237036,-0.295017125,0.368724942,0.61636295,0.698733959
Bakso Ikan Kuah,100 g,108.33,17.5,0,10.83,Lauk,1,0,0,0.099972307,0,1,0,1,1,-0.797773484,0.010490776,-1.634431737,0.315255956,1.08663701
Bakso Sosis,100 g,160,9,8,13,Lauk,0,0,0,0.08125,0,0,1,0,1,-0.335231182,-0.470935717,0.258128474,0.517378292,0.821885851
Yong Tofu,100 g,150,10,9,8,Masakan,0,0,0,0.053333333,0,0,1,0,1,-0.415906136,-0.401417191,0.353436225,0.002625828,0.278021555
Momogi Jagung Bakar,100 g,500,60,30,10,Masakan,0,0,0,0.02,0,0,0,0,0,1.406899323,1.202277553,1.404484847,0.230238998,-0.720165191
Roti Gandum,100 g,277.78,45.56,6.67,8.89,Snack,0,0,0,0.032003744,0,0,0,1,0,0.428155368,0.898343557,0.114297818,0.108338463,-0.305466027
Sosis Bakar Mini,100 g,250,15,17,10,Lauk,0,0,0,0.04,0,0,0,0,0,0.271575617,-0.110340353,0.893113136,0.230238998,-0.065989347
Jagung Bakar G,100 g,333.33,40,20,6.67,Masakan,0,0,0,0.0200102,0,0,0,0,0,0.712032793,0.762662245,1.036912083,-0.171710575,-0.719781701
Roti Jagung,100 g,309.09,54.55,10.91,7.27,Snack,0,0,0,0.023520657,0,0,0,1,0,0.592426382,1.094489893,0.512504565,-0.090358646,-0.591078378
Roti Bakar,100 g,307,53.71,5.62,12.84,Snack,0,0,0,0.041824104,0,0,0,1,0,0.581820806,1.077194584,-0.017252711,0.50334489,-0.015044032
Jagung Bakar Pedas,100 g,416.67,50,25,8.33,Masakan,0,0,0,0.01999184,0,0,0,0,0,1.083159698,0.998389357,1.237720912,0.042736628,-0.720472018
Sosis Bakar Jumbo,100 g,250,13,18,10,Lauk,0,0,0,0.04,0,0,0,0,0,0.271575617,-0.217421908,0.943441397,0.230238998,-0.065989347
Ubi Bakar Cilembu,100 g,86,20.12,0.05,1.57,Masakan,0,0,0,0.018255814,1,1,0,1,0,-1.044937642,0.124878789,-1.594313039,-1.213059053,-0.786574486
Snack Nugget Rasa Jagung Bakar Pedas,100 g,500,70,20,10,Snack,0,0,0,0.02,0,0,0,0,0,1.406899323,1.382931583,1.036912083,0.230238998,-0.720165191
Tortilla Chips Rasa Jagung Bakar,100 g,500,64.29,21.43,10.71,Snack,0,0,0,0.02142,0,0,0,0,0,1.406899323,1.282255112,1.098655566,0.303258296,-0.667314617
Sosis Rasa Ayam Bakar,100 g,170,18,6,10,Lauk,0,0,0,0.058823529,0,0,0,0,1,-0.257885393,0.033198843,0.032523265,0.230238998,0.402100215
Pocket Sandwich Chocolate,100 g,320,44,12,8,Masakan,0,0,0,0.025,0,0,0,0,0,0.647015797,0.861531047,0.592646683,0.002625828,-0.538750148
Keripik Singkong Rasa Keju Bakar,100 g,400,56,20,0,Snack,0,0,1,0,0,0,0,0,0,1.013237671,1.123898798,1.036912083,-1.931501751,-1.592191924
Potato Bun With Custard Filling,100 g,314.29,50,10,7.14,Masakan,0,0,0,0.022717872,0,0,0,1,0,0.618604837,0.998389357,0.440024212,-0.107584189,-0.619942174
Ikan Kembung Bakar,100 g,169,3.2,8.01,20.46,Lauk,1,0,0,0.121065089,0,0,1,0,1,-0.265479696,-1.028716468,0.25913077,1.064774425,1.31560904
Super Bubur,100 g,422.22,71.11,6.67,6.67,Masakan,0,0,0,0.015797452,0,0,0,1,0,1.106018667,1.401807353,0.114297818,-0.171710575,-0.883052306
Super Bubur Rasa Ayam,100 g,377.78,71.11,6.67,6.67,Lauk,0,0,0,0.017655778,0,0,0,1,0,0.916902724,1.401807353,0.114297818,-0.171710575,-0.809808533
Super Bubur Rasa Abon Sapi,100 g,387.76,69.39,9.18,6.12,Lauk,0,0,0,0.015782959,0,0,0,1,0,0.960632304,1.372466097,0.369616643,-0.25077106,-0.883631278
Uburubur Dikeringkan Asin,100 g,36,0,1.4,5.5,Masakan,0,0,0,0.152777778,1,1,1,0,1,-1.824094957,-1.710248162,-0.901647138,-0.345830365,1.560569184
Buryam,100 g,363.64,81.82,0,9.09,Masakan,0,0,0,0.02499725,0,1,0,1,0,0.853587178,1.573806636,-1.634431737,0.131065169,-0.538846398
Sosis Bakar,100 g,160,2,10,14,Lauk,0,0,0,0.0875,0,0,1,0,1,-0.335231182,-1.212641797,0.440024212,0.602359153,0.917773639
Babi Panggang Hanya Daging Yang Dimakan,100 g,208,0,9.57,28.45,Lauk,0,0,0,0.136778846,0,0,1,0,1,0.010782807,-1.710248162,0.403754842,1.504803154,1.449468947
Terong Bakar,100 g,20,4.67,0.16,0.83,Sayur,0,0,0,0.0415,1,1,1,1,0,-2.233920254,-0.850159363,-1.512129296,-1.488824603,-0.024000644
Ikan Patin Bakar,100 g,144,2.22,6.61,17.78,Lauk,1,0,0,0.123472222,0,0,1,0,1,-0.466063878,-1.175315138,0.107259338,0.888275432,1.33792926
Akar Teratai,100 g,74,17.23,0.1,2.6,Masakan,0,0,0,0.035135135,1,1,0,1,0,-1.196031136,-0.001959283,-1.555982788,-0.91828284,-0.20844575
Sosis Lauk Rasa Ayam Bakar,100 g,140,12,3,16,Lauk,0,0,0,0.114285714,0,1,0,0,1,-0.500289168,-0.275226616,-0.461196885,0.759849875,1.248833339
Ikan Bawal Bakar,100 g,144,0,5.04,23,Lauk,1,0,0,0.159722222,0,0,1,0,1,-0.466063878,-1.710248162,-0.098765544,1.216815769,1.602174926
Apang Kukus Kue,100 g,202,46.7,0.3,3,Snack,0,0,0,0.014851485,0,1,0,1,0,-0.029301206,0.924676824,-1.417706418,-0.821567311,-0.921097121
Jagung Muda Rebus,100 g,142,30.3,0.7,5,Masakan,0,0,0,0.035211268,0,1,0,1,0,-0.483095397,0.489440481,-1.193572707,-0.42779268,-0.206140112
Jagung Kuning Pipil Rebus,100 g,154,28.4,3.5,3.8,Masakan,0,0,0,0.024675325,0,0,0,1,0,-0.383213869,0.428819103,-0.358264848,-0.648830646,-0.55014012
Ketan Putih Tapai,100 g,172,37.5,0.5,3,Masakan,0,0,0,0.01744186,0,1,0,1,0,-0.242786634,0.69721889,-1.298466925,-0.821567311,-0.818140328
Mi Basah,100 g,88,14,3.3,0.6,Masakan,0,0,0,0.006818182,1,0,0,1,0,-1.021155579,-0.162571036,-0.398056575,-1.592346807,-1.266059771
Misoa,100 g,345,78,2.2,8.5,Masakan,0,0,0,0.024637681,0,1,0,1,0,0.767525431,1.514438838,-0.654785406,0.062969099,-0.55146412
Roti Putih,100 g,248,50,1.2,8,Snack,0,0,0,0.032258065,0,1,0,1,0,0.259857962,0.998389357,-0.97571442,0.002625828,-0.297424633
Amparan Tatak,100 g,191,34,5.5,1.3,Masakan,0,0,0,0.006806283,0,0,0,1,0,-0.104926088,0.600143732,-0.033540799,-1.305464793,-1.266601152
Nasi Tim,100 g,120,26,0.4,2.4,Masakan,0,0,0,0.02,0,1,0,1,0,-0.682085899,0.347990533,-1.356046905,-0.969823165,-0.720165191
Apem Kue,100 g,148,33.9,0.5,2,Snack,0,0,0,0.013513514,0,1,0,1,0,-0.432472786,0.597267469,-1.298466925,-1.08045143,-0.97580265
Biskuit,100 g,458,75.1,14.4,6.9,Snack,0,0,0,0.015065502,0,0,0,1,0,1.248714072,1.467946931,0.748549385,-0.139957546,-0.91244428
Bakpia Kue,100 g,272,44.1,6.7,8.7,Snack,0,0,0,0.031985294,0,0,0,1,0,0.396479042,0.863918664,0.11779732,0.086413351,-0.306050525
Bakwan,100 g,280,39,10.2,8.2,Masakan,0,0,0,0.029285714,0,0,0,0,0,0.440203351,0.73684593,0.456433579,0.027069681,-0.393247278
Bantal,100 g,190,43.5,0.3,3.3,Masakan,0,0,0,0.017368421,0,1,0,1,0,-0.11194535,0.849534238,-1.417706418,-0.753874488,-0.821006609
Baruasa,100 g,417,79.3,8.2,6.5,Masakan,0,0,0,0.01558753,0,0,0,1,0,1.084524619,1.534874346,0.277974788,-0.195661346,-0.891450143
Batar Daan,100 g,107,19.6,2.2,2.2,Masakan,0,0,0,0.020560748,0,1,0,1,0,-0.811481136,0.103039325,-0.654785406,-1.023787109,-0.699166078
Bika Ambon,100 g,199,44.4,1.5,2.1,Masakan,0,0,0,0.010552764,0,1,0,1,0,-0.049644948,0.871058294,-0.866802623,-1.051762514,-1.100688771
Creamy Blend,100 g,454.55,77.27,18.18,0,Masakan,0,0,0,0,0,0,0,1,0,1.235290799,1.502855168,0.952230381,-1.931501751,-1.592191924
Rock Salt Caramello,100 g,500,70,22.5,5,Masakan,0,0,0,0.01,0,0,0,0,0,1.406899323,1.382931583,1.142438093,-0.42779268,-1.124603921
Gilus Mix Aroma Vanila,100 g,391.3,91.3,2.17,4.35,Masakan,0,0,0,0.01111679,0,1,0,1,0,0.97596064,1.712915188,-0.6629164,-0.542725212,-1.076483113
The Original,100 g,450,85,10,5,Masakan,0,0,0,0.011111111,0,0,0,1,0,1.21748185,1.621714434,0.440024212,-0.42779268,-1.076725851
Indo Creamer,100 g,500,66.67,33.33,0,Masakan,0,0,0,0,0,0,0,0,0,1.406899323,1.32497365,1.501800794,-1.931501751,-1.592191924
Coffe Candy,100 g,333.33,66.67,0,0,Snack,0,0,0,0,0,1,0,1,0,0.712032793,1.32497365,-1.634431737,-1.931501751,-1.592191924
Robusta Gold,100 g,450,70,10,10,Masakan,0,0,0,0.022222222,0,0,0,1,0,1.21748185,1.382931583,0.440024212,0.230238998,-0.637929491
Less Sugar,100 g,428.57,66.67,21.43,4.76,Masakan,0,0,0,0.011106704,0,0,0,1,0,1.131924716,1.32497365,1.098655566,-0.469042587,-1.076914248
Bobengka,100 g,225,45.2,2.6,5.3,Masakan,0,0,0,0.023555556,0,1,0,1,0,0.120275246,0.889929601,-0.55283335,-0.378003848,-0.58983114
Mighty Celery,100 g,18,3.6,0,1.2,Masakan,0,0,0,0.066666667,1,1,1,1,1,-2.298879747,-0.976090212,-1.634431737,-1.341844649,0.56378546
Original Blend,100 g,250,50,0,0,Masakan,0,0,0,0,0,1,0,1,0,0.271575617,0.998389357,-1.634431737,-1.931501751,-1.592191924
Ovalccino,100 g,440,84,8,4,Masakan,0,0,0,0.009090909,0,0,0,1,0,1.177908872,1.606791215,0.258128474,-0.609198585,-1.164354947
Blend Brew,100 g,400,80,10,0,Masakan,0,0,0,0,0,0,0,1,0,1.013237671,1.545777731,0.440024212,-1.931501751,-1.592191924
Tesona,100 g,400,100,0,0,Masakan,0,0,0,0,0,1,0,1,0,1.013237671,1.831633598,-1.634431737,-1.931501751,-1.592191924
Frestea Green,100 g,32,8,0,0,Masakan,0,0,0,0,1,1,1,1,0,-1.913010946,-0.545757476,-1.634431737,-1.931501751,-1.592191924
Bakmi Mewah Goreng Rasa Bulgogi,100 g,400,48,18,12,Masakan,0,0,0,0.03,0,0,0,0,0,1.013237671,0.954148549,0.943441397,0.427518936,-0.369849143
Kue Bangen,100 g,442,74.2,14.7,3.3,Snack,0,0,0,0.007466063,0,0,0,1,0,1.18587177,1.453254468,0.766375383,-0.753874488,-1.236723742
Kelepon Kue,100 g,215,41.8,3.7,3.7,Snack,0,0,0,0.017209302,0,0,0,1,0,0.056573456,0.807990587,-0.320131117,-0.669132012,-0.827227295
Kereput,100 g,580,51.1,39.6,4.8,Masakan,0,0,0,0.008275862,0,0,0,0,0,1.684921191,1.022181552,1.662723186,-0.462075588,-1.20044263
Ketoprak,100 g,153,13,7.7,7.9,Masakan,0,0,0,0.051633987,0,0,0,0,1,-0.391332813,-0.217421908,0.227553003,-0.009755435,0.237658279
Ketupat Kandangan,100 g,109,13.4,5.2,2.2,Masakan,0,0,0,0.020183486,0,0,0,0,0,-0.79091091,-0.195147201,-0.075555261,-1.023787109,-0.713275299
Koya,100 g,366,77.5,4.3,4.2,Masakan,0,0,0,0.01147541,0,0,0,1,0,0.864269028,1.506513337,-0.214401758,-0.570785244,-1.061195228
Koya Mirasa,100 g,370,82.2,1,8,Masakan,0,0,0,0.021621622,0,1,0,1,0,0.882268007,1.579601698,-1.056529506,0.002625828,-0.659897453
Koyabu,100 g,241,47.2,4.3,3.4,Masakan,0,0,0,0.014107884,0,0,0,1,0,0.21833658,0.936081012,-0.214401758,-0.732130069,-0.951370099
Kue Ali,100 g,440,64.5,18.5,3.8,Snack,0,0,0,0.008636364,0,0,0,0,0,1.177908872,1.286069907,0.967662093,-0.648830646,-1.184428063
Keddo Bodong,100 g,290,55.2,5.7,4.6,Masakan,0,0,0,0.015862069,0,0,0,1,0,0.493687791,1.107741982,-0.006550249,-0.497294031,-0.880472425
Kue Gelang,100 g,448,70,16.1,5.8,Snack,0,0,0,0.012946429,0,0,0,1,0,1.209615195,1.382931583,0.845474685,-0.29898935,-0.999310109
Kue Jahe,100 g,425,84.6,8.8,1.6,Snack,0,0,0,0.003764706,0,0,0,1,0,1.117392415,1.615760499,0.335127745,-1.203266726,-1.408109466
Kue Kelapa,100 g,591,47.5,42.1,5.6,Snack,0,0,0,0.009475465,0,0,0,0,0,1.721075769,0.942881932,1.720326669,-0.330032587,-1.147475764
Kue Koa,100 g,340,79.3,0.4,4.8,Snack,0,0,0,0.014117647,0,1,0,1,0,0.743907475,1.534874346,-1.356046905,-0.462075588,-0.950970514
Kue Ku Temu,100 g,214,49.6,0.2,3.5,Snack,0,0,0,0.01635514,0,1,0,1,0,0.050094134,0.989644327,-1.484084077,-0.710768034,-0.86086528
Kue Lumpur,100 g,291,44.1,11.1,3.6,Snack,0,0,0,0.012371134,0,0,0,1,0,0.498967312,0.863918664,0.52696672,-0.689773383,-1.023355731
Kue Pelita,100 g,141,17.6,5.5,5.3,Snack,0,0,0,0.037588652,0,0,0,0,0,-0.491671762,0.015068088,-0.033540799,-0.378003848,-0.135377143
Kue Putu Cangkir,100 g,304,54.9,7,5.3,Snack,0,0,0,0.017434211,0,0,0,1,0,0.566511878,1.10163968,0.152091854,-0.378003848,-0.818438758
Gemblong,100 g,274,55.5,5.4,1.7,Masakan,0,0,0,0.00620438,0,0,0,1,0,0.407490703,1.113820437,-0.047335585,-1.171249877,-1.294109005
Bolu Peca,100 g,197,35.6,4.6,3.3,Masakan,0,0,0,0.016751269,0,0,0,1,0,-0.063322635,0.645364706,-0.165765801,-0.753874488,-0.845213735
Brem,100 g,249,58,0.4,3.4,Masakan,0,0,0,0.013654618,0,1,0,1,0,0.265724733,1.163575472,-1.356046905,-0.732130069,-0.969983289
Cangkuning,100 g,204,31.4,7.5,2.8,Masakan,0,0,0,0.01372549,0,0,0,1,0,-0.015851687,0.523312046,0.206603555,-0.86893127,-0.967064918
Dodol Bali,100 g,298,65.9,2.1,3.7,Masakan,0,0,0,0.012416107,0,1,0,1,0,0.535585046,1.311275257,-0.682178855,-0.669132012,-1.021468756
Dodol Galamai,100 g,348,76.1,3.8,0.4,Masakan,0,0,0,0.001149425,0,0,0,1,0,0.78158533,1.484123165,-0.301643034,-1.692286326,-1.534909741
Dodol Kedondong,100 g,331,63.8,7.6,1.9,Masakan,0,0,0,0.005740181,0,0,0,1,0,0.700796609,1.273318796,0.217136569,-1.109896776,-1.315488818
Dodol Manado,100 g,373,51.9,16.5,4.3,Masakan,0,0,0,0.01152815,0,0,0,0,0,0.895681092,1.039254548,0.866936575,-0.552009546,-1.058953611
Top Avocado Coffe,100 g,454.55,77.27,15.91,4.55,Masakan,0,0,0,0.0100099,0,0,0,1,0,1.235290799,1.502855168,0.835111413,-0.506251759,-1.124173917
Gendar Goreng,100 g,407,32,28.2,6.4,Masakan,0,0,0,0.015724816,0,0,0,0,0,1.042834602,0.54143314,1.347629089,-0.209948649,-0.8859552
Jagung Gerontol,100 g,156,33.3,1.3,2.7,Masakan,0,0,0,0.017307692,0,1,0,1,0,-0.367081896,0.579881751,-0.937909966,-0.893346741,-0.823379094
Jagung Titi,100 g,374,79.1,2.2,9.4,Masakan,0,0,0,0.02513369,0,1,0,1,0,0.900135908,1.531746294,-0.654785406,0.165606326,-0.534075503
Japilus,100 g,500,67.3,25.1,1.2,Snack,0,0,0,0.0024,0,0,0,0,0,1.406899323,1.33609664,1.241347093,-1.341844649,-1.473671521
Kakicak,100 g,296,36.7,15.1,3.4,Masakan,0,0,0,0.011486486,0,0,0,0,0,0.525182671,0.6756196,0.78964285,-0.732130069,-1.060724295
Kambose,100 g,164,32.6,2.4,3,Masakan,0,0,0,0.018292683,0,1,0,1,0,-0.303912488,0.559314159,-0.602373513,-0.821567311,-0.78515341
Kapusa,100 g,158,27.8,3.2,4.4,Masakan,0,0,0,0.027848101,0,0,0,1,0,-0.351088639,0.409079407,-0.418621611,-0.533508361,-0.441067351
Mi Kuah Rasa Cakalang,100 g,440,65.33,14.67,10.67,Masakan,0,0,0,0.02425,0,0,0,0,0,1.177908872,1.301060213,0.764607522,0.299237751,-0.565141218
Cap Cay Kuah,100 g,67,9.67,2.59,1.58,Masakan,0,0,0,0.02358209,1,1,1,0,0,-1.29189067,-0.423826199,-0.555247058,-1.209785077,-0.588883249
Kwetiau Kuah Rasa Ayam Bawang,100 g,373.13,67.16,6.72,13.43,Lauk,0,0,0,0.035992818,0,0,0,1,0,0.896260675,1.333631389,0.120123078,0.554482413,-0.182614297
Kuah Rasa Ramen Jepang,100 g,366.67,70,5,10,Masakan,0,0,0,0.027272479,0,0,0,1,0,0.867293098,1.382931583,-0.104660044,0.230238998,-0.460490929
Muffin Buah Danatau Kacangkacangan,100 g,277,48,6.5,5.5,Buah,0,0,0,0.019855596,0,0,0,1,0,0.423906855,0.954148549,0.094216381,-0.345830365,-0.725600345
Mie Kuah Jalapeno,100 g,440,57.33,17.33,12,Masakan,0,0,0,0.027272727,0,0,0,0,0,1.177908872,1.150395205,0.910011088,0.427518936,-0.460482529
Mie Kuah Rasa Ayam Cabe,100 g,462.5,61.25,20,8.75,Lauk,0,0,0,0.018918919,0,0,0,0,0,1.266120292,1.225995972,1.036912083,0.092215391,-0.761130575
Buah Lontar,100 g,27,6.75,0.18,0.34,Buah,0,0,0,0.012592593,1,1,1,1,0,-2.035104376,-0.648404403,-1.49799294,-1.724436968,-1.014075711
Batagor Kuah,100 g,469,52.4,19.3,21.3,Masakan,0,0,0,0.045415778,0,0,0,0,0,1.291061502,1.049829217,1.005205568,1.116541026,0.081528985
Kuah Gulai,100 g,135,6.74,12.43,1.78,Masakan,0,0,0,0.013185185,0,0,1,0,0,-0.544009294,-0.64927303,0.622504509,-1.146296313,-0.989389394
Kuah Pedes Dower,100 g,480,61.33,21.33,8,Masakan,0,0,0,0.016666667,0,0,0,0,0,1.332742278,1.227502015,1.09446213,0.002625828,-0.84854898
Buah Persik,100 g,39,9.54,0.25,0.91,Buah,0,0,0,0.023333333,1,1,1,1,0,-1.761601174,-0.432793647,-1.450259754,-1.455199981,-0.597783884
Bihun Kuah,100 g,372.55,70.59,6.86,7.84,Masakan,0,0,0,0.021044155,0,0,0,1,0,0.893673791,1.392991382,0.136243725,-0.017236405,-0.681198427
Super Bihun Kuah,100 g,372.55,70.59,4.9,7.84,Masakan,0,0,0,0.021044155,0,0,0,1,0,0.893673791,1.392991382,-0.119562465,-0.017236405,-0.681198427
Buah Delima,100 g,68,17.17,0.3,0.95,Buah,0,0,0,0.013970588,1,1,0,1,0,-1.277798962,-0.004744307,-1.417706418,-1.438798374,-0.95699523
Mie Kuah Pedas Gurih,100 g,400,72.31,7.69,10.77,Masakan,0,0,0,0.026925,0,0,0,1,0,1.013237671,1.421975358,0.226516531,0.309269061,-0.472293562
Daging Menjanganrusa Panggang,100 g,190,0,3.93,36.08,Lauk,0,0,0,0.189894737,0,0,1,0,1,-0.11194535,-1.710248162,-0.278152083,1.84487814,1.746184279
Kacang Almond Panggang,100 g,600,16.67,56.67,20,Snack,0,1,0,0.033333333,0,0,0,0,0,1.750319524,-0.028219234,2.003177437,1.035752511,-0.263744484
Pilus Keju Panggang,100 g,500,65,25,5,Snack,0,0,1,0.01,0,0,0,0,0,1.406899323,1.29511678,1.237720912,-0.42779268,-1.124603921
Ikan Lele Panggang,100 g,184,0.41,11.71,18.16,Lauk,1,0,0,0.098695652,0,0,1,0,1,-0.154592867,-1.56997131,0.571971473,0.914451564,1.0706177
Kepiting Panggang,100 g,136,0.11,6.24,18.91,Masakan,1,0,0,0.139044118,0,0,1,0,1,-0.535179144,-1.66899124,0.062644744,0.96494805,1.466617769
Pilus Sapi Panggang,100 g,500,71.43,28.57,0,Lauk,0,0,0,0,0,0,0,0,0,1.406899323,1.407209412,1.359584953,-1.931501751,-1.592191924
Bagel Panggang,100 g,288,57.11,1.72,11.14,Masakan,0,0,0,0.038680556,0,1,0,1,0,0.483091736,1.146043145,-0.794617938,0.345816062,-0.103664527
Kacang Asin Panggang,100 g,629.63,18.52,51.85,29.63,Snack,0,1,0,0.047059384,0,0,0,0,0,1.844548227,0.056354935,1.918033725,1.561584979,0.12412581
Ikan Salmon Panggang,100 g,171,0.49,7.56,23.97,Lauk,1,0,0,0.140175439,0,0,1,0,1,-0.250321136,-1.546218803,0.212937502,1.27156934,1.474996876
Japota Sapi Panggang,100 g,571.43,50,35.71,7.14,Lauk,0,0,0,0.012494969,0,0,0,0,0,1.656430563,0.998389357,1.565964007,-0.107584189,-1.018162884
Malkist Keju Panggang,100 g,500,65,20,10,Snack,0,0,1,0.02,0,0,0,0,0,1.406899323,1.29511678,1.036912083,0.230238998,-0.720165191
Kacang Pistachio Panggang,100 g,640,20,52,24,Snack,0,1,0,0.0375,0,0,0,0,0,1.876816707,0.119874219,1.920793573,1.273236087,-0.137973434
Rasa Sapi Panggang,100 g,550,65,30,5,Lauk,0,0,0,0.009090909,0,0,0,0,0,1.583898918,1.29511678,1.404484847,-0.42779268,-1.164354947
Rumput Laut Panggang Nori,100 g,600,20,50,20,Snack,0,0,0,0.033333333,0,0,0,0,0,1.750319524,0.119874219,1.883365021,1.035752511,-0.263744484
Ayam Panggang Bawang,100 g,136.92,5.77,4.08,19.23,Lauk,0,0,0,0.140446976,0,0,1,0,1,-0.527093914,-0.737751232,-0.251772878,0.986042113,1.476989948
Chitato Sapi Panggang,100 g,550,55,30,10,Lauk,0,0,0,0.018181818,0,0,0,0,0,1.583898918,1.103676444,1.404484847,0.230238998,-0.789428851
Mie Goreng Korea Konnyaku,100 g,192.31,37.18,5.13,1.28,Masakan,0,0,0,0.00665592,0,0,0,1,0,-0.095768253,0.688619045,-0.085638369,-1.312640582,-1.273450375
Korean Spicy Cheese,100 g,506.85,60.27,26.03,8.22,Masakan,0,0,1,0.016217816,0,0,0,0,0,1.431836135,1.207430711,1.274447691,0.029491181,-0.866312028
Belut Goreng,100 g,221,8.62,11.36,20.09,Masakan,0,0,0,0.090904977,0,0,1,0,1,0.095028441,-0.498692058,0.546408724,1.041469486,0.96671037
Terong Goreng,100 g,148,11.58,10.75,2.4,Sayur,0,0,0,0.016216216,0,0,0,0,0,-0.432472786,-0.300480065,0.500153594,-0.969823165,-0.866375541
Kentang Mustofa,100 g,317,39.33,17.76,4.01,Masakan,0,0,0,0.012649842,0,0,0,0,0,0.632131957,0.745417128,0.931597957,-0.607249694,-1.011681549
Paru Sapi Goreng,100 g,484,0.62,36.5,39.61,Lauk,0,0,0,0.081838843,0,0,1,0,1,1.347738645,-1.509542665,1.586383863,1.983916369,0.831269634
Ampela Goreng,100 g,262,9.45,11.15,32.05,Masakan,0,0,0,0.122328244,0,0,1,0,1,0.340584558,-0.439049516,0.530736423,1.672891937,1.327409129
Super Bihun Goreng,100 g,369.23,66.15,9.23,7.69,Masakan,0,0,0,0.020827127,0,0,0,1,0,0.878813464,1.315735408,0.374062612,-0.036113749,-0.689249683
Intip Goreng,100 g,474,67.06,20.29,5.36,Masakan,0,0,0,0.011308017,0,0,0,0,0,1.31008839,1.33186822,1.049752209,-0.36826909,-1.068321272
Mie Goreng Original,100 g,494.12,61.18,23.53,8.24,Masakan,0,0,0,0.016676111,0,0,0,0,0,1.385308691,1.22467702,1.182817438,0.031908585,-0.848176455
Ikan Lidah Goreng,100 g,104,2.43,3.03,15.75,Lauk,1,0,0,0.151442308,0,0,1,0,1,-0.842826322,-1.141391794,-0.454682429,0.740981798,1.552139133
Mie Goreng Rasa Sapi,100 g,169.01,40.85,0,1.41,Lauk,0,0,0,0.008342702,0,1,0,1,0,-0.265403604,0.784245417,-1.634431737,-1.266846114,-1.197467078
Special Mix,100 g,400,92,4,4,Masakan,0,0,0,0.01,0,0,0,1,0,1.013237671,1.722763813,-0.265747556,-0.609198585,-1.124603921
Moccachino,100 g,450,80,12.5,5,Masakan,0,0,0,0.011111111,0,0,0,1,0,1.21748185,1.545777731,0.62727829,-0.42779268,-1.076725851
Mie Goreng Rendang Jumbo,100 g,460.87,59.13,20,10.43,Masakan,0,0,0,0.022631111,0,0,0,0,0,1.259828659,1.185558288,1.036912083,0.274885955,-0.623081558
Super Bihun Kuah Baso Sapi,100 g,352.94,68.63,4.9,9.8,Lauk,0,0,0,0.027766759,0,0,0,1,0,0.804559827,1.359333648,-0.119562465,0.20900741,-0.443802466
Corn Bihun Kuah Rasa Ayam Bawang,100 g,393.44,81.97,6.56,1.64,Lauk,0,0,0,0.004168361,0,0,0,1,0,0.985181496,1.576096486,0.101353244,-1.190346559,-1.388966438
Buah Kecapi,100 g,82,20.11,0.56,0.4,Buah,0,0,0,0.004878049,1,1,0,1,0,-1.093637336,0.124462539,-1.265658148,-1.692286326,-1.355582203
Buah Kenitu,100 g,67,16.78,0.21,1.43,Buah,0,0,0,0.021343284,1,1,0,1,0,-1.29189067,-0.023013341,-1.477212641,-1.259973025,-0.670142465
Buah Kundur,100 g,16,3.67,0.2,0.46,Buah,0,0,0,0.02875,1,1,1,1,0,-2.368656395,-0.967229246,-1.484084077,-1.661193846,-0.41095266
Kua Chap Thai Tom Yum,100 g,340,80,0,6,Masakan,0,0,0,0.017647059,0,1,0,1,0,0.743907475,1.545777731,-1.634431737,-0.268650804,-0.81014765
Kaki Ayam Goreng Tanpa Pelapis Kulit Dimakan,100 g,250,0,14.78,27.31,Lauk,0,0,0,0.10924,0,0,1,0,1,0.271575617,-1.710248162,0.771073919,1.448233683,1.195125801
Mie Goreng Wortel Bit,100 g,149.25,25.37,2.99,4.48,Sayur,0,0,0,0.03001675,0,1,0,1,0,-0.422101098,0.325903855,-0.463378766,-0.518899007,-0.369303291
Cempedak Segar,100 g,116,28.6,0.4,3,Masakan,0,0,0,0.025862069,0,1,0,1,0,-0.720851225,0.435333312,-1.356046905,-0.821567311,-0.50876303
Mi Goreng Chitato,100 g,500,61,24,9,Snack,0,0,0,0.018,0,0,0,0,0,1.406899323,1.22128042,1.200706459,0.120882075,-0.796455357
Mie Goreng Pedas Korea,100 g,367.65,69.12,6.62,8.82,Masakan,0,0,0,0.023990208,0,0,0,1,0,0.871709642,1.367812586,0.108436098,0.100299354,-0.574349016
Makaroni Krispi Level,100 g,450,60,20,10,Masakan,0,0,0,0.022222222,0,0,0,0,0,1.21748185,1.202277553,1.036912083,0.230238998,-0.637929491
Mi Goreng Jumbo,100 g,418.6,57.36,17.83,8.53,Masakan,0,0,0,0.020377449,0,0,0,0,0,1.091132078,1.150987735,0.935067204,0.066510147,-0.706011742
Mie Goreng Black Pepper Seafood,100 g,500,62.5,23.75,8.75,Lauk,1,0,0,0.0175,0,0,0,0,0,1.406899323,1.249367586,1.191231492,0.092215391,-0.815873338
Mi Goreng Cakalang,100 g,439.02,67.07,14.63,9.76,Masakan,0,0,0,0.022231333,0,0,0,1,0,1.173998114,1.332044622,0.762245327,0.204724322,-0.637597688
Ayam Goreng Kalasan Paha,100 g,275,1.3,12.2,37.4,Lauk,0,0,0,0.136,0,0,1,0,1,0.412976183,-1.346666021,0.606649805,1.898032534,1.443456264
Keju Monterey,100 g,373,0.68,30.28,24.48,Masakan,0,0,1,0.065630027,0,0,1,0,1,0.895681092,-1.493340561,1.413043822,1.299694069,0.543403689
Keju Cheddar Reduced Fat,100 g,309,4.06,20.41,27.35,Snack,0,0,1,0.088511327,0,0,1,0,1,0.591970683,-0.919568254,1.055016462,1.45024841,0.932543319
Keju Cheddar Nonfat Or Fat Free,100 g,157,7.14,0,32.14,Snack,0,0,1,0.204713376,0,1,1,0,1,-0.359068113,-0.615151296,-1.634431737,1.676907065,1.799492614
Keju Colby,100 g,394,2.57,32.11,23.76,Snack,0,0,1,0.060304569,0,0,1,0,1,0.987588829,-1.119614034,1.467240436,1.259858131,0.433986532
Keju Colby Jack,100 g,384,1.62,31.2,24.12,Snack,0,0,1,0.0628125,0,0,1,0,1,0.944247381,-1.282144062,1.440658776,1.279887507,0.486515871
Keju Fontina,100 g,389,1.55,31.14,25.6,Snack,0,0,1,0.065809769,0,0,1,0,1,0.966012278,-1.295742659,1.438880964,1.359949084,0.546958504
Keju Gouda Or Edam,100 g,357,1.67,27.69,24.98,Snack,0,0,1,0.069971989,0,0,1,0,1,0.823279499,-1.272593075,1.330909491,1.32684395,0.6268695
Keju Gruyere,100 g,413,0.36,32.34,29.81,Snack,0,0,1,0.072179177,0,0,1,0,1,1.06793062,-1.585323096,1.473848142,1.570095849,0.667432217
Keju Limburger,100 g,327,0.49,27.25,20.05,Snack,0,0,1,0.061314985,0,0,1,0,1,0.681381711,-1.546218803,1.316254555,1.038930964,0.455368957
Keju Brie,100 g,334,0.45,27.68,20.75,Snack,0,0,1,0.062125749,0,0,1,0,1,0.715253968,-1.557974889,1.33057882,1.08282219,0.472311941
Keju Monterey Reduced Fat,100 g,313,0.7,21.6,28.2,Snack,0,0,1,0.090095847,0,0,1,0,1,0.612138027,-1.488034249,1.105743511,1.492545809,0.95528361
Keju Mozzarella,100 g,295,5.58,19.78,23.75,Snack,0,0,1,0.080508475,0,0,1,0,1,0.519963669,-0.756157529,1.027057581,1.259298523,0.809961905
Keju Mozzarella Reduced Sodium,100 g,280,3.1,17.1,27.5,Snack,0,0,1,0.098214286,0,0,1,0,1,0.440203351,-1.042444212,0.898264829,1.457783931,1.064506431
Keju Mozzarella Nonfat Or Fat Free,100 g,141,3.5,0,31.7,Snack,0,0,1,0.224822695,0,1,1,0,1,-0.491671762,-0.988921931,-1.634431737,1.657195954,1.85807156
Keju Muenster,100 g,368,1.12,30.04,23.41,Snack,0,0,1,0.06361413,0,0,1,0,1,0.873285051,-1.385906188,1.405712077,1.240165999,0.502926616
Keju Muenster Reduced Fat,100 g,271,3.5,17.6,24.7,Snack,0,0,1,0.091143911,0,0,1,0,1,0.390952694,-0.988921931,0.923621492,1.311690788,0.970060976
Keju Parmesan Dry Grated,100 g,420,13.91,27.84,28.42,Snack,0,0,1,0.067666667,0,0,0,0,1,1.096899608,-0.167395792,1.335856359,1.503336571,0.583173723
Kefir,100 g,52,7.34,0.92,3.59,Masakan,0,0,0,0.069038462,1,1,1,0,1,-1.522505027,-0.598549986,-1.091042278,-0.691856725,0.609341332
Cengkeh Kering,100 g,330,57.4,8.9,5.2,Masakan,0,0,0,0.015757576,0,0,0,1,0,0.695957816,1.151777426,0.344326237,-0.394390476,-0.884645568
Jahe Segar,100 g,51,10.1,1,1.5,Masakan,0,0,0,0.029411765,1,1,0,1,0,-1.539381651,-0.394724046,-1.056529506,-1.236259672,-0.389100893
Kluwek,100 g,310,13.5,24,10,Masakan,0,0,0,0.032258065,0,0,0,0,0,0.597028981,-0.189649571,1.200706459,0.230238998,-0.297424633
Kunyit Segar,100 g,69,9.1,2.7,2,Masakan,0,0,0,0.028985507,1,1,1,0,0,-1.263845028,-0.463760302,-0.52904312,-1.08045143,-0.403152496
Balichong,100 g,152,22.9,0.8,13.2,Masakan,0,0,0,0.086842105,0,1,0,1,1,-0.399487575,0.235381016,-1.145483002,0.534745073,0.908056979
Bekasam,100 g,116,6.1,4.9,11.9,Masakan,0,0,0,0.102586207,0,0,1,0,1,-0.720851225,-0.706663571,-0.119562465,0.418239393,1.118598525
Bekasang,100 g,78,3.6,2,11.4,Masakan,0,0,0,0.146153846,1,1,1,0,1,-1.143955174,-0.976090212,-0.710431496,0.370980908,1.517311307
Tempoya,100 g,110,21.9,1.3,1.7,Masakan,0,0,0,0.015454545,0,1,0,1,0,-0.780720775,0.196774128,-0.937909966,-1.171249877,-0.896783313
Keju Parmesan Dry Grated Reduced Fat,100 g,395,26.96,16.42,34.21,Masakan,0,0,1,0.086607595,0,0,0,0,1,0.99188189,0.38093063,0.862682023,1.766988161,0.904572536
Cream Light,100 g,191,2.82,19.1,2.96,Masakan,0,0,0,0.015497382,0,0,1,0,0,-0.104926088,-1.082235435,0.995954257,-0.830889784,-0.895064284
Cream Half And Half,100 g,123,4.73,10.39,3.13,Masakan,0,0,0,0.025447154,0,0,1,0,0,-0.653578368,-0.843633363,0.471764738,-0.791763337,-0.523149752
Cream Half And Half Flavored,100 g,122,4.92,10.19,3.07,Masakan,0,0,0,0.025163934,0,0,1,0,0,-0.66302841,-0.823292881,0.455619796,-0.805426634,-0.533019199
Cream Half And Half Fat Free,100 g,59,9,1.4,2.6,Masakan,0,0,0,0.044067797,1,1,1,1,0,-1.410025141,-0.470935717,-0.901647138,-0.91828284,0.045853973
Cream Heavy,100 g,340,2.74,36.08,2.84,Masakan,0,0,0,0.008352941,0,0,1,0,0,0.743907475,-1.093996134,1.575579568,-0.859305388,-1.19701149
Cream Whipped,100 g,343,8.49,33.94,2.67,Masakan,0,0,0,0.007784257,0,0,1,0,0,0.758106193,-0.508372193,1.518642468,-0.900771758,-1.222416886
Keju Blue Or Roquefort,100 g,353,2.34,28.74,21.4,Masakan,0,0,1,0.060623229,0,0,1,0,1,0.80483753,-1.155738408,1.365030255,1.122601815,0.440762279
Keju Brick,100 g,371,2.79,29.68,23.24,Masakan,0,0,1,0.062641509,0,0,1,0,1,0.886747178,-1.086624335,1.394612086,1.23052163,0.482991877
Lidah Sapi Jeroan Smoked Cured Or Pickled Cooked,100 g,277,0,21.74,18.8,Lauk,0,0,0,0.067870036,0,0,1,0,1,0.423906855,-1.710248162,1.11154243,0.957635845,0.587084243
Hati Sapi Direbus,100 g,189,5.09,5.22,28.84,Lauk,0,0,0,0.152592593,0,0,1,0,1,-0.11898957,-0.8054955,-0.072694383,1.523763422,1.559408748
Hati Sapi Digoreng,100 g,174,5.12,4.64,26.3,Lauk,0,0,0,0.151149425,0,0,1,0,1,-0.227805745,-0.80239273,-0.159470344,1.396609685,1.55027111
Hati Ayam Direbus,100 g,166,0.86,6.46,24.26,Lauk,0,0,0,0.146144578,0,0,1,0,1,-0.288445885,-1.447151699,0.089428049,1.287616224,1.517248186
Hati Ayam Digoreng,100 g,189,6.41,8.66,19.98,Lauk,0,0,0,0.105714286,0,0,1,0,1,-0.11898957,-0.678411114,0.322097775,1.034479476,1.155416422
Jantung Jeroan Cooked,100 g,164,0.15,4.69,28.24,Masakan,0,0,0,0.172195122,0,0,1,0,1,-0.303912488,-1.654732999,-0.151660847,1.494512475,1.668335845
Ginjal Jeroan Cooked,100 g,157,0,4.61,27.04,Masakan,0,0,0,0.172229299,0,0,1,0,1,-0.359068113,-1.710248162,-0.164187912,1.434575844,1.668503286
Brains Jeroan Cooked,100 g,150,1.47,10.44,11.57,Masakan,0,0,0,0.077133333,0,0,1,0,1,-0.415906136,-1.311623423,0.475758568,0.38721301,0.754146552
Lidah Sapi Jeroan Cooked,100 g,282,0,22.11,19.13,Lauk,0,0,0,0.067836879,0,0,1,0,1,0.451002263,-1.710248162,1.126705203,0.979478369,0.586447429
Kambing Baked,100 g,142,0,3,26.87,Lauk,0,0,0,0.189225352,0,1,1,0,1,-0.483095397,-1.710248162,-0.461196885,1.425923713,1.743539932
Salmon Raw,100 g,127,0,4.4,20.5,Masakan,1,0,0,0.161417323,0,0,1,0,1,-0.616286599,-1.710248162,-0.197903305,1.067275046,1.611787543
Salmon Baked Or Broiled Made With Margarine,100 g,176,0.13,7.68,25.05,Masakan,1,0,0,0.142329545,0,0,1,0,1,-0.212940476,-1.661815842,0.225478916,1.330612311,1.490618424
Salmon Baked Or Broiled Made Without Fat,100 g,160,0.1,5.54,25.82,Masakan,1,0,0,0.161375,0,0,1,0,1,-0.335231182,-1.672614551,-0.028079686,1.37155131,1.611550032
Salmon Baked Or Broiled Made With Cooking Spray,100 g,164,0.2,5.92,25.72,Masakan,1,0,0,0.156829268,0,0,1,0,1,-0.303912488,-1.637412936,0.022262763,1.366286816,1.585286276
Salmon Coated Baked Or Broiled Made With Margarine,100 g,217,12.55,8.35,21.4,Masakan,1,0,0,0.098617512,0,0,0,0,1,0.069471347,-0.243046108,0.292590357,1.122601815,1.069628318
Salmon Coated Baked Or Broiled Made Without Fat,100 g,194,13.1,5.07,22.42,Masakan,1,0,0,0.11556701,0,0,0,0,1,-0.084015884,-0.211809907,-0.094369138,1.18324607,1.261913147
Salmon Coated Baked Or Broiled Made With Cooking Spray,100 g,197,13.14,5.35,22.35,Masakan,1,0,0,0.113451777,0,0,0,0,1,-0.063322635,-0.20957328,-0.054310528,1.179150811,1.240201143
Salmon Kukusrebus,100 g,160,0,5.53,25.78,Masakan,1,0,0,0.161125,0,0,1,0,1,-0.335231182,-1.710248162,-0.029441961,1.369447354,1.610144473
Keju Swiss Nonfat Or Fat Free,100 g,127,3.4,0,28.4,Masakan,0,0,1,0.223622047,0,1,1,0,1,-0.616286599,-1.001964537,-1.634431737,1.502358201,1.85495773
Keju Parmesan Hard,100 g,392,3.22,25.83,35.75,Masakan,0,0,1,0.09119898,0,0,1,0,1,0.978980552,-1.025999755,1.267422296,1.831359191,0.970831681
Keju Parmesan Dry Grated Fat Free,100 g,370,40,5,40,Masakan,0,0,1,0.108108108,0,0,0,0,1,0.882268007,0.762662245,-0.104660044,1.998691514,1.182578802
Keju Port Du Salut,100 g,356,2.22,27.44,24.94,Masakan,0,0,1,0.07005618,0,0,1,0,1,0.818682155,-1.175315138,1.322609435,1.324687042,0.628439303
Keju Provolone,100 g,351,2.14,26.62,25.58,Masakan,0,0,1,0.072877493,0,0,1,0,1,0.795563535,-1.188665575,1.294886425,1.358890627,0.68001275
Keju Provolone Reduced Fat,100 g,274,3.5,17.6,24.7,Masakan,0,0,1,0.090145985,0,0,1,0,1,0.407490703,-0.988921931,0.923621492,1.311690788,0.9559953
Keju Swiss,100 g,393,1.44,30.99,26.96,Masakan,0,0,1,0.068600509,0,0,1,0,1,0.983288393,-1.317676001,1.434422499,1.430509368,0.601040618
Keju Swiss Reduced Sodium,100 g,374,3.4,27.4,28.4,Masakan,0,0,1,0.075935829,0,0,1,0,1,0.900135908,-1.001964537,1.321274949,1.502358201,0.733719622
Keju Swiss Reduced Fat,100 g,179,3.4,5.1,28.4,Masakan,0,0,1,0.158659218,0,0,1,0,1,-0.190854596,-1.001964537,-0.089993479,1.502358201,1.596040959
Cabai Rawit Segar,100 g,120,19.9,2.4,4.7,Masakan,0,0,0,0.039166667,0,1,0,1,0,-0.682085899,0.115687696,-0.602373513,-0.479564234,-0.089702596
Keju Cheddar Reduced Sodium,100 g,398,1.91,32.62,24.35,Masakan,0,0,1,0.061180905,0,0,1,0,1,1.004717141,-1.228491838,1.481833669,1.292567046,0.452548693
Keju Mexican Blend,100 g,358,1.75,28.51,23.54,Masakan,0,0,1,0.06575419,0,0,1,0,1,0.827868145,-1.257580797,1.357655925,1.247505792,0.545860243
Keju Mexican Blend Reduced Fat,100 g,282,3.41,19.4,24.69,Masakan,0,0,1,0.087553191,0,0,1,0,1,0.451002263,-1.000650552,1.009798558,1.311147225,0.918555483
Domba Bagian Lengan Atas,100 g,274,0,19.8,22.32,Masakan,0,0,0,0.081459854,0,0,1,0,1,0.407490703,-1.710248162,1.027957561,1.177392766,0.825238666
Domba Bagian Lengan Atas Kurus,100 g,202,0,10.68,24.73,Masakan,0,0,0,0.122425743,0,0,1,0,1,-0.029301206,-1.710248162,0.494699347,1.313320487,1.328311867
Domba Panggang,100 g,265,0,18.07,23.83,Masakan,0,0,0,0.089924528,0,0,1,0,1,0.357501989,-1.710248162,0.946868767,1.263770452,0.952848227
Domba Panggang Kurus,100 g,196,0,9.18,26.4,Masakan,0,0,0,0.134693878,0,0,1,0,1,-0.070196622,-1.710248162,0.369616643,1.401786832,1.433236424
Tumis Keumamah,100 g,300,15.5,20,14.5,Masakan,0,0,0,0.048333333,0,0,0,0,0,0.545940358,-0.085118932,1.036912083,0.643200777,0.156474857
Saboko Gurita Masakan,100 g,87,2.6,1.5,15.7,Masakan,0,0,0,0.18045977,1,1,1,0,1,-1.033000809,-1.115029159,-0.866802623,0.737181838,1.706817268
Saboko Saltan Masakan,100 g,113,3,3.6,17.1,Masakan,0,0,0,0.151327434,0,0,1,0,1,-0.750518955,-1.056419784,-0.338999603,0.840383687,1.551407289
Saboko Sardin Masakan,100 g,110,4.9,4.3,12.9,Masakan,0,0,0,0.117272727,0,0,1,0,1,-0.780720775,-0.825411236,-0.214401758,0.508622183,1.278987525
Sate Bandeng,100 g,283,20.9,16.8,12.1,Lauk,0,0,0,0.042756184,0,0,0,0,0,0.456382326,0.156910108,0.88272705,0.436742929,0.010487642
Sepi Masakan,100 g,88,10.6,1.6,7.9,Masakan,0,0,0,0.089772727,1,1,0,0,1,-1.021155579,-0.361906201,-0.833267429,-0.009755435,0.950685602
Tekwan Masakan,100 g,53,9.4,0.9,1.9,Masakan,0,0,0,0.035849057,1,1,1,1,0,-1.505842908,-0.44254209,-1.099885462,-1.109896776,-0.186922214
Teri Belado Masakan,100 g,365,17.5,22.3,23.7,Lauk,0,0,0,0.064931507,0,0,0,0,1,0.859748522,0.010490776,1.134401428,1.256497835,0.529505094
Tumis Bandeng Masakan,100 g,189,0.6,15.7,11.3,Lauk,0,0,0,0.05978836,0,0,1,0,1,-0.11898957,-1.515041121,0.8235268,0.361351308,0.422946774
Pindang Kenari Masakan,100 g,124,0,9.6,9.5,Masakan,0,0,0,0.076612903,0,0,1,0,1,-0.644179848,-1.710248162,0.406330689,0.176577127,0.745309987
Telur Ayam Kampung Segar,100 g,174,1.2,14,10.8,Lauk,0,0,0,0.062068966,0,0,1,0,1,-0.227805745,-1.368175858,0.72425721,0.312265479,0.471131478
Telur Ayam Ras Segar,100 g,154,0.7,10.8,12.4,Lauk,0,0,0,0.080519481,0,0,1,0,1,-0.383213869,-1.488034249,0.504030476,0.464089054,0.810139761
Telur Ayam Ras Bagian Kuning Segar,100 g,355,0.7,31.9,16.3,Lauk,0,0,0,0.045915493,0,0,1,0,0,0.814076073,-1.488034249,1.461168831,0.782207791,0.094583836
Telur Ayam Ras Bagian Putih Segar,100 g,50,0.8,0,10.8,Lauk,0,0,0,0.216,1,1,1,0,1,-1.556479748,-1.462168707,-1.634431737,0.312265479,1.834109008
Telur Bebek Alabio Segar,100 g,187,3,14.2,11.8,Lauk,0,0,0,0.063101604,0,0,1,0,1,-0.133153768,-1.056419784,0.736479783,0.408903531,0.492455242
Telur Bebek Bagian Kuning Segar,100 g,386,0.8,35,17,Lauk,0,0,0,0.044041451,0,0,1,0,0,0.952976202,-1.462168707,1.54724988,0.833222834,0.045149975
Telur Bebek Bagian Putih Segar,100 g,54,0.8,0,11,Lauk,0,0,0,0.203703704,1,1,1,0,1,-1.489388668,-1.462168707,-1.634431737,0.332091071,1.79615877
Telur Bebek Tambak Segar,100 g,187,7.9,12.4,10.9,Lauk,0,0,0,0.05828877,0,0,1,0,1,-0.133153768,-0.553569669,0.620451308,0.322210786,0.390425535
Pempek Adaan Masakan,100 g,162,27.8,3,4.9,Masakan,0,0,0,0.030246914,0,1,0,1,0,-0.319506707,0.409079407,-0.461196885,-0.44482074,-0.361816044
Ikan Asar Merah Masakan,100 g,146,5.6,5.9,17.7,Lauk,1,0,0,0.121232877,0,0,1,0,1,-0.449190875,-0.754201808,0.0196799,0.88271207,1.317187712
Jambal Goreng Masakan,100 g,286,2.3,9.2,48.5,Masakan,0,0,0,0.16958042,0,0,1,0,1,0.472445855,-1.162205815,0.371397533,2.296353699,1.655311425
Kaholeo Masakan,100 g,413,29.8,19.8,28.7,Masakan,0,0,0,0.069491525,0,0,0,0,1,1.06793062,0.473755123,1.027957561,1.516979548,0.617876184
Lawara Penjah,100 g,207,9.6,15.4,7.4,Masakan,0,0,0,0.035748792,0,0,1,0,0,0.004156805,-0.428644803,0.806733147,-0.073343179,-0.189931909
Model Masakan,100 g,79,8.6,4,2.2,Masakan,0,0,0,0.027848101,1,0,1,0,0,-1.131216678,-0.500175039,-0.265747556,-1.023787109,-0.441067351
Mujahir Acar Kuning Masakan,100 g,330,12.1,23.4,17.8,Masakan,0,0,0,0.053939394,0,0,0,0,1,0.695957816,-0.269302312,1.177811482,0.889663382,0.292187508
Parede Baleh Masakan,100 g,87,5.5,2.5,10.5,Masakan,0,0,0,0.120689655,1,1,1,0,1,-1.033000809,-0.764024293,-0.577264696,0.282029468,1.312064122
Telur Burung Maleo Segar,100 g,436,0.4,36.3,26.5,Lauk,0,0,0,0.060779817,0,0,1,0,1,1.161909333,-1.573009347,1.581253484,1.406949251,0.444080904
Pempek Belida Masakan,100 g,156,31.6,1.4,4.2,Masakan,0,0,0,0.026923077,0,1,0,1,0,-0.367081896,0.529379557,-0.901647138,-0.570785244,-0.472359045
Pempek Kapal Selam Masakan,100 g,152,28.2,2.3,4.5,Masakan,0,0,0,0.029605263,0,1,0,1,0,-0.399487575,0.422272309,-0.628199362,-0.515272701,-0.382750287
Pempek Kelesan Masakan,100 g,211,26.6,6.1,12.3,Masakan,0,0,0,0.058293839,0,0,0,0,1,0.030532752,0.368676761,0.045192205,0.455027258,0.390536602
Pempek Kulit Masakan,100 g,243,39.1,7.3,5.2,Masakan,0,0,0,0.021399177,0,0,0,1,0,0.230282012,0.739448722,0.185176893,-0.394390476,-0.668081869
Pempek Telur Masakan,100 g,156,28.3,2.7,4.7,Lauk,0,0,0,0.030128205,0,1,0,1,0,-0.367081896,0.425549803,-0.52904312,-0.479564234,-0.36567459
Pempek Tenggiri Masakan,100 g,173,33.4,1.2,7.2,Masakan,0,0,0,0.041618497,0,1,0,1,0,-0.235281598,0.582794779,-0.97571442,-0.099607457,-0.020721243
Pencok Lele Masakan,100 g,372,3.5,36.3,7.8,Lauk,1,0,0,0.020967742,0,0,1,0,0,0.891218194,-0.988921931,1.581253484,-0.022245765,-0.684030322
Pinda,100 g,107,0.4,0.6,15.9,Masakan,0,0,0,0.148598131,0,1,1,0,1,-0.811481136,-1.573009347,-1.244450064,0.752328804,1.53370065
Asam Payak Segar,100 g,135,32.1,0.4,0.8,Masakan,0,0,0,0.005925926,0,1,0,1,0,-0.544009294,0.544429778,-1.356046905,-1.50172994,-1.306916531
Coklat Pahitbatang,100 g,615,29.2,42.6,5.5,Masakan,0,0,0,0.008943089,0,0,0,0,0,1.798406311,0.454684202,1.731462542,-0.345830365,-1.170868256
Jam Selai,100 g,239,64.5,0.6,0.5,Masakan,0,0,0,0.00209205,0,1,0,1,0,0.206324036,1.286069907,-1.244450064,-1.641015389,-1.488647448
Madu,100 g,294,79.5,0,0.3,Masakan,0,0,0,0.001020408,0,1,0,1,0,0.5147327,1.53799669,-1.634431737,-1.746500574,-1.541291449
Asam Arang Coklat Segar,100 g,130,30.9,1.1,0.5,Masakan,0,0,0,0.003846154,0,1,0,1,0,-0.588833079,0.508022157,-1.015200769,-1.641015389,-1.404237774
Asam Arang Merah Segar,100 g,99,20.3,1.6,0.8,Masakan,0,0,0,0.008080808,1,1,0,1,0,-0.896445837,0.132346683,-0.833267429,-1.50172994,-1.209142555
Asan Kandis Kering,100 g,261,63.3,1.6,0.9,Masakan,0,0,0,0.003448276,0,1,0,1,0,0.334916354,1.264148867,-0.833267429,-1.459342228,-1.42319497
Asam Kandis Segar,100 g,75,16.1,1.1,0.2,Masakan,0,0,0,0.002666667,1,1,0,1,0,-1.182838937,-0.055582686,-1.015200769,-1.804074432,-1.460757587
Asam Masak Pohon Segar,100 g,267,62.5,0.6,2.8,Masakan,0,0,0,0.010486891,0,1,0,1,0,0.368708541,1.249367586,-1.244450064,-0.86893127,-1.10352867
Coklat Manis Batang,100 g,527,62.7,29.8,2,Masakan,0,0,0,0.003795066,0,0,0,0,0,1.503893281,1.253075654,1.398325871,-1.08045143,-1.406665716
Bawang Merah Segar,100 g,46,9.2,0.3,1.5,Masakan,0,0,0,0.032608696,1,1,1,1,0,-1.627239691,-0.456636808,-1.417706418,-1.236259672,-0.286385471
Bawang Putih Segar,100 g,112,23.1,0.2,4.5,Masakan,0,0,0,0.040178571,0,1,0,1,0,-0.760525714,0.242959626,-1.484084077,-0.515272701,-0.060944063
Boros Kunci Segar,100 g,40,7.2,0.8,1,Masakan,0,0,0,0.025,1,1,1,1,0,-1.741478157,-0.610139782,-1.145483002,-1.41866166,-0.538750148
Boros Laja Lengkuas Segar,100 g,26,4.7,0.3,1,Masakan,0,0,0,0.038461538,1,1,1,1,0,-2.061266812,-0.846890065,-1.417706418,-1.41866166,-0.109986418
Cabai Gembor Merah Segar,100 g,38,6.3,0.8,1.6,Masakan,0,0,0,0.042105263,1,1,1,1,0,-1.782068181,-0.68833518,-1.145483002,-1.203266726,-0.007307213
Cabai Hijau Segar,100 g,26,5.2,0.3,0.7,Masakan,0,0,0,0.026923077,1,1,1,1,0,-2.061266812,-0.794172864,-1.417706418,-1.545997559,-0.472359045
Cabai Merah Kering,100 g,367,61.8,6.2,15.9,Masakan,0,0,0,0.043324251,0,0,0,1,0,0.868781192,1.236321499,0.057691496,0.752328804,0.025884999
Cabai Merah Segar,100 g,36,7.3,0.3,1,Masakan,0,0,0,0.027777778,1,1,1,1,0,-1.824094957,-0.601846702,-1.417706418,-1.41866166,-0.443431783
Keju,100 g,326,13.1,20.3,22.8,Masakan,0,0,1,0.06993865,0,0,0,0,1,0.676502932,-0.211809907,1.05019198,1.205312256,0.626247379
Telur Penyu Segar,100 g,136,2.7,10.1,8.6,Lauk,0,0,0,0.063235294,0,0,1,0,1,-0.535179144,-1.099945796,0.448264269,0.074738881,0.49519378
Telur Burung Puyuh Segar,100 g,116,1.6,7,10.7,Lauk,0,0,0,0.092241379,0,0,1,0,1,-0.720851225,-1.286001906,0.152091854,0.302254166,0.985313618
Telur Ayam Dadar Masakan,100 g,251,1.4,19.4,16.3,Lauk,0,0,0,0.064940239,0,0,1,0,1,0.27741072,-1.325831603,1.009798558,0.782207791,0.529679666
Telur Bebek Dadar Masakan,100 g,301,0,23.7,20,Lauk,0,0,0,0.066445183,0,0,1,0,1,0.551100529,-1.710248162,1.189325511,1.035752511,0.559455136
Bayau Mi Balu Masakan,100 g,313,44.8,12.2,6,Masakan,0,0,0,0.019169329,0,0,0,0,0,0.612138027,0.88052417,0.606649805,-0.268650804,-0.751585063
Cucuru Bayau Masakan,100 g,349,38.3,18.7,6.8,Masakan,0,0,0,0.019484241,0,0,0,0,0,0.786253751,0.71849145,0.977184295,-0.153673337,-0.739629464
Kalio Telur Masakan,100 g,193,9.7,12.4,10.6,Lauk,0,0,0,0.05492228,0,0,1,0,1,-0.090961568,-0.42176818,0.620451308,0.29217584,0.314909103
Hangop,100 g,65,3.5,1,10,Masakan,0,0,0,0.153846154,1,1,1,0,1,-1.320501216,-0.988921931,-1.056529506,0.230238998,1.567210946
Salmon Dried,100 g,397,0,13.75,64.06,Masakan,1,0,0,0.161360202,0,0,1,0,1,1.000446015,-1.710248162,0.708757745,2.750690107,1.611466955
Kwark Quark,100 g,242,3,17,19,Masakan,0,0,0,0.078512397,0,0,1,0,1,0.224317627,-1.056419784,0.893113136,0.970907345,0.777261961
Kelapa Setengah Tua Daging Segar,100 g,180,10,15,4,Lauk,0,0,0,0.022222222,0,0,1,0,0,-0.183548121,-0.401417191,0.783878293,-0.609198585,-0.637929491
Kelapa Tua Daging Segar,100 g,359,14,34.7,3.4,Lauk,0,0,0,0.009470752,0,0,0,0,0,0.832448135,-0.162571036,1.539236117,-0.732130069,-1.14768207
Lemak Babi Bacon,100 g,626,1.1,65,9.1,Masakan,0,0,0,0.014536741,0,0,1,0,0,1.83316774,-1.390415266,2.135422175,0.132192242,-0.933871085
Lemak Ikan,100 g,372,14.4,29.4,12,Lauk,1,0,0,0.032258065,0,0,0,0,0,0.891218194,-0.141381002,1.385892231,0.427518936,-0.297424633
Lemak Kerbau Lemak Sapi,100 g,818,0,90,1.5,Lauk,0,0,0,0.001833741,0,0,1,0,0,2.382614127,-1.710248162,2.45335885,-1.236259672,-1.501261415
Burrito With Beans Meatless,100 g,217,21.04,10.56,9.78,Masakan,0,0,0,0.045069124,0,0,0,0,0,0.069471347,0.162570397,0.485276006,0.206867417,0.072418929
Taco Shell Corn,100 g,476,63.49,21.79,6.41,Masakan,0,0,0,0.013466387,0,0,0,0,0,1.31766113,1.26763958,1.113605194,-0.208513161,-0.977748875
Taco Shell Flour,100 g,511,53.2,29.07,8.83,Masakan,0,0,0,0.017279843,0,0,0,0,0,1.446833098,1.066598628,1.375516027,0.101450531,-0.824467758
Burrito With Meat,100 g,242,14.44,14.48,13.03,Masakan,0,0,0,0.053842975,0,0,0,0,1,0.224317627,-0.139284292,0.753335265,0.519995603,0.289941811
Burrito With Meat And Beans,100 g,229,17.83,12.46,11.36,Masakan,0,0,0,0.049606987,0,0,0,0,0,0.145220923,0.025527814,0.624553325,0.367136368,0.188245712
Burrito With Meat And Beans From Fast Food,100 g,180,23.37,6.8,7.03,Masakan,0,0,0,0.039055556,0,0,0,0,0,-0.183548121,0.253117917,0.129368803,-0.122328177,-0.092885461
Burrito With Meat And Sour Cream,100 g,236,13.09,15.15,11.57,Masakan,0,0,0,0.049025424,0,0,0,0,0,0.188177318,-0.212369791,0.792512289,0.38721301,0.173808916
Burrito With Meat Beans And Sour Cream,100 g,225,16.06,13.39,10.16,Masakan,0,0,0,0.045155556,0,0,0,0,0,0.120275246,-0.057527909,0.685990943,0.247008377,0.074694482
Burrito With Meat Beans And Sour Cream From Fast Food,100 g,209,26.78,7.86,8.56,Masakan,0,0,0,0.040956938,0,0,0,0,0,0.017387351,0.374818255,0.243983288,0.070042505,-0.039100005
Tortilla Whole Wheat,100 g,310,45.89,9.76,9.76,Masakan,0,0,0,0.031483871,0,0,0,0,0,0.597028981,0.906014534,0.419951783,0.204724322,-0.321994583
Burrito With Beans Meatless From Fast Food,100 g,205,31.23,6.05,7.35,Masakan,0,0,0,0.035853659,0,0,0,1,0,-0.009160265,0.518133025,0.038879235,-0.079863101,-0.186784178
Raisins Raw,100 g,299,79.18,0.46,3.07,Masakan,0,0,0,0.010267559,0,1,0,1,0,0.540768552,1.532998201,-1.321044772,-0.805426634,-1.113004145
Raisins Cooked,100 g,219,57.38,0.21,1.43,Masakan,0,0,0,0.00652968,0,1,0,1,0,0.08228927,1.15138263,-1.477212641,-1.259973025,-1.279212356
Cherries Sweet Raw,100 g,63,16.01,0.2,1.06,Masakan,0,0,0,0.016825397,1,1,0,1,0,-1.349705695,-0.059964149,-1.484084077,-1.395009841,-0.842294766
Juneberry Raw,100 g,57,14.49,0.33,0.74,Masakan,0,0,0,0.012982456,1,1,0,1,0,-1.441211673,-0.136669,-1.398744955,-1.528052734,-0.997810911
Kiwi Fruit Raw,100 g,61,14.66,0.52,1.14,Masakan,0,0,0,0.018688525,1,1,0,1,0,-1.379535591,-0.127823061,-1.287393242,-1.364296605,-0.769943506
Lychee Raw,100 g,66,16.53,0.44,0.83,Masakan,0,0,0,0.012575758,1,1,0,1,0,-1.30612357,-0.034879407,-1.332556663,-1.488824603,-1.014780123
Chia Seeds,100 g,534,28.88,42.16,18.29,Masakan,0,0,0,0.034250936,0,0,0,0,0,1.528488761,0.444399186,1.721669484,0.923313525,-0.235406151
Biji Labu Pumpkin Seeds Unsalted,100 g,574,14.71,49.05,29.84,Masakan,0,0,0,0.051986063,0,0,0,0,1,1.665004606,-0.125234725,1.865091606,1.571510552,0.246099482
Biji Bunga Matahari Sunflower Seeds Plain Unsalted,100 g,582,24.07,49.8,19.33,Masakan,0,0,0,0.033213058,0,0,0,0,0,1.691529056,0.279075164,1.879545219,0.992580581,-0.267486334
Biji Bunga Matahari Sunflower Seeds Plain Salted,100 g,575,23.78,49.21,19.1,Masakan,0,0,0,0.033217391,0,0,0,0,0,1.668333788,0.268386769,1.868192357,0.977504284,-0.267351423
Biji Bunga Matahari Sunflower Seeds Flavored,100 g,567,25.93,47.54,18.45,Masakan,0,0,0,0.032539683,0,0,0,0,0,1.641589716,0.345555245,1.835351844,0.934156786,-0.288553919
Tahini,100 g,595,21.19,53.76,17,Masakan,0,0,0,0.028571429,0,0,0,0,0,1.734109939,0.168605802,1.952628856,0.833222834,-0.416884534
Mixed Seeds,100 g,580,21.73,49.61,21.96,Masakan,0,0,0,0.037862069,0,0,0,0,0,1.684921191,0.190088567,1.875903051,1.15615729,-0.12739026
Pear Raw,100 g,57,15.23,0.14,0.36,Masakan,0,0,0,0.006315789,1,1,0,1,0,-1.441211673,-0.09866775,-1.526500886,-1.713597427,-1.288999214
Garlic Bread From Fast Food Restaurant,100 g,349,41.64,16.58,8.34,Masakan,0,0,0,0.023896848,0,0,0,0,0,0.786253751,0.804018659,0.871172551,0.043934704,-0.577666338
Croissant,100 g,406,45.8,21,8.2,Masakan,0,0,0,0.020197044,0,0,0,0,0,1.038627654,0.903926386,1.080495119,0.027069681,-0.712766914
Croissant Keju,100 g,414,47,20.9,9.2,Masakan,0,0,1,0.022222222,0,0,0,0,0,1.072089273,0.931529797,1.076223088,0.143415337,-0.637929491
Croissant Chocolate,100 g,421,49.4,22.79,7.4,Masakan,0,0,0,0.017577197,0,0,0,0,0,1.101011317,0.985252786,1.153975732,-0.073343179,-0.81286618
Croissant Fruit,100 g,396,46.99,19.78,7.77,Masakan,0,0,0,0.019621212,0,0,0,0,0,0.996167609,0.931301871,1.027057581,-0.026014462,-0.734446215
Tortilla Plain,100 g,262,47.01,5.42,6.95,Masakan,0,0,0,0.026526718,0,0,0,1,0,0.340584558,0.931757688,-0.044560201,-0.13315041,-0.485893964
Tortilla Corn,100 g,218,44.64,2.85,5.7,Masakan,0,0,0,0.026146789,0,1,0,1,0,0.075890228,0.876745124,-0.49448733,-0.314420551,-0.498939876
Tortilla Flour,100 g,306,49.38,7.99,8.2,Masakan,0,0,0,0.026797386,0,0,0,1,0,0.576729106,0.984812929,0.257125112,0.027069681,-0.476642878
Nasi Ayam Woku,100 g,160,24.4,2.4,9.6,Lauk,0,0,0,0.06,0,1,0,1,1,-0.335231182,0.291128073,-0.602373513,0.187466674,0.427482489
Nasi Tiwul,100 g,147,35.08,0.26,1.25,Masakan,0,0,0,0.008503401,0,1,0,1,0,-0.440812686,0.630829773,-1.443650574,-1.32349695,-1.190324887
Iwel Iwel,100 g,226,40,6.08,3.13,Masakan,0,0,0,0.013849558,0,0,0,1,0,0.126539548,0.762662245,0.042672139,-0.791763337,-0.961963238
Nasi Uduk Komplit,100 g,136,14,3.43,12.29,Masakan,0,0,0,0.090367647,0,0,0,0,1,-0.535179144,-0.162571036,-0.371995886,0.454118157,0.959135913
Nasi Goreng Tanpa Daging,100 g,151,20.97,5.48,4.23,Lauk,0,0,0,0.028013245,0,0,0,0,0,-0.407678549,0.15974356,-0.036283429,-0.565123157,-0.435524162
Nasi Samin,100 g,207,36.72,5.36,4.47,Masakan,0,0,0,0.021594203,0,0,0,1,0,0.004156805,0.67616366,-0.052911344,-0.520716035,-0.660904861
Nasi Hitam,100 g,260,50.59,2.9,7.87,Masakan,0,0,0,0.030269231,0,1,0,1,0,0.329233466,1.011196907,-0.483254641,-0.013490982,-0.361091365
Brondong Ketan,100 g,380,86,1.5,6,Masakan,0,0,0,0.015789474,0,1,0,1,0,0.926697087,1.636510912,-0.866802623,-0.268650804,-0.883370994
Japanese Teriyaki Bento,100 g,126.67,17.67,4,4.67,Masakan,0,0,0,0.036867451,0,0,0,0,0,-0.619333018,0.018261478,-0.265747556,-0.484857508,-0.15659303
Nasi Goreng Cina,100 g,151,18.95,5.61,5.67,Masakan,0,0,0,0.037549669,0,0,0,0,0,-0.407678549,0.075163849,-0.018599213,-0.319084955,-0.136518423
Ronde,100 g,308,68.39,0.45,5.57,Masakan,0,0,0,0.018084416,0,1,0,1,0,0.586901311,1.355164723,-1.32678172,-0.334752189,-0.793190764
Nasi Coklat,100 g,116,24.51,0.73,2.47,Masakan,0,0,0,0.021293103,0,1,0,1,0,-0.720851225,0.295120179,-1.178867512,-0.95152118,-0.671993841
Rum Cooler,100 g,68,10.07,0,0,Masakan,0,0,0,0,1,1,0,0,0,-1.277798962,-0.396727329,-1.634431737,-1.931501751,-1.592191924
Markisa,100 g,97,23.38,0.7,2.2,Masakan,0,0,0,0.022680412,1,1,0,1,0,-0.918402731,0.253492561,-1.193572707,-1.023787109,-0.621297141
Kerang Clams Raw,100 g,86,3.57,0.96,14.67,Masakan,1,0,0,0.170581395,1,1,1,0,1,-1.044937642,-0.979918063,-1.073617344,0.656852639,1.66034792
Blackberries Raw,100 g,43,9.61,0.49,1.39,Masakan,0,0,0,0.032325581,1,1,1,1,0,-1.683037745,-0.427955005,-1.304056871,-1.27376387,-0.295294679
Pear Japanese Raw,100 g,42,10.65,0.23,0.5,Masakan,0,0,0,0.011904762,1,1,0,1,0,-1.70220912,-0.358681869,-1.463631325,-1.641015389,-1.042996182
Persimmon Raw,100 g,70,18.59,0.19,0.58,Masakan,0,0,0,0.008285714,1,1,0,1,0,-1.250025583,0.059437423,-1.491010541,-1.601886641,-1.200003849
Plum Raw,100 g,46,11.42,0.28,0.7,Masakan,0,0,0,0.015217391,1,1,0,1,0,-1.627239691,-0.310263158,-1.430581492,-1.545997559,-0.906319507
Plum Cooked Or Canned,100 g,89,23.24,0.1,0.36,Masakan,0,0,0,0.004044944,1,1,0,1,0,-1.009400232,0.248237249,-1.555982788,-1.713597427,-1.394807442
Plum Cooked Or Canned Drained Solids,100 g,89,23.12,0.14,0.44,Masakan,0,0,0,0.00494382,1,1,0,1,0,-1.009400232,0.243714946,-1.526500886,-1.671445321,-1.352505725
Plum Pickled,100 g,123,30.8,0.19,0.48,Masakan,0,0,0,0.003902439,0,1,0,1,0,-0.653578368,0.504943117,-1.491010541,-1.651051405,-1.401564903
Berries Raw,100 g,32,7.68,0.3,0.67,Masakan,0,0,0,0.0209375,1,1,1,1,0,-1.913010946,-0.570985868,-1.417706418,-1.559673715,-0.685151954
Berries Frozen,100 g,51,12.17,0.64,0.42,Masakan,0,0,0,0.008235294,1,1,0,1,0,-1.539381651,-0.265175006,-1.223743505,-1.681808542,-1.202250038
Biji Labu Pumpkin Seeds Salted,100 g,567,14.54,48.47,29.49,Masakan,0,0,0,0.052010582,0,0,0,0,1,1.641589716,-0.134059892,1.853771288,1.554938382,0.246685804
Cranberries Raw,100 g,46,11.97,0.13,0.46,Masakan,0,0,0,0.01,1,1,0,1,0,-1.627239691,-0.277010424,-1.533777424,-1.661193846,-1.124603921
Cranberries Cooked Or Canned,100 g,159,40.4,0.15,0.9,Masakan,0,0,0,0.005660377,0,1,0,1,0,-0.343143114,0.77285951,-1.519285188,-1.459342228,-1.319178971
Loganberries Raw,100 g,55,13.02,0.31,1.52,Masakan,0,0,0,0.027636364,1,1,0,1,0,-1.473136005,-0.216297161,-1.411339811,-1.229579716,-0.448193621
Oysters Tiram Steamed,100 g,102,5.42,3.4,11.37,Masakan,0,0,0,0.111470588,0,0,1,0,1,-0.86406191,-0.771962397,-0.377944296,0.368098412,1.219309604
Cumicumi Coated Baked Or Broiled Fat Not Added In Cooking,100 g,156,15.7,2.06,17.17,Masakan,0,0,0,0.110064103,0,1,0,0,1,-0.367081896,-0.075187246,-0.693373741,0.845377931,1.204143659
Cumicumi Steamed Or Boiled,100 g,183,6.13,2.75,31.02,Masakan,0,0,0,0.169508197,0,1,1,0,1,-0.161791579,-0.703890371,-0.517377856,1.626322155,1.654945581
Cumicumi Dried,100 g,348,11.65,5.22,58.94,Masakan,0,0,0,0.169367816,0,0,0,0,1,0.78158533,-0.296228646,-0.072694383,2.611575777,1.654233538
Cumicumi Pickled,100 g,93,2.96,1.32,14.93,Masakan,0,0,0,0.160537634,1,1,1,0,1,-0.963245013,-1.062081808,-0.930538242,0.677510036,1.606824665
Cumicumi Canned,100 g,106,3.54,1.59,17.9,Masakan,0,0,0,0.168867925,0,1,1,0,1,-0.821863196,-0.983764389,-0.836564875,0.896585893,1.651687775
Oysters Tiram Raw,100 g,51,2.72,1.71,5.71,Masakan,0,0,0,0.111960784,1,1,1,0,1,-1.539381651,-1.096965099,-0.797775754,-0.312869373,1.224529571
Oysters Tiram Cooked,100 g,195,12.62,12.22,8.16,Masakan,0,0,0,0.041846154,0,0,0,0,0,-0.077094303,-0.239019529,0.60803893,0.022214327,-0.014436173
Oysters Tiram Baked Or Broiled Fat Not Added In Cooking,100 g,63,3.44,2.1,7.02,Masakan,0,0,0,0.111428571,1,1,1,0,1,-1.349705695,-0.996721664,-0.682178855,-0.123676341,1.218860607
Cumicumi Coated Baked Or Broiled Fat Added In Cooking,100 g,198,15.01,7.44,16.42,Masakan,0,0,0,0.082929293,0,0,0,0,1,-0.056472143,-0.109830298,0.200226669,0.79106627,0.848450659
Oysters Tiram Coated Baked Or Broiled Fat Added In Cooking,100 g,160,14.69,7.74,7.43,Masakan,0,0,0,0.0464375,0,0,0,0,0,-0.335231182,-0.126269333,0.231687521,-0.069445753,0.108123823
Oysters Tiram Coated Baked Or Broiled Fat Not Added In Cooking,100 g,117,15.36,2.38,7.77,Masakan,0,0,0,0.066410256,0,1,0,0,1,-0.711076685,-0.092123775,-0.607479993,-0.026014462,0.558771074
Oysters Tiram Canned,100 g,74,4.25,2.68,7.67,Masakan,0,0,0,0.103648649,1,1,1,0,1,-1.196031136,-0.897320225,-0.533751523,-0.038649904,1.13127539
Oysters Tiram Smoked,100 g,82,4.38,2.76,9.2,Masakan,0,0,0,0.112195122,1,1,1,0,1,-1.093637336,-0.882435967,-0.515062678,0.143415337,1.227013082
Scallops Kerang Baked Or Broiled Fat Added In Cooking,100 g,114,3.89,4.17,14.39,Masakan,1,0,0,0.12622807,0,0,1,0,1,-0.740571526,-0.939999934,-0.236300954,0.634304818,1.362637354
Scallops Kerang Baked Or Broiled Fat Not Added In Cooking,100 g,85,4,0.6,14.81,Masakan,1,0,0,0.174235294,1,1,1,0,1,-1.056967854,-0.926721128,-1.244450064,0.668008811,1.678206794
Scallops Kerang Steamed Or Boiled,100 g,137,6.33,0.98,24.01,Masakan,1,0,0,0.175255474,0,1,1,0,1,-0.526392581,-0.685617798,-1.065032123,1.273791323,1.683049251
Scallops Kerang Coated Baked Or Broiled Fat Added In Cooking,100 g,177,15.1,6.63,13.21,Masakan,1,0,0,0.074632768,0,0,0,0,1,-0.205550513,-0.105250286,0.109611381,0.535608388,0.71111038
Tuna Fresh Dried,100 g,341,0,1.53,76.25,Masakan,1,0,0,0.223607038,0,1,1,0,1,0.748649757,-1.710248162,-0.856609209,3.050407719,1.854918521
Salmon Canned,100 g,137,0,5.48,20.55,Masakan,1,0,0,0.15,0,0,1,0,1,-0.526392581,-1.710248162,-0.036283429,1.070395722,1.542872319
Salmon Smoked,100 g,117,0,4.32,18.28,Masakan,1,0,0,0.156239316,0,0,1,0,1,-0.711076685,-1.710248162,-0.211078367,0.922633494,1.581765653
Tuna Fresh Raw,100 g,109,0,0.49,24.4,Masakan,1,0,0,0.223853211,0,1,1,0,1,-0.79091091,-1.710248162,-1.304056871,1.295311577,1.855560727
Tuna Fresh Baked Or Broiled Fat Added In Cooking,100 g,166,0.1,4.28,29.85,Masakan,1,0,0,0.179819277,0,0,1,0,1,-0.288445885,-1.672614551,-0.217737174,1.57198188,1.703974445
Tuna Fresh Baked Or Broiled Fat Not Added In Cooking,100 g,138,0.1,0.62,30.73,Masakan,1,0,0,0.222681159,0,1,1,0,1,-0.517649074,-1.672614551,-1.234035613,1.612999548,1.852486099
Tuna Fresh Coated Baked Or Broiled Fat Added In Cooking,100 g,218,12.52,6.8,25.08,Masakan,1,0,0,0.115045872,0,0,0,0,1,0.075890228,-0.244776456,0.129368803,1.332224904,1.256619782
Tuna Fresh Coated Baked Or Broiled Fat Not Added,100 g,177,13.1,1.25,26.22,Masakan,1,0,0,0.148135593,0,1,0,0,1,-0.205550513,-0.211809907,-0.956611155,1.392457299,1.530638364
Tuna Fresh Steamed Or Poached,100 g,137,0,0.62,30.68,Masakan,1,0,0,0.223941606,0,1,1,0,1,-0.526392581,-1.710248162,-1.234035613,1.610692949,1.855790867
Scallops Kerang Coated Baked Or Broiled Fat Not Added In Cooking,100 g,134,15.8,1.22,13.82,Masakan,1,0,0,0.103134328,0,1,0,0,1,-0.552883568,-0.070254089,-0.968023735,0.58739592,1.125160949
Tuna Fresh Smoked,100 g,200,0,10.04,25.54,Masakan,1,0,0,0.1277,0,0,1,0,1,-0.042840854,-1.710248162,0.443328805,1.356771846,1.375475619
Gurita Steamed Kukus,100 g,163,4.37,2.07,29.62,Masakan,0,0,0,0.181717791,0,1,1,0,1,-0.311693483,-0.883571485,-0.690561946,1.561111009,1.712335637
Gurita Dried,100 g,311,8.34,3.94,56.52,Masakan,0,0,0,0.181736334,0,0,1,0,1,0.602076265,-0.519663202,-0.276369726,2.542570617,1.712416335
Gurita Dried Boiled,100 g,163,4.38,2.07,29.69,Masakan,0,0,0,0.182147239,0,1,1,0,1,-0.311693483,-0.882435967,-0.690561946,1.564426263,1.714199805
Gurita Smoked,100 g,164,4.4,2.08,29.82,Masakan,0,0,0,0.181829268,0,1,1,0,1,-0.303912488,-0.880169565,-0.687758903,1.570567536,1.712820495
Cumicumi Raw,100 g,92,3.08,1.38,15.58,Masakan,0,0,0,0.169347826,1,1,1,0,1,-0.974657041,-1.045219164,-0.908782513,0.728025569,1.654132042
Cumicumi Baked Or Broiled Fat Added In Cooking,100 g,142,3.77,5.23,18.59,Masakan,0,0,0,0.130915493,0,0,1,0,1,-0.483095397,-0.954738185,-0.071267245,0.943587673,1.402682187
Cumicumi Baked Or Broiled Fat Not Added In Cooking,100 g,113,3.88,1.7,19.14,Masakan,0,0,0,0.169380531,0,1,1,0,1,-0.750518955,-0.941217925,-0.800944743,0.980135888,1.654298082
Pecans Unsalted,100 g,697,13.44,72.81,8.9,Masakan,0,0,0,0.01276901,0,0,0,0,0,2.048141419,-0.192944799,2.245627291,0.109483278,-1.006704349
Peanuts Unroasted,100 g,567,16.13,49.24,25.8,Masakan,0,0,0,0.045502646,0,0,0,0,0,1.641589716,-0.054125957,1.868772695,1.370499638,0.083804927
Peanuts Roasted Salted,100 g,599,15.26,52.5,28.03,Masakan,0,0,0,0.046794658,0,0,0,0,0,1.747084941,-0.097154199,1.929939376,1.484163945,0.117331038
Peanuts Dry Roasted Salted,100 g,587,21.26,49.66,24.35,Masakan,0,0,0,0.041482112,0,0,0,0,0,1.707981761,0.171412088,1.876862784,1.292567046,-0.024496157
Peanuts Dry Roasted Lightly Salted,100 g,584,21.15,49.41,24.23,Masakan,0,0,0,0.041489726,0,0,0,0,0,1.698121573,0.166999294,1.872055024,1.28596289,-0.024285233
Peanuts Honey Roasted,100 g,572,30.07,45.21,20.7,Masakan,0,0,0,0.036188811,0,0,0,0,0,1.658334447,0.482248217,1.787677948,1.079723961,-0.176755273
Pecans Salted,100 g,690,13.31,72.09,8.81,Masakan,0,0,0,0.012768116,0,0,0,0,0,2.027624949,-0.200119061,2.235946736,0.099147262,-1.006741661
Peanuts Boiled,100 g,318,21.26,22.01,13.5,Masakan,0,0,0,0.04245283,0,0,0,0,0,0.637103773,0.171412088,1.122630198,0.560440671,0.002214822
Pecans Honey Roasted,100 g,637,31.11,58.36,6.17,Masakan,0,0,0,0.009686028,0,0,0,0,0,1.867518171,0.51446517,2.031424396,-0.243390538,-1.138273444
Kacang Pinus Pine Nut,100 g,673,13.08,68.37,13.69,Snack,0,1,0,0.020341753,0,0,0,0,0,1.977205783,-0.212929967,2.18442893,0.576500674,-0.707346951
Kacang Pistachio Raw,100 g,572,28.28,45.82,21.05,Snack,0,1,0,0.036800699,0,0,0,0,0,1.658334447,0.424894962,1.800377649,1.101295705,-0.15856764
Kacang Pistachio Salted,100 g,576,27.16,46.98,20.22,Snack,0,1,0,0.035104167,0,0,0,0,0,1.671659055,0.3876884,1.82409694,1.049693814,-0.209384327
Kacang Pistachio Lightly Salted,100 g,579,27.3,47.21,20.32,Snack,0,1,0,0.035094991,0,0,0,0,0,1.681611474,0.392397922,1.828734627,1.055993499,-0.209662487
Kacang Pistachio Unsalted,100 g,581,27.43,47.44,20.42,Snack,0,1,0,0.035146299,0,0,0,0,0,1.688227048,0.396755772,1.833351185,1.062270163,-0.208107487
Walnuts Honey Roasted,100 g,612,31.01,53.8,10.25,Masakan,0,0,0,0.016748366,0,0,0,0,0,1.788852977,0.511400935,1.953340944,0.256358837,-0.845328112
Kacang Metes Salted,100 g,578,31.4,47.48,14.7,Snack,0,1,0,0.025432526,0,0,0,0,0,1.678297887,0.523312046,1.834151923,0.659249777,-0.523658538
Almonds Unroasted,100 g,579,21.55,49.93,21.15,Masakan,0,0,0,0.036528497,0,0,0,0,0,1.681611474,0.182969643,1.882029724,1.107409943,-0.16663909
Almonds Salted,100 g,601,20.18,53.43,20.13,Masakan,0,0,0,0.033494176,0,0,0,0,0,1.753550461,0.127373256,1.946735058,1.044004253,-0.25875049
Almonds Lightly Salted,100 g,604,20.28,53.7,20.23,Masakan,0,0,0,0.033493377,0,0,0,0,0,1.763221494,0.131519208,1.951559789,1.050324824,-0.258775267
Almonds Unsalted,100 g,607,20.38,53.96,20.33,Masakan,0,0,0,0.033492586,0,0,0,0,0,1.772860073,0.135650894,1.956184332,1.056622198,-0.258799799
Almonds Flavored,100 g,599,20.12,53.27,20.07,Masakan,0,0,0,0.033505843,0,0,0,0,0,1.747084941,0.124878789,1.943865138,1.040200695,-0.258388695
Almonds Honey Roasted,100 g,575,35.92,45.27,14.11,Masakan,0,0,0,0.02453913,0,0,0,0,0,1.668333788,0.654234147,1.788934192,0.611434486,-0.55493373
Kacang Brazil,100 g,659,11.74,67.1,14.32,Snack,0,1,0,0.021729894,0,0,0,0,0,1.935032794,-0.290787816,2.166233664,0.62861788,-0.655923228
Kacang Metes Unroasted,100 g,574,32.69,46.35,15.31,Snack,0,1,0,0.026672474,0,0,0,0,0,1.665004606,0.561976067,1.811283893,0.707233268,-0.480907761
Gurame Asem Manis Masakan,100 g,192,12.7,10.1,12.7,Masakan,0,0,0,0.066145833,0,0,0,0,1,-0.097931566,-0.234436269,0.448264269,0.490961402,0.553581453
Kacang Metes Lightly Salted,100 g,580,31.55,47.72,14.78,Snack,0,1,0,0.025482759,0,0,0,0,0,1.684921191,0.527865244,1.838943109,0.665624713,-0.521911868
Kacang Metes Unsalted,100 g,583,31.71,47.96,14.85,Snack,0,1,0,0.025471698,0,0,0,0,0,1.694827228,0.532705058,1.843711758,0.671182122,-0.522296352
Kacang Metes Honey Roasted,100 g,558,43.79,41.11,10.31,Snack,0,1,0,0.018476703,0,0,0,0,0,1.611195631,0.856504356,1.697908042,0.262560088,-0.778071829
Kacang Kastanye Chestnuts,100 g,245,52.96,2.2,3.17,Snack,0,1,0,0.012938776,0,1,0,1,0,0.24216125,1.061586976,-0.654785406,-0.782740311,-0.999628672
Hazelnut,100 g,628,16.7,60.75,14.95,Snack,0,0,0,0.023805732,0,0,0,0,0,1.839443489,-0.026797093,2.070084468,0.679088138,-0.580908191
Macadamia,100 g,716,12.83,76.08,7.79,Snack,0,0,0,0.010879888,0,0,0,0,0,2.103134876,-0.227030162,2.288485718,-0.023500882,-1.086625857
Punai Daging Goreng,100 g,224,4.4,11.3,26.2,Lauk,0,0,0,0.116964286,0,0,1,0,1,0.113992126,-0.880169565,0.54195709,1.391417714,1.275928235
Sale Kesemek,100 g,296,71.4,0.6,1.1,Masakan,0,0,0,0.003716216,0,1,0,1,0,0.525182671,1.406703714,-1.244450064,-1.379539058,-1.410416646
Sale Pisang Siam,100 g,281,66.1,0.7,2.4,Buah,0,0,0,0.008540925,0,1,0,1,0,0.445609297,1.314844353,-1.193572707,-0.969823165,-1.188659563
Sale Pisang Cilacap,100 g,295,66.9,2.1,2.3,Buah,0,0,0,0.00779661,0,1,0,1,0,0.519963669,1.329043193,-0.682178855,-0.996485982,-1.221862766
Ayam Ampela Goreng,100 g,270,9.9,11.2,32.3,Lauk,0,0,0,0.11962963,0,0,1,0,1,0.385412556,-0.408155115,0.534491307,1.684024103,1.3019607
Ayam Usus Goreng,100 g,473,13.9,26.3,45.2,Lauk,0,0,0,0.095560254,0,0,0,0,1,1.306293912,-0.167933193,1.283853462,2.185918138,1.030097343
Bebek Daging Goreng,100 g,300,4.5,20.7,24,Lauk,0,0,0,0.08,0,0,1,0,1,0.545940358,-0.868929006,1.067622722,1.273236087,0.801715918
Ham,100 g,384,0.3,35,16.9,Masakan,0,0,0,0.044010417,0,0,1,0,0,0.944247381,-1.604301724,1.54724988,0.826030862,0.044320364
Kerupuk Urat,100 g,588,1.2,40.9,53.7,Snack,0,0,0,0.091326531,0,0,1,0,1,1.71126091,-1.368175858,1.693087775,2.459239647,0.972614631
Rujak Aceh,100 g,82,19.7,0.3,0.4,Masakan,0,0,0,0.004878049,1,1,0,1,0,-1.093637336,0.107270373,-1.417706418,-1.692286326,-1.355582203
Sapi Abon Asli,100 g,358,38.6,16.1,14.6,Lauk,0,0,0,0.040782123,0,0,0,0,0,0.827868145,0.72638678,0.845474685,0.651245353,-0.043985183
Sapi Daging Asap,100 g,182,0,6,32,Lauk,0,0,0,0.175824176,0,0,1,0,1,-0.169016862,-1.710248162,0.032523265,1.670657622,1.685722067
Sapi Daging Kornet,100 g,289,0,25,16,Lauk,0,0,0,0.055363322,0,0,1,0,1,0.488395956,-1.710248162,1.237720912,0.759849875,0.325004368
Sapi Daging Sosis Worst,100 g,448,2.3,42.3,14.5,Lauk,0,0,0,0.032366071,0,0,1,0,0,1.209615195,-1.162205815,1.724795782,0.643200777,-0.29401832
Sapi Hati Sosis Liverworst,100 g,274,3,22,16,Lauk,0,0,0,0.058394161,0,0,1,0,1,0.407490703,-1.056419784,1.122221766,0.759849875,0.392733227
Sapi Paru Goreng,100 g,268,14.5,12.7,23.9,Lauk,0,0,0,0.089179104,0,0,0,0,1,0.374290567,-0.136146685,0.640788251,1.267674174,0.942186074
Ulat Sagu Panggang,100 g,380,14.9,30.3,11.9,Masakan,0,0,0,0.031315789,0,0,0,0,0,0.926697087,-0.115453808,1.413652368,0.418239393,-0.327364634
Sukun Muda Segar,100 g,119,28.1,0.2,1.4,Masakan,0,0,0,0.011764706,0,1,0,1,0,-0.691694801,0.418986572,-1.484084077,-1.270299367,-1.048920338
Salak Pondoh Segar,100 g,87,20.1,0.4,0.8,Masakan,0,0,0,0.009195402,1,1,0,1,0,-1.033000809,0.124046145,-1.356046905,-1.50172994,-1.159759138
Sawo Duren Segar,100 g,64,8,3.1,1,Masakan,0,0,0,0.015625,1,0,1,0,0,-1.335027307,-0.545757476,-0.439660747,-1.41866166,-0.889949303
Sawo Kecik Segar,100 g,111,21.6,2.3,0.9,Masakan,0,0,0,0.008108108,0,1,0,1,0,-0.770592685,0.184951291,-0.628199362,-1.459342228,-1.207923417
Sawo Manila Segar,100 g,92,22.4,1.1,0.5,Masakan,0,0,0,0.005434783,1,1,0,1,0,-0.974657041,0.216228852,-1.015200769,-1.641015389,-1.329633769
Semangka Segar,100 g,28,6.9,0.2,0.5,Buah,0,0,0,0.017857143,1,1,1,1,0,-2.009567922,-0.635472578,-1.484084077,-1.641015389,-0.801989097
Sirsak Segar,100 g,65,16.3,0.3,1,Masakan,0,0,0,0.015384615,1,1,0,1,0,-1.320501216,-0.045906319,-1.417706418,-1.41866166,-0.899591876
Sowa Segar,100 g,48,9.1,0.6,1.6,Masakan,0,0,0,0.033333333,1,1,1,1,0,-1.591370096,-0.463760302,-1.244450064,-1.203266726,-0.263744484
Srikaya Segar,100 g,63,13.9,0.5,1.1,Masakan,0,0,0,0.017460317,1,1,0,1,0,-1.349705695,-0.167933193,-1.298466925,-1.379539058,-0.817420443
Ayam Goreng Church Texas Dada,100 g,338,0.4,20.6,35.2,Lauk,0,0,0,0.104142012,0,0,1,0,1,0.734394556,-1.573009347,1.063294048,1.80861554,1.137101582
Sukun Tua Segar,100 g,126,24.5,0.2,1.6,Masakan,0,0,0,0.012698413,0,1,0,1,0,-0.625534631,0.294757782,-1.484084077,-1.203266726,-1.009651905
Vigus Segar,100 g,44,8.3,0.1,2.4,Masakan,0,0,0,0.054545455,1,1,1,1,1,-1.664159511,-0.52269658,-1.555982788,-0.969823165,0.306234608
Wani Segar,100 g,74,17.1,0.3,0.8,Masakan,0,0,0,0.010810811,1,1,0,1,0,-1.196031136,-0.008002041,-1.417706418,-1.50172994,-1.08958991
Keripik Lampung,100 g,485,69.7,22.2,1.7,Snack,0,0,0,0.003505155,0,0,0,0,0,1.351474627,1.3777929,1.130358303,-1.171249877,-1.420478187
Ledre Pisang,100 g,405,84.9,5.1,4.8,Buah,0,0,0,0.011851852,0,0,0,1,0,1.034413693,1.620227857,-0.089993479,-0.462075588,-1.045232785
Lempog Durian,100 g,320,63.7,5.7,3.5,Buah,0,0,0,0.0109375,0,0,0,1,0,0.647015797,1.271488972,-0.006550249,-0.710768034,-1.084156057
Loka Anjoro,100 g,163,30,4.3,1.1,Masakan,0,0,0,0.006748466,0,0,0,1,0,-0.311693483,0.480051519,-0.214401758,-1.379539058,-1.269232998
Ricarica Taipa,100 g,49,10,0.3,1.6,Masakan,0,0,0,0.032653061,1,1,1,1,0,-1.573806652,-0.401417191,-1.417706418,-1.203266726,-0.28499259
Lawar Babi Masakan,100 g,174,3,10,17,Masakan,0,0,0,0.097701149,0,0,1,0,1,-0.227805745,-1.056419784,0.440024212,0.833222834,1.057948459
Djibokum Masakan,100 g,248,40.9,2.3,10,Masakan,0,0,0,0.040322581,0,1,0,1,0,0.259857962,0.785504966,-0.628199362,0.230238998,-0.05688452
Empal Daging Goreng Masakan,100 g,248,10.1,6.9,36.2,Lauk,0,0,0,0.145967742,0,0,0,0,1,0.259857962,-0.394724046,0.140799156,1.84977084,1.516042355
Gulai Kambing,100 g,126,6.2,9.4,4.2,Lauk,0,0,0,0.033333333,0,0,1,0,0,-0.625534631,-0.697452695,0.389024869,-0.570785244,-0.263744484
Jangang Bintatoeng Masakan,100 g,107,16.5,2.2,5.3,Masakan,0,0,0,0.04953271,0,1,0,1,0,-0.811481136,-0.036311659,-0.654785406,-0.378003848,0.186408384
Kalio Ayam Masakan,100 g,203,4.4,13.5,16,Lauk,0,0,0,0.078817734,0,0,1,0,1,-0.022565273,-0.880169565,0.693004771,0.759849875,0.782321611
Kalio Jeroan Masakan,100 g,163,4.1,9,16.5,Masakan,0,0,0,0.101226994,0,0,1,0,1,-0.311693483,-0.914834163,0.353436225,0.796945496,1.102117468
Kalio Kikil Tunjang Masakan,100 g,122,3.9,5.7,13.8,Masakan,0,0,0,0.113114754,0,0,1,0,1,-0.66302841,-0.93878377,-0.006550249,0.585724596,1.236685617
Kalio Otak Masakan,100 g,157,11.4,8.8,8.1,Masakan,0,0,0,0.051592357,0,0,0,0,1,-0.359068113,-0.311492532,0.335127745,0.014900172,0.236657432
Coto Mangkasara Sapi Masakan,100 g,84,1.4,6,6,Lauk,0,0,0,0.071428571,1,0,1,0,1,-1.069093272,-1.325831603,0.032523265,-0.268650804,0.653775117
Lawar Penyu Masakan,100 g,141,7.6,1.5,23,Masakan,0,0,0,0.163120567,0,1,1,0,1,-0.491671762,-0.577399309,-0.866802623,1.216815769,1.621241503
Lawara Jangang Masakan,100 g,159,10.1,10.9,5,Masakan,0,0,0,0.031446541,0,0,0,0,0,-0.343143114,-0.394724046,0.511737296,-0.42779268,-0.323186138
Naan Maran Sapi Masakan,100 g,478,5.1,33.9,38.3,Lauk,0,0,0,0.080125523,0,0,1,0,1,1.325212375,-0.80446,1.517546751,1.933461954,0.803756828
Nasu Likku Masakan,100 g,196,15.9,8.3,14.5,Masakan,0,0,0,0.073979592,0,0,0,0,1,-0.070196622,-0.065342422,0.287743594,0.643200777,0.699625188
Oramu Ninahu Ndawa Olaho Masakan,100 g,117,4.3,5,13.7,Masakan,0,0,0,0.117094017,0,0,1,0,1,-0.711076685,-0.891563857,-0.104660044,0.577341435,1.277216489
Pelolah Manuk Masakan,100 g,219,4.4,13.6,19.7,Masakan,0,0,0,0.089954338,0,0,1,0,1,0.08228927,-0.880169565,0.699336924,1.016556745,0.95327239
Rawon Masakan,100 g,60,4,2.5,5.4,Masakan,0,0,0,0.09,1,1,1,0,1,-1.394695653,-0.926721128,-0.577264696,-0.361819005,0.953921789
Rendang Sapi Masakan,100 g,193,7.8,7.9,22.6,Lauk,0,0,0,0.117098446,0,0,1,0,1,-0.090961568,-0.561446513,0.248046476,1.193733039,1.277260426
Ayam Goreng Pioneer Dada,100 g,295,0.6,14.7,37.4,Lauk,0,0,0,0.126779661,0,0,1,0,1,0.519963669,-1.515041121,0.766375383,1.898032534,1.367477172
Ayam Goreng Churchtexas Paha,100 g,287,1.7,15.7,31,Lauk,0,0,0,0.108013937,0,0,1,0,1,0.47777506,-1.266925296,0.8235268,1.625406385,1.181526437
Ayam Goreng Church Texas Sayap,100 g,295,1.5,16,34,Lauk,0,0,0,0.115254237,0,0,1,0,1,0.519963669,-1.305624528,0.840034149,1.758040909,1.258740566
Ayam Goreng Kentucky Dada,100 g,298,0.1,16.8,34.2,Lauk,0,0,0,0.114765101,0,0,1,0,1,0.535585046,-1.672614551,0.88272705,1.766563047,1.253752847
Ayam Goreng Kentucky Paha,100 g,286,1.1,16.1,32.1,Lauk,0,0,0,0.112237762,0,0,1,0,1,0.472445855,-1.390415266,0.845474685,1.675123616,1.22746416
Ayam Goreng Kentuckysayap,100 g,297,1.6,15.2,35.9,Lauk,0,0,0,0.120875421,0,0,1,0,1,0.530389774,-1.286001906,0.795373238,1.837515865,1.313820333
Ayam Goreng Mbok Berek Dada,100 g,295,1,13.6,39.2,Lauk,0,0,0,0.132881356,0,0,1,0,1,0.519963669,-1.413445579,0.699336924,1.968263616,1.418765576
Ayam Goreng Pasundan Dada,100 g,246,0.7,9,37.9,Lauk,0,0,0,0.154065041,0,0,1,0,1,0.24807633,-1.488034249,0.353436225,1.917794578,1.568560608
Ayam Goreng Pasundan Paha,100 g,245,0.3,11.4,33.1,Lauk,0,0,0,0.135102041,0,0,1,0,1,0.24216125,-1.604301724,0.549365003,1.71921415,1.436448649
Salak Medan Segar,100 g,55,12.8,0.2,0.4,Masakan,0,0,0,0.007272727,1,1,0,1,0,-1.473136005,-0.228734717,-1.484084077,-1.692286326,-1.24544906
Ayam Goreng Sukabumi Dada,100 g,244,1,9.2,36.7,Lauk,0,0,0,0.150409836,0,0,1,0,1,0.236229848,-1.413445579,0.371397533,1.870025449,1.545522845
Ayam Goreng Sukabumi Paha,100 g,283,0.5,14.3,35.7,Lauk,0,0,0,0.12614841,0,0,1,0,1,0.456382326,-1.543316018,0.74253346,1.829302607,1.361935517
Ayam Taliwang Masakan,100 g,264,2.7,20.1,18.2,Lauk,0,0,0,0.068939394,0,0,1,0,1,0.351877283,-1.099945796,1.041358779,0.917183307,0.607468018
Brongkos,100 g,141,12.6,3.3,15.3,Masakan,0,0,0,0.108510638,0,0,0,0,1,-0.491671762,-0.240168428,-0.398056575,0.706458039,1.187062363
Bulgogi Masakan,100 g,72,1.4,4.9,11.4,Masakan,0,0,0,0.158333333,1,0,1,0,1,-1.22277762,-1.325831603,-0.119562465,0.370980908,1.594143902
Chikiniku Masakan,100 g,143,22.8,1.4,9.8,Masakan,0,0,0,0.068531469,0,1,0,1,1,-0.474559593,0.231574256,-0.901647138,0.20900741,0.599727511
Coto Mangkasara Kuda Masakan,100 g,96,3.8,5.9,6.8,Masakan,0,0,0,0.070833333,1,0,1,0,1,-0.929495235,-0.951028352,0.0196799,-0.153673337,0.642844789
Langsat Segar,100 g,56,14.3,0.2,0.9,Masakan,0,0,0,0.016071429,1,1,0,1,0,-1.457078915,-0.14664031,-1.484084077,-1.459342228,-0.872130137
Kedondong Masak Segar,100 g,46,10.3,0.1,1,Masakan,0,0,0,0.02173913,1,1,0,1,0,-1.627239691,-0.381469324,-1.555982788,-1.41866166,-0.655584474
Kedondong Segar,100 g,47,10.4,0.2,0.5,Masakan,0,0,0,0.010638298,1,1,0,1,0,-1.609178237,-0.374906403,-1.484084077,-1.641015389,-1.097005264
Kelapa Hutan Kering,100 g,623,36.5,52.1,2,Masakan,0,0,0,0.003210273,0,0,0,0,0,1.823728621,0.670167321,1.922629321,-1.08045143,-1.434587555
Kelapa Muda Daging Segar,100 g,68,14,0.9,1,Lauk,0,0,0,0.014705882,1,1,0,1,0,-1.277798962,-0.162571036,-1.099885462,-1.41866166,-0.926999232
Kemang Segar,100 g,48,11.9,0.2,1,Masakan,0,0,0,0.020833333,1,1,0,1,0,-1.591370096,-0.281184442,-1.484084077,-1.41866166,-0.689019083
Kesemek Segar,100 g,78,20,0.4,0.8,Masakan,0,0,0,0.01025641,1,1,0,1,0,-1.143955174,0.119874219,-1.356046905,-1.50172994,-1.113486571
Kokosan Segar,100 g,86,13,0.2,1.6,Masakan,0,0,0,0.018604651,1,1,0,1,0,-1.044937642,-0.217421908,-1.484084077,-1.203266726,-0.773159049
Kranji Segar,100 g,315,73.5,1.4,2.1,Masakan,0,0,0,0.006666667,0,1,0,1,0,0.622156438,1.441737573,-0.901647138,-1.051762514,-1.272960358
Kawista Segar,100 g,120,20.8,2.5,3.5,Masakan,0,0,0,0.029166667,0,1,0,1,0,-0.682085899,0.152850775,-0.577264696,-0.710768034,-0.397170144
Lemon Segar,100 g,34,6.2,0.8,0.5,Masakan,0,0,0,0.014705882,1,1,1,1,0,-1.867691341,-0.697452695,-1.145483002,-1.641015389,-0.926999232
Lontar Segar,100 g,27,6,0.2,0.4,Masakan,0,0,0,0.014814815,1,1,1,1,0,-2.035104376,-0.715970099,-1.484084077,-1.692286326,-0.92258241
Mangga Segar,100 g,52,12.3,0,0.7,Buah,0,0,0,0.013461538,1,1,0,1,0,-1.522505027,-0.257552503,-1.634431737,-1.545997559,-0.977949165
Mangga Benggala Segar,100 g,63,12.4,0.4,2.4,Buah,0,0,0,0.038095238,1,1,0,1,0,-1.349705695,-0.251726142,-1.356046905,-0.969823165,-0.120603373
Mangga Gedung Segar,100 g,44,11.2,0.2,0.7,Buah,0,0,0,0.015909091,1,1,0,1,0,-1.664159511,-0.323866996,-1.484084077,-1.545997559,-0.878596562
Mangga Golek Segar,100 g,63,16.7,0.2,0.5,Buah,0,0,0,0.007936508,1,1,0,1,0,-1.349705695,-0.026797093,-1.484084077,-1.641015389,-1.215594615
Mangga Harumanis Segar,100 g,46,11.9,0.2,0.4,Buah,0,0,0,0.008695652,1,1,0,1,0,-1.627239691,-0.281184442,-1.484084077,-1.692286326,-1.181802309
Mangga Indramayu Segar,100 g,72,18.7,0.2,0.8,Buah,0,0,0,0.011111111,1,1,0,1,0,-1.22277762,0.064265051,-1.484084077,-1.50172994,-1.076725851
Jambu Bj Putih Tdk Brbj,100 g,61,15.4,0.3,0.9,Masakan,0,0,0,0.014754098,1,1,0,1,0,-1.379535591,-0.090117919,-1.417706418,-1.459342228,-0.925043388
Duku Segar,100 g,63,16.1,0.2,1,Masakan,0,0,0,0.015873016,1,1,0,1,0,-1.349705695,-0.055582686,-1.484084077,-1.41866166,-0.880035603
Durian Segar,100 g,134,28,3,2.5,Buah,0,0,0,0.018656716,0,1,0,1,0,-0.552883568,0.415692542,-0.461196885,-0.943765604,-0.771162513
Duwet Segar,100 g,80,18.2,0.6,0.5,Masakan,0,0,0,0.00625,1,1,0,1,0,-1.118585672,0.0421594,-1.244450064,-1.641015389,-1.292015632
Embacang Segar,100 g,98,25.4,0.2,1.4,Masakan,0,0,0,0.014285714,1,1,0,1,0,-0.907386696,0.326964328,-1.484084077,-1.270299367,-0.944100781
Encung Asam Segar,100 g,122,17.5,4.5,3.5,Masakan,0,0,0,0.028688525,0,0,0,0,0,-0.66302841,0.010490776,-0.181694728,-0.710768034,-0.412993078
Erbis Segar,100 g,70,18.9,0,0.6,Masakan,0,0,0,0.008571429,1,1,0,1,0,-1.250025583,0.072992137,-1.634431737,-1.592346807,-1.187306484
Gandaria Masak,100 g,68,18,0.1,0.7,Masakan,0,0,0,0.010294118,1,1,0,1,0,-1.277798962,0.033198843,-1.555982788,-1.545997559,-1.111855151
Gatep Segar,100 g,191,39.7,1.5,4.5,Masakan,0,0,0,0.023560209,0,1,0,1,0,-0.104926088,0.754966304,-0.866802623,-0.515272701,-0.589664861
Mangga Kopek Segar,100 g,56,14.6,0.2,0.4,Buah,0,0,0,0.007142857,1,1,0,1,0,-1.457078915,-0.130937078,-1.484084077,-1.692286326,-1.251323933
Jambu Bol Segar,100 g,49,9.6,0.2,2.3,Masakan,0,0,0,0.046938776,1,1,1,1,0,-1.573806652,-0.428644803,-1.484084077,-0.996485982,0.121033253
Jambu Monyet Segar,100 g,64,15.8,0.6,0.7,Masakan,0,0,0,0.0109375,1,1,0,1,0,-1.335027307,-0.070254089,-1.244450064,-1.545997559,-1.084156057
Jeruk Bali Segar,100 g,48,12.4,0.2,0.6,Buah,0,0,0,0.0125,1,1,0,1,0,-1.591370096,-0.251726142,-1.484084077,-1.592346807,-1.017952102
Jeruk Banjar Segar,100 g,61,14.1,0.2,0.8,Buah,0,0,0,0.013114754,1,1,0,1,0,-1.379535591,-0.157235035,-1.484084077,-1.50172994,-0.992312355
Jeruk Garutkeprok,100 g,44,10.9,0.3,0.8,Buah,0,0,0,0.018181818,1,1,0,1,0,-1.664159511,-0.342710733,-1.417706418,-1.50172994,-0.789428851
Jeruk Kalamansi Segar,100 g,39,8.9,0.3,0.3,Buah,0,0,0,0.007692308,1,1,1,1,0,-1.761601174,-0.478163957,-1.417706418,-1.746500574,-1.226544365
Jeruk Manis Segar,100 g,45,11.2,0.2,0.9,Buah,0,0,0,0.02,1,1,0,1,0,-1.645563567,-0.323866996,-1.484084077,-1.459342228,-0.720165191
Jeruk Nipis Segar,100 g,44,10,0.2,0.5,Buah,0,0,0,0.011363636,1,1,1,1,0,-1.664159511,-0.401417191,-1.484084077,-1.641015389,-1.065951591
Pisang Mas Segar,100 g,127,33.6,0.2,1.4,Buah,0,0,0,0.011023622,0,1,0,1,0,-0.616286599,0.588602252,-1.484084077,-1.270299367,-1.08046787
Pisang Hijau Segar,100 g,121,28.9,0.1,1,Buah,0,0,0,0.008264463,0,1,0,1,0,-0.672530681,0.44504436,-1.555982788,-1.41866166,-1.200950389
Pisang Kayu Segar,100 g,100,23.6,0.5,1.4,Buah,0,0,0,0.014,1,1,0,1,0,-0.885578897,0.261706366,-1.298466925,-1.270299367,-0.955789263
Pisang Kepok Segar,100 g,109,26.3,0.5,0.8,Buah,0,0,0,0.00733945,0,1,0,1,0,-0.79091091,0.358375332,-1.298466925,-1.50172994,-1.24243509
Pisang Ketip Segar,100 g,145,34.5,0.3,1.1,Buah,0,0,0,0.007586207,0,1,0,1,0,-0.457607791,0.614435318,-1.417706418,-1.379539058,-1.231313972
Pisang Kidang Segar,100 g,96,22.5,0.2,1,Buah,0,0,0,0.010416667,1,1,0,1,0,-0.929495235,0.220083132,-1.484084077,-1.41866166,-1.106559193
Pisang Lampung Segar,100 g,99,25.6,0.2,1.3,Buah,0,0,0,0.013131313,1,1,0,1,0,-0.896445837,0.334011655,-1.484084077,-1.305464793,-0.991624871
Pisang Mas Bali Ampenan Segar,100 g,92,21,0.2,1.4,Buah,0,0,0,0.015217391,1,1,0,1,0,-0.974657041,0.160955869,-1.484084077,-1.270299367,-0.906319507
Pisang Mas Bali Kopang Segar,100 g,127,31.8,0.2,1.4,Buah,0,0,0,0.011023622,0,1,0,1,0,-0.616286599,0.535419826,-1.484084077,-1.270299367,-1.08046787
Pisang Goroho Segar,100 g,119,27.9,0.2,1.5,Buah,0,0,0,0.012605042,0,1,0,1,0,-0.691694801,0.412390171,-1.484084077,-1.236259672,-1.013554912
Pisang Raja Sereh Segar,100 g,108,28.2,0.3,1.3,Buah,0,0,0,0.012037037,0,1,0,1,0,-0.80116404,0.422272309,-1.417706418,-1.305464793,-1.037412167
Pisang Raja Segar,100 g,120,31.8,0.2,1.2,Buah,0,0,0,0.01,0,1,0,1,0,-0.682085899,0.535419826,-1.484084077,-1.341844649,-1.124603921
Pisang Ua Segar,100 g,128,30.2,0.5,0.8,Buah,0,0,0,0.00625,0,1,0,1,0,-0.607087416,0.486318189,-1.298466925,-1.50172994,-1.292015632
Pisang Uli Segar,100 g,134,35.5,0.5,1.1,Buah,0,0,0,0.008208955,0,1,0,1,0,-0.552883568,0.642581345,-1.298466925,-1.379539058,-1.203424075
Purut Segar,100 g,76,15.2,1.1,4.1,Masakan,0,0,0,0.053947368,1,1,0,1,1,-1.16976389,-0.100183355,-1.015200769,-0.589844926,0.292373107
Rambutan Binjai Segar,100 g,76,18,0.2,0.5,Masakan,0,0,0,0.006578947,1,1,0,1,0,-1.16976389,0.033198843,-1.484084077,-1.641015389,-1.276962395
Rambutan Segar,100 g,69,18.1,0.1,0.9,Masakan,0,0,0,0.013043478,1,1,0,1,0,-1.263845028,0.037687724,-1.555982788,-1.459342228,-0.995273408
Salak Bali Segar,100 g,57,13.6,0.1,0.5,Masakan,0,0,0,0.00877193,1,1,0,1,0,-1.441211673,-0.184179681,-1.555982788,-1.641015389,-1.17842747
Nanas Palembang Segar,100 g,58,13.3,0.2,0.7,Buah,0,0,0,0.012068966,1,1,0,1,0,-1.42552882,-0.200672905,-1.484084077,-1.545997559,-1.036065903
Mangga Kwini Segar,100 g,86,19.8,0.5,0.7,Buah,0,0,0,0.008139535,1,1,0,1,0,-1.044937642,0.111486455,-1.298466925,-1.545997559,-1.206520589
Mangga Manalagi Segar,100 g,133,32.1,0.1,1,Buah,0,0,0,0.007518797,0,1,0,1,0,-0.561802517,0.544429778,-1.555982788,-1.41866166,-1.234348111
Mangga Muda Segar,100 g,59,15.1,0.4,0.5,Buah,0,0,0,0.008474576,1,1,0,1,0,-1.410025141,-0.105250286,-1.356046905,-1.641015389,-1.191604772
Manggis Segar,100 g,63,15.6,0.6,0.6,Masakan,0,0,0,0.00952381,1,1,0,1,0,-1.349705695,-0.080142118,-1.244450064,-1.592346807,-1.145360469
Markisa Segar,100 g,144,29.8,1.2,3.5,Masakan,0,0,0,0.024305556,0,1,0,1,0,-0.466063878,0.473755123,-0.97571442,-0.710768034,-0.563176602
Matoa Segar,100 g,90,21.1,0.1,1.2,Masakan,0,0,0,0.013333333,1,1,0,1,0,-0.9977331,0.164988163,-1.555982788,-1.341844649,-0.983250803
Melon Segar,100 g,37,7.8,0.4,0.6,Buah,0,0,0,0.016216216,1,1,1,1,0,-1.802894111,-0.561446513,-1.356046905,-1.592346807,-0.866375541
Menteng Segar,100 g,65,16.1,0.3,1.7,Masakan,0,0,0,0.026153846,1,1,0,1,0,-1.320501216,-0.055582686,-1.417706418,-1.171249877,-0.498696903
Rw Anjing Masakan,100 g,198,0.9,10.7,24.6,Masakan,0,0,0,0.124242424,0,0,1,0,1,-0.056472143,-1.437336678,0.496260889,1.306247711,1.344924208
Nanas Segar,100 g,40,9.9,0.3,0.6,Buah,0,0,0,0.015,1,1,1,1,0,-1.741478157,-0.408155115,-1.417706418,-1.592346807,-0.915089736
Nangka Masak Pohon Segar,100 g,106,27.6,0.3,1.2,Masakan,0,0,0,0.011320755,0,1,0,1,0,-0.821863196,0.402432501,-1.417706418,-1.341844649,-1.067778405
Pepaya Segar Papaya Fresh,100 g,46,12.2,0.1,0.5,Buah,0,0,0,0.010869565,1,1,0,1,0,-1.627239691,-0.263411085,-1.555982788,-1.641015389,-1.087068621
Pisang Ambon Segar,100 g,108,24.3,0.8,1,Buah,0,0,0,0.009259259,0,1,0,1,0,-0.80116404,0.287487867,-1.145483002,-1.41866166,-1.156954018
Pisang Angleng Pisang Ampyang Segar,100 g,68,17.2,0.2,1.3,Buah,0,0,0,0.019117647,1,1,0,1,0,-1.277798962,-0.003350953,-1.484084077,-1.305464793,-0.753552343
Pisang Ayam Segar,100 g,120,26.8,0.2,1.1,Buah,0,0,0,0.009166667,0,1,0,1,0,-0.682085899,0.37549884,-1.484084077,-1.379539058,-1.16102229
Pisang Gapi Segar,100 g,131,31.1,0.1,1.6,Buah,0,0,0,0.01221374,0,1,0,1,0,-0.579776695,0.514159061,-1.555982788,-1.203266726,-1.02996927
Kerang Segar,100 g,101,3.9,2.6,14.4,Masakan,1,0,0,0.142574257,0,1,1,0,1,-0.874784652,-0.93878377,-0.55283335,0.635115589,1.492365909
Ikan Tempahas Segar,100 g,101,1,4.1,15.1,Lauk,1,0,0,0.14950495,0,0,1,0,1,-0.874784652,-1.413445579,-0.248312127,0.690874929,1.539652183
Ikan Terbang Segar,100 g,98,1,1.7,19.6,Lauk,1,0,0,0.2,1,1,1,0,1,-0.907386696,-1.413445579,-0.800944743,1.010109904,1.783572331
Ikan Teri Segar,100 g,74,4.1,1.4,10.3,Lauk,1,0,0,0.139189189,1,1,1,0,1,-1.196031136,-0.914834163,-0.901647138,0.261528332,1.467699064
Ikan Titang Segar,100 g,82,2.3,0.4,17.4,Lauk,1,0,0,0.212195122,1,1,1,0,1,-1.093637336,-1.162205815,-1.356046905,0.861682556,1.822963448
Ikan Tongkol Segar,100 g,100,8,1.5,13.7,Lauk,1,0,0,0.137,1,1,1,0,1,-0.885578897,-0.545757476,-0.866802623,0.577341435,1.451165276
Ikan Turi Segar,100 g,96,0.2,2,19.2,Lauk,1,0,0,0.2,1,1,1,0,1,-0.929495235,-1.637412936,-0.710431496,0.984075654,1.783572331
Keong Segar,100 g,64,2,1,12,Masakan,0,0,0,0.1875,1,1,1,0,1,-1.335027307,-1.212641797,-1.056529506,0.427518936,1.736622642
Kepiting Segar,100 g,151,14.1,3.8,13.8,Masakan,1,0,0,0.091390728,0,0,0,0,1,-0.407678549,-0.157235035,-0.301643034,0.585724596,0.973510856
Ikan Tembang Segar,100 g,204,0,15,16,Lauk,1,0,0,0.078431373,0,0,1,0,1,-0.015851687,-1.710248162,0.783878293,0.759849875,0.775915807
Kodok Segar,100 g,73,0,0.3,16.4,Masakan,0,0,0,0.224657534,1,1,1,0,1,-1.209343121,-1.710248162,-1.417706418,0.789593172,1.857645872
Kurakura Segar,100 g,83,0,0.2,19.1,Masakan,0,0,0,0.230120482,1,1,1,0,1,-1.081315783,-1.710248162,-1.484084077,0.977504284,1.871290018
Kuro Segar,100 g,87,1,2.2,16,Masakan,0,0,0,0.183908046,1,1,1,0,1,-1.033000809,-1.413445579,-0.654785406,0.759849875,1.721740332
Rajungan Segar,100 g,76,2.4,2,12.1,Masakan,0,0,0,0.159210526,1,1,1,0,1,-1.16976389,-1.14614299,-0.710431496,0.436742929,1.599232519
Rebon Udang Kecil Segar,100 g,81,0.7,1.2,16.2,Lauk,1,0,0,0.2,1,1,1,0,1,-1.10605994,-1.488034249,-0.97571442,0.774789014,1.783572331
Rusip,100 g,110,11.7,2,11.5,Masakan,0,0,0,0.104545455,0,1,0,0,1,-0.780720775,-0.293202471,-0.710431496,0.380550082,1.141837623
Udang Galah Segar,100 g,81,3,0.3,16.5,Lauk,1,0,0,0.203703704,1,1,1,0,1,-1.10605994,-1.056419784,-1.417706418,0.796945496,1.79615877
Ikan Saluang Segar,100 g,113,3.4,4.9,13.9,Lauk,1,0,0,0.12300885,0,0,1,0,1,-0.750518955,-1.001964537,-0.119562465,0.59406366,1.333686952
Ikan Mayong Segar,100 g,97,0.4,2,17.9,Lauk,1,0,0,0.184536082,1,1,1,0,1,-0.918402731,-1.573009347,-0.710431496,0.896585893,1.72439033
Ikan Mujahir Segar,100 g,89,0,1,18.7,Lauk,1,0,0,0.21011236,1,1,1,0,1,-1.009400232,-1.710248162,-1.056529506,0.950960819,1.81664195
Ikan Nasu Metti Segar,100 g,154,10.5,5,16.8,Lauk,1,0,0,0.109090909,0,0,0,0,1,-0.383213869,-0.368385573,-0.104660044,0.81880746,1.193483843
Ikan Paling Segar,100 g,303,0,27,14,Lauk,1,0,0,0.04620462,0,0,1,0,0,0.561386226,-1.710248162,1.307830256,0.602359153,0.102095546
Ikan Papuyu Betok Segar,100 g,120,4.6,4.9,14.3,Lauk,1,0,0,0.119166667,0,0,1,0,1,-0.682085899,-0.857837366,-0.119562465,0.626989316,1.297503906
Ikan Patin Segar,100 g,132,1.1,6.6,17,Lauk,1,0,0,0.128787879,0,0,1,0,1,-0.570766702,-1.390415266,0.106081096,0.833222834,1.384807601
Ikan Pomo Segar,100 g,147,2.6,5.2,22.5,Lauk,1,0,0,0.153061224,0,0,1,0,1,-0.440812686,-1.115029159,-0.075555261,1.187914684,1.56234008
Ikan Puntin Segar,100 g,76,2.2,1.1,14.4,Lauk,1,0,0,0.189473684,1,1,1,0,1,-1.16976389,-1.178629735,-1.015200769,0.635115589,1.744523492
Udang Besar Segar,100 g,56,1.2,0.6,11.4,Lauk,1,0,0,0.203571429,1,1,1,0,1,-1.457078915,-1.368175858,-1.244450064,0.370980908,1.795718967
Ikan Sarden Segar,100 g,109,3.4,1.8,19.9,Lauk,1,0,0,0.182568807,0,1,1,0,1,-0.79091091,-1.001964537,-0.769748174,1.029377843,1.716020142
Ikan Selar Segar,100 g,100,0,2.2,18.8,Lauk,1,0,0,0.188,1,1,1,0,1,-0.885578897,-1.710248162,-0.654785406,0.957635845,1.738642411
Ikan Sepat Segar,100 g,84,4.7,0.6,15.2,Lauk,1,0,0,0.180952381,1,1,1,0,1,-1.069093272,-0.846890065,-1.244450064,0.698685255,1.708988394
Ikan Sidat Segar,100 g,81,3.8,1.9,11.4,Lauk,1,0,0,0.140740741,1,1,1,0,1,-1.10605994,-0.951028352,-0.739600307,0.370980908,1.479138346
Ikan Sunu Segar,100 g,111,6.7,3.4,13.3,Lauk,1,0,0,0.11981982,0,0,1,0,1,-0.770592685,-0.652755794,-0.377944296,0.543356959,1.303783789
Ikan Tahuman Segar,100 g,88,4.1,0.9,15.9,Lauk,1,0,0,0.180681818,1,1,1,0,1,-1.021155579,-0.914834163,-1.099885462,0.752328804,1.707797563
Ikan Tarmon Segar,100 g,96,2,1.1,19.5,Lauk,1,0,0,0.203125,1,1,1,0,1,-0.929495235,-1.212641797,-1.015200769,1.003638589,1.794229393
Ikan Telan Segar,100 g,95,6.5,0.7,15.8,Lauk,1,0,0,0.166315789,1,1,1,0,1,-0.940665533,-0.670371487,-1.193572707,0.744772915,1.638438995
Dendeng Belut Goreng Masakan,100 g,382,8,14.1,55.7,Masakan,0,0,0,0.145811518,0,0,1,0,1,0.935487766,-0.545757476,0.730387865,2.518674654,1.51497481
Ikan Papuyu Bakar,100 g,152,6.7,6.1,17.6,Lauk,1,0,0,0.115789474,0,0,1,0,1,-0.399487575,-0.652755794,0.045192205,0.875731681,1.264161764
Ikan Sanggang Masakan,100 g,240,20.7,7.7,21.7,Lauk,1,0,0,0.090416667,0,0,0,0,1,0.212338755,0.148777761,0.227553003,1.140658349,0.959829185
Abon Haruwan,100 g,513,21.3,37,23.7,Masakan,0,0,0,0.04619883,0,0,0,0,0,1.454031135,0.173012775,1.599096115,1.256497835,0.101945415
Abon Ikan,100 g,435,36.1,20.2,27.2,Lauk,1,0,0,0.062528736,0,0,0,0,1,1.157893947,0.659198453,1.04578535,1.442681704,0.480663139
Betok Wadi Masakan,100 g,145,4.1,7,16.3,Masakan,0,0,0,0.112413793,0,0,1,0,1,-0.457607791,-0.914834163,0.152091854,0.782207791,1.229323655
Bou Ninahu Ndamate Masakan,100 g,79,1.1,1,6.3,Masakan,0,0,0,0.079746835,1,1,1,0,1,-1.131216678,-1.390415266,-1.056529506,-0.224387457,0.797589063
Bouiki Ninahu Nggaluku Masakan,100 g,94,10.8,2.2,7.8,Masakan,0,0,0,0.082978723,1,1,0,0,1,-0.951914992,-0.349069377,-0.654785406,-0.022245765,0.84922349
Cakalang Asar Asap,100 g,155,10.2,3.8,20.1,Masakan,0,0,0,0.129677419,0,0,0,0,1,-0.375130357,-0.388074984,-0.301643034,1.04210353,1.39234088
Ikan Mujahir Pepes,100 g,121,0.8,2.8,21.7,Lauk,1,0,0,0.179338843,0,1,1,0,1,-0.672530681,-1.462168707,-0.505860521,1.140658349,1.701827151
Fillet Ofish,100 g,270,19.3,15.9,12.3,Masakan,0,0,0,0.045555556,0,0,0,0,0,0.385412556,0.090255117,0.834562895,0.455027258,0.085189825
Gete Kuah Asam Masakan,100 g,75,6,2,8.2,Masakan,0,0,0,0.109333333,1,1,1,0,1,-1.182838937,-0.715970099,-0.710431496,0.027069681,1.196152049
Gulai Asam Keueung Masakan,100 g,52,1.8,0.5,10,Masakan,0,0,0,0.192307692,1,1,1,0,1,-1.522505027,-1.248360098,-1.298466925,0.230238998,1.755537667
Gulai Ikan Paya Masakan,100 g,148,5,9.8,10,Lauk,1,0,0,0.067567568,0,0,1,0,1,-0.432472786,-0.814871585,0.42332676,0.230238998,0.581264223
Gulai Ikan Masakan,100 g,106,2.5,3.3,16.5,Lauk,1,0,0,0.155660377,0,0,1,0,1,-0.821863196,-1.130423041,-0.398056575,0.796945496,1.578285071
Gulai Keumamah Masakan,100 g,110,3.2,8.2,5.9,Masakan,0,0,0,0.053636364,0,0,1,0,1,-0.780720775,-1.028716468,0.277974788,-0.283734274,0.285119455
Gulai Tiram Masakan,100 g,132,7.8,7.2,9,Masakan,0,0,0,0.068181818,0,0,1,0,1,-0.570766702,-0.561446513,0.174277554,0.120882075,0.593058244
Ikan Gabus Kering,100 g,268,0,4,58,Lauk,1,0,0,0.21641791,0,0,1,0,1,0.374290567,-1.710248162,-0.265747556,2.585035036,1.835302302
Udang Segar,100 g,91,0.1,0.2,21,Lauk,1,0,0,0.230769231,1,1,1,0,1,-0.986152561,-1.672614551,-1.484084077,1.098230466,1.872852058
Ikan Gurame Segar,100 g,127,0,5.6,18,Lauk,1,0,0,0.141732283,0,0,1,0,1,-0.616286599,-1.710248162,-0.019947667,0.903479874,1.48633028
Cumicumi Goreng,100 g,265,0,10.1,40.6,Masakan,0,0,0,0.153207547,0,0,1,0,1,0.357501989,-1.710248162,0.448264269,2.021209727,1.56325177
Ikan Asin Kering,100 g,193,0,1.5,42,Lauk,1,0,0,0.21761658,0,1,1,0,1,-0.090961568,-1.710248162,-0.866802623,2.072782775,1.838691836
Ikan Bandeng Presto Masakan,100 g,296,11.3,20.3,17.1,Lauk,1,0,0,0.05777027,0,0,0,0,1,0.525182671,-0.317661316,1.05019198,0.840383687,0.379022996
Ikan Baung Bakar,100 g,144,5.2,5.8,17.8,Lauk,1,0,0,0.123611111,0,0,1,0,1,-0.466063878,-0.794172864,0.006657129,0.889663382,1.339195841
Ikan Belida Bakar,100 g,128,7.2,3,18,Lauk,1,0,0,0.140625,0,1,1,0,1,-0.607087416,-0.610139782,-0.461196885,0.903479874,1.478292863
Ikan Mas Segar,100 g,86,0,2,16,Lauk,1,0,0,0.186046512,1,1,1,0,1,-1.044937642,-1.710248162,-0.710431496,0.759849875,1.730679943
Ikan Gete Goreng,100 g,267,0.2,19.4,23.1,Lauk,1,0,0,0.086516854,0,0,1,0,1,0.368708541,-1.637412936,1.009798558,1.222539487,0.903221312
Ikan Hiu Kering,100 g,298,20.2,3.6,46.3,Lauk,1,0,0,0.155369128,0,0,0,0,1,0.535585046,0.128203593,-0.338999603,2.223395218,1.576524394
Ikan Katombo Asin,100 g,162,0.3,2.8,31.7,Lauk,1,0,0,0.195679012,0,1,1,0,1,-0.319506707,-1.604301724,-0.505860521,1.657195954,1.768150243
Ikan Kayu Kering,100 g,302,0.4,1.9,70.7,Lauk,1,0,0,0.23410596,0,1,1,0,1,0.556249131,-1.573009347,-0.739600307,2.918902776,1.880698424
Ikan Lais Bakar,100 g,147,5.4,6.5,17.5,Lauk,1,0,0,0.119047619,0,0,1,0,1,-0.440812686,-0.77395825,0.094216381,0.868721938,1.2963535
Ikan Mas Pepes,100 g,209,11.8,11.3,15.2,Lauk,1,0,0,0.072727273,0,0,0,0,1,0.017387351,-0.287176239,0.54195709,0.698685255,0.677316577
Ikan Mujahir Goreng,100 g,416,0,23.9,46.9,Lauk,1,0,0,0.112740385,0,0,1,0,1,1.080386246,-1.710248162,1.196927403,2.24355131,1.232762193
Belutlaut Segar,100 g,93,6.1,1.5,12.8,Masakan,0,0,0,0.137634409,1,1,1,0,1,-0.963245013,-0.706663571,-0.866802623,0.499816766,1.456004682
Soto Pemalang Masakan,100 g,75,3.5,5.2,3.6,Masakan,0,0,0,0.048,1,0,1,0,0,-1.182838937,-0.988921931,-0.075555261,-0.689773383,0.148066201
Soto Sukaraja Masakan,100 g,80,9,3.5,3.2,Masakan,0,0,0,0.04,1,0,1,0,0,-1.118585672,-0.470935717,-0.358264848,-0.776017274,-0.065989347
Soto Sulung Masakan,100 g,86,0,8.5,2.3,Masakan,0,0,0,0.026744186,1,0,1,0,0,-1.044937642,-1.710248162,0.306983204,-0.996485982,-0.47845835
Sukiyaki Masakan,100 g,75,12.2,0.4,5.6,Masakan,0,0,0,0.074666667,1,1,0,1,1,-1.182838937,-0.263411085,-1.356046905,-0.330032587,0.711703647
Tedong Pallu Basa Masakan,100 g,83,2.8,3.4,10.4,Masakan,0,0,0,0.125301205,1,0,1,0,1,-1.081315783,-1.085158546,-0.377944296,0.271813993,1.354426139
Tikus Rica Masakan,100 g,257,3.8,18.5,18.8,Masakan,0,0,0,0.073151751,0,0,1,0,1,0.312095741,-0.951028352,0.967662093,0.957635845,0.68492093
Tinoransa Masakan,100 g,516,0,49.5,17.7,Masakan,0,0,0,0.034302326,0,0,1,0,0,1.464792677,-1.710248162,1.873788441,0.88271207,-0.233829966
Belut Segar,100 g,70,1,0.8,14.6,Masakan,0,0,0,0.208571429,1,1,1,0,1,-1.250025583,-1.413445579,-1.145483002,0.651245353,1.811861331
Soto Pekalongan Masakan,100 g,94,5.1,6.8,3,Masakan,0,0,0,0.031914894,1,0,1,0,0,-0.951914992,-0.80446,0.129368803,-0.821567311,-0.308282248
Cumicumi Segar,100 g,75,0.1,0.7,16.1,Masakan,0,0,0,0.214666667,1,1,1,0,1,-1.182838937,-1.672614551,-1.193572707,0.767336492,1.830261402
Ikan Bader Segar,100 g,193,0,13,19,Lauk,1,0,0,0.098445596,0,0,1,0,1,-0.090961568,-1.710248162,0.660703338,0.970907345,1.067447965
Ikan Balong Segar,100 g,107,1.5,3.9,16.5,Lauk,1,0,0,0.154205607,0,0,1,0,1,-0.811481136,-1.305624528,-0.283519994,0.796945496,1.569425372
Ikan Bambangan Segar,100 g,112,3.7,1.3,20,Lauk,1,0,0,0.178571429,0,1,1,0,1,-0.760525714,-0.963461496,-0.937909966,1.035752511,1.698370502
Ikan Bandeng Segar,100 g,123,0,4.8,20,Lauk,1,0,0,0.162601626,0,0,1,0,1,-0.653578368,-1.710248162,-0.13470863,1.035752511,1.618382557
Ikan Banjar Segar,100 g,111,4.8,0.9,19.4,Lauk,1,0,0,0.174774775,0,1,1,0,1,-0.770592685,-0.836082741,-1.099885462,0.997142586,1.680775204
Ikan Baronang Segar,100 g,78,3.7,0.6,14.5,Lauk,1,0,0,0.185897436,1,1,1,0,1,-1.143955174,-0.963461496,-1.244450064,0.643200777,1.730064383
Ikan Batung Segar,100 g,115,4.2,4.6,14.5,Lauk,1,0,0,0.126086957,0,0,1,0,1,-0.730682564,-0.903116946,-0.165765801,0.643200777,1.361393593
Sop Konro Masakan,100 g,71,4.5,2.6,7.4,Masakan,0,0,0,0.104225352,1,1,1,0,1,-1.236337462,-0.868929006,-0.55283335,-0.073343179,1.138081998
Sate Penyu Masakan,100 g,179,13.3,3.5,22.5,Masakan,0,0,0,0.125698324,0,0,0,0,1,-0.190854596,-0.200672905,-0.358264848,1.187914684,1.357956399
Sate Pusut Masakan,100 g,274,13.6,18.6,12.9,Masakan,0,0,0,0.047080292,0,0,0,0,0,0.407490703,-0.184179681,0.972434819,0.508622183,0.124661385
Penyu Serapah Masakan,100 g,174,2.2,12.2,13.1,Masakan,0,0,0,0.075287356,0,0,1,0,1,-0.227805745,-1.178629735,0.606649805,0.526085717,0.722518233
Sie Reuboh Masakan,100 g,474,11.7,42.5,11.2,Masakan,0,0,0,0.023628692,0,0,0,0,0,1.31008839,-0.293202471,1.72924518,0.351660403,-0.58721931
Sop Buntut Masakan,100 g,71,2.2,3.6,7.5,Masakan,0,0,0,0.105633803,1,0,1,0,1,-1.236337462,-1.178629735,-0.338999603,-0.060393685,1.154488148
Sop Daging Sapi Masakan,100 g,49,5.3,0.5,5.8,Lauk,0,0,0,0.118367347,1,1,1,0,1,-1.573806652,-0.784006717,-1.298466925,-0.29898935,1.289745239
Sop Kaki Sapi Masakan,100 g,68,3.7,1.9,9,Lauk,0,0,0,0.132352941,1,1,1,0,1,-1.277798962,-0.963461496,-0.739600307,0.120882075,1.414482572
Sop Kambing Masakan,100 g,34,1.1,0.8,5.5,Lauk,0,0,0,0.161764706,1,1,1,0,1,-1.867691341,-1.390415266,-1.145483002,-0.345830365,1.613732228
Ikan Baung Segar,100 g,123,3.3,5.5,15.1,Lauk,1,0,0,0.122764228,0,0,1,0,1,-0.653578368,-1.015226411,-0.033540799,0.690874929,1.331437005
Sop Saudara Masakan,100 g,89,3.9,5,7.2,Masakan,0,0,0,0.080898876,1,0,1,0,1,-1.009400232,-0.93878377,-0.104660044,-0.099607457,0.816254619
Soto Bandung Masakan,100 g,42,2.8,1.7,3.9,Masakan,0,0,0,0.092857143,1,1,1,0,1,-1.70220912,-1.085158546,-0.800944743,-0.628856773,0.993773676
Soto Banjar Masakan,100 g,110,3.2,9.5,2.9,Masakan,0,0,0,0.026363636,0,0,1,0,0,-0.780720775,-1.028716468,0.397717217,-0.845012276,-0.491485147
Soto Betawi Masakan,100 g,135,11.5,8.8,2.5,Masakan,0,0,0,0.018518519,0,0,0,0,0,-0.544009294,-0.30536013,0.335127745,-0.943765604,-0.776465246
Soto Jeroan Masakan,100 g,92,1.4,4.3,11.8,Masakan,0,0,0,0.12826087,1,0,1,0,1,-0.974657041,-1.325831603,-0.214401758,0.408903531,1.380303302
Soto Kudus Masakan,100 g,38,1.8,2.3,2.6,Masakan,0,0,0,0.068421053,1,1,1,0,1,-1.782068181,-1.248360098,-0.628199362,-0.91828284,0.597624881
Soto Madura Masakan,100 g,60,1.3,4.5,3.5,Masakan,0,0,0,0.058333333,1,0,1,0,1,-1.394695653,-1.346666021,-0.181694728,-0.710768034,0.391401729
Soto Padang Masakan,100 g,127,11,6.6,5.9,Masakan,0,0,0,0.046456693,0,0,0,0,0,-0.616286599,-0.336391161,0.106081096,-0.283734274,0.10861977
Ikan Kima Segar,100 g,70,5.2,0.7,10.8,Lauk,1,0,0,0.154285714,1,1,1,0,1,-1.250025583,-0.794172864,-1.193572707,0.312265479,1.569917497
Ikan Kacangan Segar,100 g,77,1.6,0.9,15.6,Lauk,1,0,0,0.202597403,1,1,1,0,1,-1.156803454,-1.286001906,-1.099885462,0.729555198,1.792458513
Ikan Kakap Segar,100 g,92,0,0.7,20,Lauk,1,0,0,0.217391304,1,1,1,0,1,-0.974657041,-1.710248162,-1.193572707,1.035752511,1.83805854
Ikan Kakatua Segar,100 g,82,6.4,1.2,11.4,Lauk,1,0,0,0.13902439,1,1,1,0,1,-1.093637336,-0.679308819,-0.97571442,0.370980908,1.466470575
Ikan Kalaban Segar,100 g,77,1.3,0.7,16.4,Lauk,1,0,0,0.212987013,1,1,1,0,1,-1.156803454,-1.346666021,-1.193572707,0.789593172,1.825325493
Ikan Kamera Kakap Merah Segar,100 g,86,0,0.8,19.7,Lauk,1,0,0,0.229069767,1,1,1,0,1,-1.044937642,-1.710248162,-1.145483002,1.016556745,1.868734389
Ikan Kapar Segar,100 g,132,0.8,6.7,17,Lauk,1,0,0,0.128787879,0,0,1,0,1,-0.570766702,-1.462168707,0.11779732,0.833222834,1.384807601
Ikan Kawalinya Segar,100 g,110,5.4,4.2,12.6,Lauk,1,0,0,0.114545455,0,0,1,0,1,-0.780720775,-0.77395825,-0.231200891,0.48205544,1.251502666
Ikan Kerukeru Segar,100 g,93,0.8,2.1,16.5,Lauk,1,0,0,0.177419355,1,1,1,0,1,-0.963245013,-1.462168707,-0.682178855,0.796945496,1.693118922
Ikan Hiu Segar,100 g,57,2.2,0.3,10.7,Lauk,1,0,0,0.187719298,1,1,1,0,1,-1.441211673,-1.178629735,-1.417706418,0.302254166,1.737510039
Ikan Lais Segar,100 g,161,2.4,11.5,11.9,Lauk,1,0,0,0.073913043,0,0,1,0,1,-0.327352495,-1.14614299,0.556715955,0.418239393,0.698449275
Ikan Layang Segar,100 g,109,0,1.7,22,Lauk,1,0,0,0.201834862,0,1,1,0,1,-0.79091091,-1.710248162,-0.800944743,1.158529568,1.789878849
Ikan Lehoma Segar,100 g,90,0,0.9,20.4,Lauk,1,0,0,0.226666667,1,1,1,0,1,-0.9977331,-1.710248162,-1.099885462,1.061016663,1.862767594
Ikan Lemuru Segar,100 g,112,0,3,20,Lauk,1,0,0,0.178571429,0,1,1,0,1,-0.760525714,-1.710248162,-0.461196885,1.035752511,1.698370502
Ikan Lidah Segar,100 g,104,2,3.2,15.6,Lauk,1,0,0,0.15,0,0,1,0,1,-0.842826322,-1.212641797,-0.418621611,0.729555198,1.542872319
Ikan Malalugis Segar,100 g,99,0.9,1.4,20.6,Lauk,1,0,0,0.208080808,1,1,1,0,1,-0.896445837,-1.437336678,-0.901647138,1.07351075,1.810320384
Ikan Mamar Merah Segar,100 g,115,4.4,4,15.3,Lauk,1,0,0,0.133043478,0,0,1,0,1,-0.730682564,-0.880169565,-0.265747556,0.706458039,1.420073782
Ikan Cakalang Hati Segar,100 g,120,10,3.9,11.3,Lauk,1,0,0,0.094166667,0,0,1,0,1,-0.682085899,-0.401417191,-0.283519994,0.361351308,1.011534915
Ikan Bawal Segar,100 g,91,0,1.7,19,Lauk,1,0,0,0.208791209,1,1,1,0,1,-0.986152561,-1.710248162,-0.800944743,0.970907345,1.812548652
Ikan Belida Segar,100 g,80,2.2,1.4,14.7,Lauk,1,0,0,0.18375,1,1,1,0,1,-1.118585672,-1.178629735,-0.901647138,0.659249777,1.721070207
Ikan Beunteur Segar,100 g,109,0,4,17,Lauk,1,0,0,0.155963303,0,0,1,0,1,-0.79091091,-1.710248162,-0.265747556,0.833222834,1.580109445
Ikan Biawan Segar,100 g,90,2.1,2.5,14.9,Lauk,1,0,0,0.165555556,1,1,1,0,1,-0.9977331,-1.195434542,-0.577264696,0.675139981,1.634409656
Ikan Bili Segar,100 g,88,6.2,0.7,14.2,Lauk,1,0,0,0.161363636,1,1,1,0,1,-1.021155579,-0.697452695,-1.193572707,0.618821479,1.611486239
Ikan Bubara Segar,100 g,100,4.9,2.4,14.7,Lauk,1,0,0,0.147,1,1,1,0,1,-0.885578897,-0.825411236,-0.602373513,0.659249777,1.523042903
Ikan Bulanbulan Segar,100 g,134,5,1.3,25.5,Lauk,1,0,0,0.190298507,0,1,1,0,1,-0.552883568,-0.814871585,-0.937909966,1.354650571,1.747768833
Ikan Cakalang Segar,100 g,107,5.5,0.7,19.6,Lauk,1,0,0,0.18317757,0,1,1,0,1,-0.811481136,-0.764024293,-1.193572707,1.010109904,1.718632067
Bola Lobster,100 g,170,18,7,8,Masakan,0,0,0,0.047058824,0,0,0,0,0,-0.257885393,0.033198843,0.152091854,0.002625828,0.124111449
Ikan Cakalang Jantung Segar,100 g,116,10.2,1.2,11.2,Lauk,1,0,0,0.096551724,0,1,0,0,1,-0.720851225,-0.388074984,-0.97571442,0.351660403,1.043094552
Ikan Cakalang Perut Segar,100 g,86,8.7,1.1,10.2,Lauk,1,0,0,0.118604651,1,1,1,0,1,-1.044937642,-0.49278265,-1.015200769,0.251171376,1.292057137
Ikan Daun Segar,100 g,101,4.6,4.1,11.5,Sayur,1,0,0,0.113861386,0,0,1,0,1,-0.874784652,-0.857837366,-0.248312127,0.380550082,1.244452897
Ikan Ekor Kuning Segar,100 g,108,2.1,1.2,22.3,Lauk,1,0,0,0.206481481,0,1,1,0,1,-0.80116404,-1.195434542,-0.97571442,1.176219755,1.805233041
Ikan Gabus Segar,100 g,80,2.6,0.5,16.2,Lauk,1,0,0,0.2025,1,1,1,0,1,-1.118585672,-1.115029159,-1.298466925,0.774789014,1.792130335
Ikan Heu Segar,100 g,81,6.6,1.6,10,Lauk,1,0,0,0.12345679,1,1,1,0,1,-1.10605994,-0.661521137,-0.833267429,0.230238998,1.337788387
Ikan Hitam Segar,100 g,101,6.7,3.7,10.3,Lauk,1,0,0,0.101980198,0,0,1,0,1,-0.874784652,-0.652755794,-0.320131117,0.261528332,1.111287184
Prune Kering,100 g,240,63.88,0.38,2.18,Masakan,0,0,0,0.009083333,0,1,0,1,0,0.212338755,1.274781164,-1.368033991,-1.029327042,-1.164688414
Pasta Gandum Utuh Kering,100 g,348,75.03,1.4,14.63,Masakan,0,0,0,0.04204023,0,1,0,1,0,0.78158533,1.466808768,-0.901647138,0.653650875,-0.009094054
Roti Jagung Muffin Jagung Campuran Kering,100 g,418,69.5,12.2,7,Snack,0,0,0,0.016746411,0,0,0,1,0,1.088656285,1.374358219,0.606649805,-0.12637661,-0.845405122
Muesli Kering Buahbuahan Dan Kacangkacangan,100 g,340,77.8,4.9,9.7,Masakan,0,0,0,0.028529412,0,0,0,1,0,0.743907475,1.511273065,-0.119562465,0.198276327,-0.418282463
Aprikot Kering,100 g,241,62.64,0.51,3.39,Masakan,0,0,0,0.01406639,0,1,0,1,0,0.21833658,1.251964131,-1.292912536,-0.734287048,-0.953068962
Jamur Merang,100 g,28,4.86,0.4,2.79,Masakan,0,0,0,0.099642857,1,1,1,1,1,-2.009567922,-0.829663798,-1.356046905,-0.871350091,1.08252917
Apel Kering,100 g,243,65.89,0.32,0.93,Buah,0,0,0,0.00382716,0,1,0,1,0,0.230282012,1.311096597,-1.405019551,-1.44696601,-1.405140226
Cranberry Kering,100 g,308,82.36,1.37,0.07,Masakan,0,0,0,0.000227273,0,1,0,1,0,0.586901311,1.582035917,-0.912371751,-1.884807992,-1.580789064
Biji Bunga Matahari Kering,100 g,570,18.76,49.57,22.78,Masakan,0,0,0,0.039964912,0,0,0,0,0,1.651648487,0.066889973,1.875134612,1.204157759,-0.066982193
Kering Tempe,100 g,259,26.94,12.93,13.6,Lauk,0,0,0,0.052509653,0,0,0,0,1,0.323535798,0.380252905,0.656093276,0.568913642,0.258576524
Kering Kentang,100 g,317,33.54,16.54,10.46,Masakan,0,0,0,0.032996845,0,0,0,0,0,0.632131957,0.586862601,0.869056875,0.27795163,-0.274228964
Kacang Asin Sangrai Kering,100 g,585,21.51,49.66,23.68,Snack,0,1,0,0.040478632,0,0,0,0,0,1.701412103,0.181382003,1.876862784,1.25537632,-0.052494786
Campuran Buah Kering,100 g,244,64.81,0.44,2.19,Buah,0,0,0,0.00897541,0,1,0,1,0,0.236229848,1.291684909,-1.332556663,-1.026553687,-1.169442942
Kacang Campuran Sangrai Kering,100 g,594,25.35,51.45,17.3,Snack,0,1,0,0.029124579,0,0,0,0,0,1.730856969,0.325196381,1.910637313,0.854613249,-0.398558608
Kelapa Kering,100 g,660,23.65,64.53,6.88,Masakan,0,0,0,0.010424242,0,0,0,0,0,1.938065152,0.26356562,2.128397869,-0.142689818,-1.106232115
Kerang Hijau,100 g,171,6.15,5.02,23.71,Masakan,1,0,0,0.138654971,0,0,1,0,1,-0.250321136,-0.702046322,-0.101708108,1.257058326,1.463707266
Kerang,100 g,217,10.49,10.96,18.14,Masakan,1,0,0,0.08359447,0,0,0,0,1,0.069471347,-0.36903578,0.516331688,0.913084023,0.858807315
Kerang Kukus Atau Rebus,100 g,106,2.33,3.09,16.18,Masakan,1,0,0,0.152641509,0,0,1,0,1,-0.821863196,-1.157349911,-0.441791603,0.77330122,1.559715544
Sate Kerang,100 g,155,10.8,3.69,19.58,Masakan,1,0,0,0.126322581,0,0,0,0,1,-0.375130357,-0.349069377,-0.322000586,1.008817606,1.363469083
Kerang Spesies Campuran,100 g,88,2.36,0.76,16.78,Masakan,1,0,0,0.190681818,1,1,1,0,1,-1.021155579,-1.152525988,-1.164404391,0.81735898,1.749265824
Kerang Panggang,100 g,132,2.92,3.86,20.22,Masakan,1,0,0,0.153181818,0,0,1,0,1,-0.570766702,-1.067785938,-0.290726348,1.049693814,1.563091583
Pancake Campuran Kering,100 g,194,36.7,2.5,5.2,Masakan,0,0,0,0.026804124,0,1,0,1,0,-0.084015884,0.6756196,-0.577264696,-0.394390476,-0.476413034
Tapioka Mutiara Kering,100 g,358,88.69,0.02,0.19,Masakan,0,0,0,0.000530726,0,1,0,1,0,0.827868145,1.675703683,-1.618158743,-1.810035439,-1.565623077
Makaroni Atau Mie Dengan Keju Campuran Kering,100 g,219,25.74,10.06,6.25,Masakan,0,0,1,0.028538813,0,0,0,0,0,0.08228927,0.338921692,0.444976806,-0.231664832,-0.417969612
Spaghetti Kering,100 g,371,74.67,1.51,13.04,Masakan,0,0,0,0.035148248,0,1,0,1,0,0.886747178,1.460943191,-0.86339187,0.520867069,-0.208048456
Biji Wijen Kering Utuh,100 g,573,23.45,49.67,17.73,Masakan,0,0,0,0.030942408,0,0,0,0,0,1.661671496,0.25611192,1.877054621,0.884800504,-0.339339807
Roti Isi Campu Kering,100 g,386,76.2,3.4,11,Snack,0,0,0,0.028497409,0,0,0,1,0,0.952976202,1.485732307,-0.377944296,0.332091071,-0.419347769
Salami Babi Kering Atau Keras,100 g,407,1.6,33.72,22.58,Masakan,0,0,0,0.055479115,0,0,1,0,1,1.042834602,-1.286001906,1.512601101,1.192570909,0.327644606
Roti Isi Campur Kering Komersial,100 g,178,21.7,8.6,3.2,Snack,0,0,0,0.017977528,0,0,0,0,0,-0.19818864,0.188904958,0.316458087,-0.776017274,-0.797325079
Tahu Putih,100 g,120,3.33,7.33,10.67,Lauk,0,0,0,0.088916667,0,0,1,0,1,-0.682085899,-1.011224306,0.188422192,0.299237751,0.938406785
Tahu,100 g,78,2.1,4.95,7.97,Lauk,0,0,0,0.102179487,1,0,1,0,1,-1.143955174,-1.195434542,-0.112081289,-0.001077228,1.113698059
Tahu Kukus,100 g,78,1.93,4.34,7.97,Lauk,0,0,0,0.102179487,1,0,1,0,1,-1.143955174,-1.224938855,-0.207766914,-0.001077228,1.113698059
Oseng Tahu,100 g,232,9.42,18.64,10.19,Lauk,0,0,0,0.043922414,0,0,1,0,0,0.163737835,-0.441143586,0.974337386,0.250131716,0.041965888
Sup Tahu,100 g,63,4.09,3,5.02,Lauk,0,0,0,0.07968254,1,1,1,0,1,-1.349705695,-0.916015125,-0.461196885,-0.424413688,0.796538713
Tahu Kuning,100 g,80,0.8,4.7,10.9,Lauk,0,0,0,0.13625,1,0,1,0,1,-1.118585672,-1.462168707,-0.150106833,0.322210786,1.445392845
Tahu Bakso,100 g,167,27,3,8,Lauk,0,0,0,0.047904192,0,1,0,1,0,-0.280759638,0.382285014,-0.461196885,0.002625828,0.145642083
Tahu Aci,100 g,217,18.18,14.07,6.39,Lauk,0,0,0,0.029447005,0,0,0,0,0,0.069471347,0.041266434,0.728552759,-0.211385652,-0.387943019
Tahu Telur Tomat,100 g,100,5,8,8,Sayur,0,0,0,0.08,1,0,1,0,1,-0.885578897,-0.814871585,0.258128474,0.002625828,0.801715918
Singles Light Kurang Lemak,100 g,205.88,5.88,11.76,17.65,Masakan,0,0,0,0.085729551,0,0,1,0,1,-0.003290004,-0.727267552,0.575568169,0.879225527,0.891427912
Egg Tofu,100 g,70,1,7,5,Masakan,0,0,0,0.071428571,1,0,1,0,1,-1.250025583,-1.413445579,0.152091854,-0.42779268,0.653775117
Tahu Original,100 g,110,2,7,10,Lauk,0,0,0,0.090909091,0,0,1,0,1,-0.780720775,-1.212641797,0.152091854,0.230238998,0.966768146
Tahu Bakar,100 g,118,4.04,7.08,12.06,Lauk,0,0,0,0.10220339,0,0,1,0,1,-0.70135814,-0.9219456,0.161029154,0.433059949,1.113986789
Pepes Tahu Jamur,100 g,103,5.87,5.95,8.38,Lauk,0,0,0,0.081359223,0,0,1,0,1,-0.85340951,-0.728215512,0.026123692,0.048717021,0.82363209
Tahu Gejrot,100 g,98,1.81,8.04,6.05,Lauk,0,0,0,0.061734694,1,0,1,0,1,-0.907386696,-1.246530476,0.262131281,-0.261172058,0.464163519
Tofu Tempe Delight,100 g,168,4,12.67,10.67,Lauk,0,0,0,0.063511905,0,0,1,0,1,-0.273104344,-0.926721128,0.638773839,0.299237751,0.500843952
Seafood Tofu,100 g,200,10,16,8,Lauk,1,0,0,0.04,0,0,1,0,0,-0.042840854,-0.401417191,0.840034149,0.002625828,-0.065989347
Tahu Sutra Silken Tofu,100 g,115,2,8,9,Lauk,0,0,0,0.07826087,0,0,1,0,1,-0.730682564,-1.212641797,0.258128474,0.120882075,0.773078187
Mie Kering Shirataki,100 g,120,28,0,2,Masakan,0,0,0,0.016666667,0,1,0,1,0,-0.682085899,0.415692542,-1.634431737,-1.08045143,-0.84854898
Kentang Tumbuk Dari Kentang Kering,100 g,105,12.22,5.56,2.02,Masakan,0,0,0,0.019238095,0,0,0,0,0,-0.832311242,-0.262236771,-0.025361107,-1.074654562,-0.74896974
Biskuit Kering,100 g,500,66.67,23.33,6.67,Snack,0,0,0,0.01334,0,0,0,0,0,1.406899323,1.32497365,1.175105384,-0.171710575,-0.982974876
Soes Kering,100 g,500,62.5,25,12.5,Masakan,0,0,0,0.025,0,0,0,0,0,1.406899323,1.249367586,1.237720912,0.473098217,-0.538750148
Kuetiaw Kering,100 g,360,82,0,7,Masakan,0,0,0,0.019444444,0,1,0,1,0,0.837019509,1.576554091,-1.634431737,-0.12637661,-0.74113734
Roti Kering,100 g,388.89,77.78,0,11.11,Snack,0,0,0,0.02856849,0,1,0,1,0,0.965535492,1.510956164,-1.634431737,0.342885433,-0.416982282
Soes Kering Cheese,100 g,625,37.5,43.75,12.5,Masakan,0,0,1,0.02,0,0,0,0,0,1.830024775,0.69721889,1.756618108,0.473098217,-0.720165191
Mie Kering Gandum,100 g,375,77.21,1.47,11.76,Masakan,0,0,0,0.03136,0,1,0,1,0,0.904582679,1.501899567,-0.877113792,0.405153241,-0.325950905
Buah Plum Kering,100 g,300,66.67,0,0,Buah,0,0,0,0,0,1,0,1,0,0.545940358,1.32497365,-1.634431737,-1.931501751,-1.592191924
Imitation Squid Flower,100 g,133.33,10,5.56,10,Masakan,0,0,0,0.075001875,0,0,1,0,1,-0.558854291,-0.401417191,-0.025361107,0.230238998,0.717555511
Soes Kering Original,100 g,571.43,42.86,35.71,14.29,Masakan,0,0,0,0.025007437,0,0,0,0,0,1.656430563,0.834033187,1.565964007,0.62617441,-0.538489852
Mie Kering Pipih,100 g,378.57,77.14,1.79,12.14,Masakan,0,0,0,0.032068046,0,1,0,1,0,0.920392555,1.500784019,-0.772819427,0.440417141,-0.303430124
Kembang Tahu Kering,100 g,380,23.3,13.8,49,Lauk,0,0,0,0.128947368,0,0,0,0,1,0.926697087,0.250492244,0.71187765,2.31258106,1.386164681
Mayonais Kurang Lemak,100 g,360,28,24,0,Masakan,0,0,0,0,0,0,0,0,0,0.837019509,0.415692542,1.200706459,-1.931501751,-1.592191924
Ikan Teri Kering,100 g,170,0,3,33.4,Lauk,1,0,0,0.196470588,0,1,1,0,1,-0.257885393,-1.710248162,-0.461196885,1.732244349,1.771036812
Broker Brownies Kering,100 g,540,58,30,8,Masakan,0,0,0,0.014814815,0,0,0,0,0,1.549397548,1.163575472,1.404484847,0.002625828,-0.92258241
Udang Kukus Atau Rebus,100 g,138,1.19,2.26,26.5,Lauk,1,0,0,0.192028986,0,1,1,0,1,-0.517649074,-1.370366016,-0.638740009,1.406949251,1.754471434
Gurame,100 g,125,0,5.49,17.48,Masakan,0,0,0,0.13984,0,0,1,0,1,-0.634832161,-1.710248162,-0.034911103,0.867316442,1.472525154
Ikan Salmon Atlantik Ditambak,100 g,183,0,10.85,19.9,Lauk,1,0,0,0.108743169,0,0,1,0,1,-0.161791579,-1.710248162,0.507891667,1.029377843,1.189641547
Ikan Kod Atlantik,100 g,82,0,0.67,17.81,Lauk,1,0,0,0.217195122,1,1,1,0,1,-1.093637336,-1.710248162,-1.20852841,0.890356925,1.837505631
Ikan Kod Pacifik,100 g,82,0,0.63,17.9,Lauk,1,0,0,0.218292683,1,1,1,0,1,-1.093637336,-1.710248162,-1.22887445,0.896585893,1.840582225
Ikan Dori,100 g,84,0,4.11,11.02,Lauk,1,0,0,0.131190476,1,0,1,0,1,-1.069093272,-1.710248162,-0.246586619,0.334059411,1.404956618
Udang,100 g,144,1.24,2.35,27.59,Lauk,1,0,0,0.191597222,0,1,1,0,1,-0.466063878,-1.359487555,-0.6151942,1.462290396,1.752812432
Udang Goreng,100 g,287,27.57,14.64,10.58,Lauk,1,0,0,0.036864111,0,0,0,0,0,0.47777506,0.401432527,0.762836418,0.290152043,-0.156691769
Udang Asam Manis,100 g,269,25.12,16.84,6.56,Lauk,1,0,0,0.024386617,0,0,0,0,0,0.379858543,0.317031983,0.884813172,-0.187160194,-0.560312815
Bakso Ikan,100 g,107,11.72,1.23,11.27,Lauk,1,0,0,0.105327103,0,1,0,0,1,-0.811481136,-0.291994447,-0.964203226,0.358450514,1.150941642
Udang Panggang,100 g,154,1.17,5.03,24.47,Lauk,1,0,0,0.158896104,0,0,1,0,1,-0.383213869,-1.374768434,-0.100235659,1.299146845,1.597415033
Udang Kupas,100 g,62.5,0,0.89,11.61,Lauk,1,0,0,0.18576,1,1,1,0,1,-1.357103248,-1.710248162,-1.104340519,0.391007404,1.72949588
Udang Rebon,100 g,284,3.33,3.75,59.15,Lauk,1,0,0,0.208274648,0,0,1,0,1,0.461749562,-1.011224306,-0.310840507,2.617460644,1.810930294
Udang Crispy,100 g,466.67,26.67,30,26.67,Lauk,1,0,0,0.057149592,0,0,0,0,1,1.282148082,0.371068601,1.404484847,1.415691835,0.365265269
Udang Karang Rebus Atau Kukus,100 g,81,0,1.19,16.63,Lauk,1,0,0,0.205308642,1,1,1,0,1,-1.10605994,-1.710248162,-0.979584892,0.806454649,1.801439028
Udang Karang Udang,100 g,72,0,0.97,14.85,Lauk,1,0,0,0.20625,1,1,1,0,1,-1.22277762,-1.710248162,-1.069314305,0.671182122,1.804488499
Kroket Udang,100 g,150,26.67,1.67,6.67,Lauk,1,0,0,0.044466667,0,1,0,1,0,-0.415906136,0.371068601,-0.810519561,-0.171710575,0.056480622
Salted Egg Prawn Roll,100 g,535.71,57.14,28.57,14.29,Masakan,0,0,0,0.02667488,0,0,0,0,0,1.534463893,1.146637318,1.359584953,0.62617441,-0.480825533
Crab Stick,100 g,93.75,18.75,0,6.25,Masakan,0,0,0,0.066666667,1,1,0,1,1,-0.954739889,0.066452893,-1.634431737,-0.231664832,0.56378546
Ikan Pecak Atlantik Dan Pacifik,100 g,110,0,2.29,20.81,Lauk,1,0,0,0.189181818,0,1,1,0,1,-0.780720775,-1.710248162,-0.630823012,1.086532734,1.743367199
Keecho,100 g,200,12,10,16,Masakan,0,0,0,0.08,0,0,0,0,1,-0.042840854,-0.275226616,0.440024212,0.759849875,0.801715918
Siomay Ikan,100 g,160,18,5,5,Lauk,1,0,0,0.03125,0,0,0,0,0,-0.335231182,0.033198843,-0.104660044,-0.42779268,-0.329470043
Ikan Baronang,100 g,78,0,0.64,16.96,Lauk,1,0,0,0.217435897,1,1,1,0,1,-1.143955174,-1.710248162,-1.223743505,0.830349797,1.838184036
Ikan Kembung Atlantik,100 g,205,0,13.89,18.6,Lauk,1,0,0,0.090731707,0,0,1,0,1,-0.009160265,-1.710248162,0.717468143,0.944259293,0.964273845
Chikuwa,100 g,125,25,0,8.33,Masakan,0,0,0,0.06664,0,1,0,1,1,-0.634832161,0.312751347,-1.634431737,0.042736628,0.563264787
Crab Flavored Stick,100 g,133.33,20,0,6.67,Masakan,0,0,0,0.050026251,0,1,0,1,1,-0.558854291,0.119874219,-1.634431737,-0.171710575,0.1985811
Seafood Platter,100 g,180,28,5,8,Lauk,1,0,0,0.044444444,0,0,0,1,0,-0.183548121,0.415692542,-0.104660044,0.002625828,0.055890143
Ikan Senangin,100 g,88,0,2.11,16.22,Lauk,1,0,0,0.184318182,1,1,1,0,1,-1.021155579,-1.710248162,-0.679401739,0.776275458,1.723473231
Katsuobushi,100 g,340,2.34,2.26,76.8,Masakan,0,0,0,0.225882353,0,1,1,0,1,0.743907475,-1.155738408,-0.638740009,3.063033764,1.860782828
Ikan Gindara,100 g,126,0,6.91,14.9,Lauk,1,0,0,0.118253968,0,0,1,0,1,-0.625534631,-1.710248162,0.141934564,0.675139981,1.288638126
Ikan Kembung Kukus,100 g,201,2.31,12,20.21,Lauk,1,0,0,0.100547264,0,0,1,0,1,-0.03605967,-1.160583596,0.592646683,1.049062571,1.093762991
Ikan Kod Panggang,100 g,122,0.41,3.59,20.91,Lauk,1,0,0,0.171393443,0,0,1,0,1,-0.66302841,-1.56997131,-0.340907994,1.092699306,1.664387696
Ikan Salmon,100 g,146,0,5.93,21.62,Lauk,1,0,0,0.148082192,0,0,1,0,1,-0.449190875,-1.710248162,0.023551517,1.135861573,1.530283648
Steamboat,100 g,150,20,5,10,Masakan,0,0,0,0.066666667,0,0,0,0,1,-0.415906136,0.119874219,-0.104660044,0.230238998,0.56378546
Shrimp Hakau,100 g,162.16,22.97,4.05,6.76,Masakan,0,0,0,0.041687222,0,0,0,0,0,-0.318254412,0.238038803,-0.256988534,-0.159198102,-0.018821775
Pangsit Udang,100 g,226.19,36.9,5.36,8.33,Lauk,1,0,0,0.036827446,0,0,0,1,0,0.127727649,0.681050704,-0.052911344,0.042736628,-0.157776211
Golden Money Bag,100 g,145.83,25,0,8.33,Masakan,0,0,0,0.057121306,0,1,0,1,1,-0.450619007,0.312751347,-1.634431737,0.042736628,0.364635465
Siomay,100 g,206.06,10.91,13.03,10.91,Masakan,0,0,0,0.052945744,0,0,0,0,1,-0.002091355,-0.342077027,0.662672328,0.323201724,0.268899305
Kerupuk Udang Nusantara,100 g,350,75,0,10,Snack,1,0,0,0.028571429,0,1,0,1,0,0.790913138,1.466320749,-1.634431737,0.230238998,-0.416884534
Bakso Udang,100 g,120,18,2,7,Lauk,1,0,0,0.058333333,0,1,0,0,1,-0.682085899,0.033198843,-0.710431496,-0.12637661,0.391401729
Mini Wonton,100 g,320,34,14,10,Masakan,0,0,0,0.03125,0,0,0,0,0,0.647015797,0.600143732,0.72425721,0.230238998,-0.329470043
Bola Udang,100 g,160,17,6,9,Lauk,1,0,0,0.05625,0,0,0,0,1,-0.335231182,-0.012672016,0.032523265,0.120882075,0.345113983
Udang Scampi,100 g,212,0.01,15.83,16.87,Lauk,1,0,0,0.079575472,0,0,1,0,1,0.037073943,-1.706363776,0.830714549,0.823867156,0.794787592
Quick Bites Odeng Kue Ikan,100 g,216.67,23.33,8.33,10,Snack,1,0,0,0.046153136,0,0,0,0,0,0.067348737,0.251618211,0.290654636,0.230238998,0.100760176
Cumi Asin,100 g,173,2.52,8.19,20.92,Lauk,1,0,0,0.120924855,0,0,1,0,1,-0.235281598,-1.127318694,0.276992324,1.093314754,1.314286965
Cumi Goreng,100 g,125,9.9,2.17,15.13,Lauk,1,0,0,0.12104,0,1,1,0,1,-0.634832161,-0.408155115,-0.6629164,0.693221994,1.315372689
Cumi Kukus Atau Rebus,100 g,91,3.05,1.37,15.45,Lauk,1,0,0,0.16978022,1,1,1,0,1,-0.986152561,-1.049400359,-0.912371751,0.718047717,1.656321786
Cumi Sambalado,100 g,199.5,3,11.5,16,Lauk,1,0,0,0.080200501,0,0,1,0,1,-0.046240025,-1.056419784,0.556715955,0.759849875,0.804974261
Squid Ball Bakso Cumi,100 g,100,12,0,12,Lauk,1,0,0,0.12,1,1,0,0,1,-0.885578897,-0.275226616,-1.634431737,0.427518936,1.305506746
Ebi Fry,100 g,150,20,1.25,10,Masakan,0,0,0,0.066666667,0,1,0,0,1,-0.415906136,0.119874219,-0.956611155,0.230238998,0.56378546
Udang Keju,100 g,370,27,26,6,Lauk,1,0,1,0.016216216,0,0,0,0,0,0.882268007,0.382285014,1.27339706,-0.268650804,-0.866375541
Lumpia Udang,100 g,259.15,5.21,20.7,10.7,Lauk,1,0,0,0.041288829,0,0,1,0,0,0.324391394,-0.79315086,1.067622722,0.302254166,-0.029858363
Ayam Udang Kribo,100 g,222.22,16.67,10,16.67,Lauk,1,0,0,0.07501575,0,0,0,0,1,0.102761173,-0.028219234,0.440024212,0.80936953,0.717797159
Siomay Udang,100 g,185.19,18.52,6.48,12.96,Lauk,1,0,0,0.06998218,0,0,0,0,1,-0.14606069,0.056354935,0.091825279,0.513881725,0.627059627
Ebi Furai,100 g,181.82,29.55,1.14,11.36,Masakan,0,0,0,0.062479375,0,1,0,1,1,-0.170320254,0.465842316,-0.999194627,0.367136368,0.479642723
Naget Udang Ebi Katsu,100 g,170,26,4,8,Lauk,1,0,0,0.047058824,0,0,0,1,0,-0.257885393,0.347990533,-0.265747556,0.002625828,0.124111449
Prawn Crackers,100 g,433.33,76.67,11.67,6.67,Snack,0,0,0,0.015392426,0,0,0,1,0,1.151174311,1.493274865,0.569084352,-0.171710575,-0.899278038
Agedashi Tofu,100 g,100,8,5,5,Masakan,0,0,0,0.05,1,0,1,0,0,-0.885578897,-0.545757476,-0.104660044,-0.42779268,0.197935761
Spicy Cheese Dumpling,100 g,200,14.44,11.11,11.11,Masakan,0,0,1,0.05555,0,0,0,0,1,-0.042840854,-0.139284292,0.527721852,0.342885433,0.329258768
Shumai,100 g,175,27.5,5,7.5,Masakan,0,0,0,0.042857143,0,0,0,1,0,-0.220358796,0.399096256,-0.104660044,-0.060393685,0.013233107
Shrimp Shumai,100 g,158.54,19.51,4.27,9.76,Masakan,0,0,0,0.061561751,0,0,0,0,1,-0.346793862,0.099218482,-0.219409419,0.204724322,0.460545854
Kerupuk Udang Rasa Kari,100 g,466.67,66.67,20,0,Snack,1,0,0,0,0,0,0,0,0,1.282148082,1.32497365,1.036912083,-1.931501751,-1.592191924
Shrimp Roll,100 g,222.22,20,11.11,8.89,Masakan,0,0,0,0.0400054,0,0,0,0,0,0.102761173,0.119874219,0.527721852,0.108338463,-0.06583659
Shrimp Crackers,100 g,500,64.29,25,7.14,Snack,0,0,0,0.01428,0,0,0,0,0,1.406899323,1.282255112,1.237720912,-0.107584189,-0.944334078
Bayam Cincang Atau Daun Beku,100 g,31,4.33,0.75,3.94,Sayur,0,0,0,0.127096774,1,1,1,0,1,-1.936371773,-0.888129131,-1.169199037,-0.620956254,1.370243938
Sayur Umbut Kelapa,100 g,67,5.18,2.89,5.57,Sayur,0,0,0,0.083134328,1,1,1,0,1,-1.29189067,-0.796220503,-0.485490109,-0.334752189,0.851652954
Sup Mi Ayam Sayur,100 g,444.44,66.67,14.81,12.96,Sayur,0,0,0,0.029160292,0,0,0,1,0,1.195553572,1.32497365,0.772829995,0.513881725,-0.397380404
Sup Sayuran,100 g,446.15,61.54,16.92,9.23,Sayur,0,0,0,0.020688109,0,0,0,0,0,1.202317362,1.231448643,0.88897202,0.146765514,-0.694420099
Makaroni Rasa Sup Sayuran,100 g,325,67.5,1.25,12.5,Masakan,0,0,0,0.038461538,0,1,0,1,0,0.671614028,1.339612007,-0.956611155,0.473098217,-0.109986418
Bayam,100 g,23,3.63,0.39,2.86,Sayur,0,0,0,0.124347826,1,1,1,1,1,-2.143925326,-0.972280629,-1.362019813,-0.854521769,1.345876013
Tumis Bayam,100 g,86,4.68,6.81,3.3,Sayur,0,0,0,0.038372093,1,0,1,0,0,-1.044937642,-0.84906819,0.130518131,-0.753874488,-0.112573868
Keripik Bayam,100 g,537,49.22,36.48,3.06,Sayur,0,0,0,0.005698324,0,0,0,0,0,1.538962914,0.981289457,1.585872005,-0.807719112,-1.317423773
Risol Sayur,100 g,208,25.15,10.03,4.64,Sayur,0,0,0,0.022307692,0,0,0,0,0,0.010782807,0.318099887,0.442503732,-0.490172688,-0.634818626
Mie Bayam,100 g,370,82,0,11,Sayur,0,0,0,0.02972973,0,1,0,1,0,0.882268007,1.576554091,-1.634431737,0.332091071,-0.378674534
Sun Bubur Ayam Kampung Bayam,100 g,400,75,5,10,Sayur,0,0,0,0.025,0,0,0,1,0,1.013237671,1.466320749,-0.104660044,0.230238998,-0.538750148
Daging Dan Kulit Sayap Ayam Ayam Pedaging,100 g,14.22,0,1.03,1.18,Lauk,0,0,0,0.082981716,1,1,1,0,1,-2.43560731,-1.710248162,-1.043926957,-1.349274939,0.84927026
Kuahkaldu Ayam Kalengan,100 g,79,5.42,5.71,1.93,Lauk,0,0,0,0.02443038,1,0,1,0,0,-1.131216678,-0.771962397,-0.005221051,-1.100981031,-0.558768123
Salad Ayam,100 g,132,7.31,4.94,14.5,Lauk,0,0,0,0.109848485,0,0,1,0,1,-0.570766702,-0.601021432,-0.113572698,0.643200777,1.201793702
Ayam Penyet,100 g,199,5.29,8.53,25.05,Lauk,0,0,0,0.125879397,0,0,1,0,1,-0.049644948,-0.785017983,0.309835653,1.330612311,1.359560031
Taquitos Dengan Ayam,100 g,245,19.02,12.63,14.49,Lauk,0,0,0,0.059142857,0,0,0,0,1,0.24216125,0.07819755,0.636081365,0.642394094,0.409030579
Sup Mi Daging Sayur,100 g,464.29,64.29,16.07,12.5,Sayur,0,0,0,0.026922828,0,0,0,0,0,1.273012251,1.282255112,0.843845729,0.473098217,-0.472367507
Sayur Nangka,100 g,66,8.7,3.5,1.3,Sayur,0,0,0,0.01969697,1,0,1,0,0,-1.30612357,-0.49278265,-0.358264848,-1.305464793,-0.731583789
Sayur Pakis,100 g,34,5.54,0.4,4.55,Sayur,0,0,0,0.133823529,1,1,1,1,1,-1.867691341,-0.760082088,-1.356046905,-0.506251759,1.426330015
Sayur Gedi,100 g,51,10,0.88,3.06,Sayur,0,0,0,0.06,1,1,1,1,1,-1.539381651,-0.401417191,-1.108818195,-0.807719112,0.427482489
Panzerotti Dengan Sayuran Dan Keju,100 g,250,18.19,16.74,6.75,Masakan,0,0,1,0.027,0,0,0,0,0,0.271575617,0.041713002,0.879589438,-0.160582765,-0.469741126
Siomay Ayam Sayur,100 g,195.4,25.29,5.75,9.2,Sayur,0,0,0,0.047082907,0,0,0,0,0,-0.074332374,0.323071593,7.68E-05,0.143415337,0.124728356
Prenagen Buah Dan Sayur,100 g,42.42,11.82,0,0,Sayur,0,0,0,0,1,1,0,1,0,-1.694120715,-0.28597514,-1.634431737,-1.931501751,-1.592191924
Promina Sup Mi Ayam Sayur,100 g,425,62.5,15,12.5,Sayur,0,0,0,0.029411765,0,0,0,0,0,1.117392415,1.249367586,0.783878293,0.473098217,-0.389100893
Koloke Ayam,100 g,261,17.9,9.52,24.09,Lauk,0,0,0,0.092298851,0,0,0,0,1,0.334916354,0.0286926,0.399446175,1.278226981,0.986106183
Ikan Layur,100 g,88,0.38,1.02,18.04,Lauk,1,0,0,0.205,1,1,1,0,1,-1.021155579,-1.579133496,-1.048107884,0.906229537,1.800431582
Mandu Isi Daging Dan Sayur,100 g,200,26,8,8,Sayur,0,0,0,0.04,0,0,0,0,0,-0.042840854,0.347990533,0.258128474,0.002625828,-0.065989347
Sayuran Campur Beku,100 g,64,13.46,0.52,3.33,Sayur,0,0,0,0.05203125,1,1,0,1,1,-1.335027307,-0.191845276,-1.287393242,-0.747310081,0.247179876
Lontong Isi Sayur,100 g,139,23.22,4.12,2.39,Sayur,0,0,0,0.017194245,0,0,0,1,0,-0.508948106,0.247484674,-0.244864341,-0.972461686,-0.82781671
Sup Krim Sayur Bawang,100 g,400,66.67,6.67,6.67,Sayur,0,0,1,0.016675,0,0,0,1,0,1.013237671,1.32497365,0.114297818,-0.171710575,-0.848220278
Sayur Brongkos,100 g,142,12.21,3.67,14.87,Sayur,0,0,0,0.10471831,0,0,0,0,1,-0.483095397,-0.262823765,-0.325750996,0.672766433,1.143859039
Blewah Melon,100 g,34,8.16,0.19,0.84,Buah,0,0,0,0.024705882,1,1,1,1,0,-1.867691341,-0.533389357,-1.491010541,-1.484559525,-0.549065868
Apel Tanpa Kulit,100 g,48,12.76,0.13,0.27,Buah,0,0,0,0.005625,1,1,0,1,0,-1.591370096,-0.231011689,-1.533777424,-1.763398679,-1.320816203
Jambu Biji,100 g,68,14.32,0.95,2.55,Masakan,0,0,0,0.0375,1,1,0,1,0,-1.277798962,-0.145586436,-1.077941447,-0.930954182,-0.137973434
Duku,100 g,68,17.06,0.43,0.85,Masakan,0,0,0,0.0125,1,1,0,1,0,-1.277798962,-0.009867755,-1.338370118,-1.480312502,-1.017952102
Jambu Kristal,100 g,49,12.2,0.3,0.9,Masakan,0,0,0,0.018367347,1,1,0,1,0,-1.573806652,-0.263411085,-1.417706418,-1.459342228,-0.782277872
Nangka,100 g,94,24.01,0.3,1.47,Buah,0,0,0,0.015638298,1,1,0,1,0,-0.951914992,0.276871241,-1.417706418,-1.24635825,-0.889416859
Labu Siam,100 g,17,3.9,0.13,0.82,Buah,0,0,0,0.048235294,1,1,1,1,0,-2.333110728,-0.93878377,-1.533777424,-1.493107912,0.154005789
Murbei,100 g,43,9.8,0.39,1.44,Masakan,0,0,0,0.033488372,1,1,1,1,0,-1.683037745,-0.414938534,-1.362019813,-1.256553026,-0.258930509
Rujak Buah,100 g,213,14.96,15.1,8.53,Buah,0,0,0,0.040046948,0,0,0,0,0,0.04359435,-0.112382914,0.78964285,0.066510147,-0.064661657
Blueberry Manis Beku,100 g,81,21.95,0.13,0.4,Buah,0,0,0,0.004938272,1,1,0,1,0,-1.10605994,0.198733539,-1.533777424,-1.692286326,-1.352765149
Pare,100 g,29,6.82,0.22,1.12,Sayur,0,0,0,0.03862069,1,1,1,1,0,-1.984621639,-0.642346915,-1.470395345,-1.371889771,-0.105390606
Terong Belanda,100 g,48,8.64,1.15,2.1,Sayur,0,0,0,0.04375,1,1,1,1,0,-1.591370096,-0.497211336,-0.995237844,-1.051762514,0.037344596
Jambu Monyet,100 g,43,11.41,0.14,0.21,Masakan,0,0,0,0.004883721,1,1,0,1,0,-1.683037745,-0.310877663,-1.526500886,-1.798152074,-1.35531677
Timun Suri,100 g,16,3.65,0.12,0.65,Buah,0,0,0,0.040625,1,1,1,1,0,-2.368656395,-0.969750954,-1.541115857,-1.568898063,-0.048386231
Jeruk Kimkit,100 g,43,11.93,0.27,0.81,Buah,0,0,0,0.018837209,1,1,0,1,0,-1.683037745,-0.279393548,-1.437091409,-1.497409631,-0.76425275
Asam Jawa,100 g,239,62.5,0.6,2.8,Masakan,0,0,0,0.011715481,0,1,0,1,0,0.206324036,1.249367586,-1.244450064,-0.86893127,-1.051005323
Jambu Jamaika,100 g,48,9.99,0.66,1.78,Masakan,0,0,0,0.037083333,1,1,1,1,0,-1.591370096,-0.402088957,-1.213570835,-1.146296313,-0.150219643
Tumis Kangkung,100 g,98,3.99,8.71,2.56,Sayur,0,0,0,0.026122449,1,0,1,0,0,-0.907386696,-0.927919386,0.326771963,-0.928408819,-0.499778072
Kangkung,100 g,20,3.18,0.34,2.51,Sayur,0,0,0,0.1255,1,1,1,1,1,-2.233920254,-1.031442687,-1.392515352,-0.941191944,1.356195644
Brokoli,100 g,34,6.64,0.37,2.82,Sayur,0,0,0,0.082941176,1,1,1,1,1,-1.867691341,-0.658004907,-1.374090027,-0.864108495,0.848636502
Brokoli Sultan,100 g,100,11,5,2,Sayur,0,0,0,0.02,1,0,0,0,0,-0.885578897,-0.336391161,-0.104660044,-1.08045143,-0.720165191
Brokoli Tusuk Beku,100 g,29,5.35,0.34,3.06,Sayur,0,0,0,0.105517241,1,1,1,1,1,-1.984621639,-0.778967975,-1.392515352,-0.807719112,1.153141995
Wortel,100 g,41,9.58,0.24,0.93,Sayur,0,0,0,0.022682927,1,1,1,1,0,-1.721685166,-0.430025833,-1.456919736,-1.44696601,-0.621206167
Nasi Tim Ayam Tomat Wortel,100 g,400,76,8,12,Sayur,0,0,0,0.03,0,0,0,1,0,1.013237671,1.482512491,0.258128474,0.427518936,-0.369849143
Rasa Bakso Sapi,100 g,360,80,4,4,Lauk,0,0,0,0.011111111,0,0,0,1,0,0.837019509,1.545777731,-0.265747556,-0.609198585,-1.076725851
Sayur Tahu Toge,100 g,86,12.91,1.93,5.93,Sayur,0,0,0,0.068953488,1,1,0,1,1,-1.044937642,-0.222497903,-0.730749847,-0.279191415,0.607734691
Buah Naga,100 g,51,12.38,0.38,0.78,Buah,0,0,0,0.015294118,1,1,0,1,0,-1.539381651,-0.252888857,-1.368033991,-1.510427072,-0.903230696
Semangka Merah,100 g,30,7.55,0.15,0.61,Buah,0,0,0,0.020333333,1,1,1,1,0,-1.960232876,-0.581429962,-1.519285188,-1.587611754,-0.707662007
Buah Pir,100 g,58,15.46,0.12,0.38,Buah,0,0,0,0.006551724,1,1,0,1,0,-1.42552882,-0.087115853,-1.541115857,-1.702881605,-1.278205446
Nanas,100 g,48,12.63,0.12,0.54,Buah,0,0,0,0.01125,1,1,0,1,0,-1.591370096,-0.238445544,-1.541115857,-1.621252666,-1.07079513
Pisang,100 g,89,22.84,0.33,1.09,Buah,0,0,0,0.012247191,1,1,0,1,0,-1.009400232,0.233098366,-1.398744955,-1.383385044,-1.028562446
Mangga,100 g,65,17,0.27,0.51,Buah,0,0,0,0.007846154,1,1,0,1,0,-1.320501216,-0.012672016,-1.437091409,-1.636036501,-1.219641493
Super Fruit Mix,100 g,320,84,0,0,Masakan,0,0,0,0,0,1,0,1,0,0.647015797,1.606791215,-1.634431737,-1.931501751,-1.592191924
Tempe Chips Original,100 g,560,50,30,15,Snack,0,0,0,0.026785714,0,0,0,0,0,1.617978383,0.998389357,1.404484847,0.683026646,-0.477041052
Tempe Orek,100 g,175,15.6,8.2,13.11,Lauk,0,0,0,0.074914286,0,0,0,0,1,-0.220358796,-0.080142118,0.277974788,0.526953806,0.71602901
Tempe Mendoan,100 g,200,12.69,12.78,11.18,Lauk,0,0,0,0.0559,0,0,0,0,1,-0.042840854,-0.235008101,0.646139446,0.349714787,0.337205626
Tempe Balado,100 g,242,11.47,17.05,14.69,Lauk,0,0,0,0.060702479,0,0,0,0,1,0.224317627,-0.307196061,0.895692397,0.658451128,0.442442757
Oseng Buncis Tempe,100 g,210,32.3,6.45,7.94,Sayur,0,0,0,0.037809524,0,0,0,1,0,0.02397061,0.550403189,0.088227127,-0.004789964,-0.128922786
Tempe Penyet,100 g,198,12.84,11.43,15.68,Lauk,0,0,0,0.079191919,0,0,0,0,1,-0.056472143,-0.22646258,0.551576229,0.735659367,0.788493577
Keripik Tempe,100 g,534,58.41,31.92,5.15,Snack,0,0,0,0.009644195,0,0,0,0,0,1.528488761,1.17158695,1.461748675,-0.402661271,-1.140099473
Tempe Gembus,100 g,65,12.11,0.2,3.46,Lauk,0,0,0,0.053230769,1,1,0,1,1,-1.320501216,-0.268711708,-1.484084077,-0.719267943,0.275612404
Buncis Orek Tempe,100 g,211.11,12.22,13.33,8.89,Sayur,0,0,0,0.042110748,0,0,0,0,0,0.031253305,-0.262236771,0.68214356,0.108338463,-0.007156588
Tempe Rebus,100 g,196,9.35,11.38,18.19,Lauk,0,0,0,0.092806122,0,0,1,0,1,-0.070196622,-0.446047003,0.547888006,0.916500788,0.993075351
Krumpe,100 g,500,55,25,15,Masakan,0,0,0,0.03,0,0,0,0,0,1.406899323,1.103676444,1.237720912,0.683026646,-0.369849143
Keripik Tempe Rasa Tempe Orek,100 g,550,35,35,25,Snack,0,0,0,0.045454545,0,0,0,0,0,1.583898918,0.628580016,1.54724988,1.327921433,0.082545037
Tempeh Chips Spicy Balado,100 g,560,52,36,12,Snack,0,0,0,0.021428571,0,0,0,0,0,1.617978383,1.041375329,1.573508334,0.427518936,-0.666998859
Tempe Rasa Original,100 g,550,40,35,20,Lauk,0,0,0,0.036363636,0,0,0,0,0,1.583898918,0.762662245,1.54724988,1.035752511,-0.171542743
Tempe Chips Sour Cream,100 g,560,48,32,16,Snack,0,0,0,0.028571429,0,0,0,0,0,1.617978383,0.954148549,1.464064683,0.759849875,-0.416884534
Tempe Chips,100 g,266.47,33.88,11.53,8.76,Snack,0,0,0,0.032874245,0,0,0,0,0,0.365744341,0.596691492,0.558910267,0.09337301,-0.278061478
Tempe Himalayan Salt,100 g,600,46.67,40,13.33,Lauk,0,0,0,0.022216667,0,0,0,0,0,1.750319524,0.92398979,1.672164082,0.545931357,-0.638131829
Semur Telur,100 g,130,5.27,7.81,9.7,Lauk,0,0,0,0.074615385,0,0,1,0,1,-0.588833079,-0.787044057,0.238879541,0.198276327,0.710806035
Tofu Telur Ayam,100 g,85.71,2.86,4.29,10,Lauk,0,0,0,0.1166725,1,0,1,0,1,-1.04841671,-1.076422723,-0.216067957,0.230238998,1.273022734
Sapo Tahu,100 g,76,1.63,4,8.3,Lauk,0,0,0,0.109210526,1,0,1,0,1,-1.16976389,-1.280223235,-0.265747556,0.039136374,1.19480146
Tofu Telur,100 g,71.43,4.29,2.14,10,Lauk,0,0,0,0.1399972,1,1,1,0,1,-1.230491183,-0.892711934,-0.671121381,0.230238998,1.473684829
Tahu Sutera,100 g,110,6,5,10,Lauk,0,0,0,0.090909091,0,0,1,0,1,-0.780720775,-0.715970099,-0.104660044,0.230238998,0.966768146
Morinu Silken Tofu Organic,100 g,52.94,1.18,2.35,4.71,Masakan,0,0,0,0.088968644,1,1,1,0,1,-1.506836708,-1.372563522,-0.6151942,-0.477804641,0.939156352
Sotong Tahu Bulat,100 g,346,50.72,14.02,4.55,Lauk,0,0,0,0.013150289,0,0,0,0,0,0.772221214,1.014004451,0.725486465,-0.506251759,-0.990837248
Silken Tofu,100 g,80,2.4,3.2,10.4,Masakan,0,0,0,0.13,1,0,1,0,1,-1.118585672,-1.14614299,-0.418621611,0.271813993,1.395051322
Silken Egg Tofu,100 g,130,4,7,12,Masakan,0,0,0,0.092307692,0,0,1,0,1,-0.588833079,-0.926721128,0.152091854,0.427518936,0.986228062
Maklor,100 g,225,25.07,10.07,8.2,Snack,0,0,0,0.036444444,0,0,0,0,0,0.120275246,0.315250141,0.445799737,0.027069681,-0.169137747
Tofu Rasa Udang,100 g,85.71,0,4.29,10,Lauk,1,0,0,0.1166725,1,0,1,0,1,-1.04841671,-1.710248162,-0.216067957,0.230238998,1.273022734
Tahu Kocek,100 g,203,10.11,14.04,13.19,Lauk,0,0,0,0.064975369,0,0,0,0,1,-0.022565273,-0.394057167,0.726714153,0.533881283,0.530381773
Mapo Tofu With Mushroom Szechuan Sauce,100 g,103.85,3.08,6.15,9.23,Masakan,0,0,0,0.08887819,0,0,1,0,1,-0.844409432,-1.045219164,0.051462766,0.146765514,0.937851567
Tofu Telur Veggie,100 g,85.71,4.29,4.29,8.57,Lauk,0,0,0,0.099988333,1,0,1,0,1,-1.04841671,-0.892711934,-0.216067957,0.071218035,1.086836374
Tempe,100 g,193,9.39,10.8,18.54,Lauk,0,0,0,0.096062176,0,0,1,0,1,-0.090961568,-0.443242082,0.504030476,0.940225556,1.036698585
Telur Dadar Atau Telur Orakarik Dengan Daging Babi Asap,100 g,184,1.48,13.05,14.22,Lauk,0,0,0,0.077282609,0,0,1,0,1,-0.154592867,-1.309617882,0.663982751,0.620458394,0.756669626
Telur Pitan,100 g,171,5.1,11,12.15,Lauk,0,0,0,0.071052632,0,0,1,0,1,-0.250321136,-0.80446,0.519382376,0.441334329,0.64688211
Kuning Telur,100 g,322,3.59,26.54,15.86,Lauk,0,0,0,0.049254658,0,0,1,0,0,0.656886044,-0.977364123,1.292139699,0.749310647,0.179513468
Nasi Goreng Spesial,100 g,230,22,13,7,Masakan,0,0,0,0.030434783,0,0,0,0,0,0.151411323,0.200689822,0.660703338,-0.12637661,-0.355722774
Aice Chocolate,100 g,90,14,4,2,Masakan,0,0,0,0.022222222,1,0,0,1,0,-0.9977331,-0.162571036,-0.265747556,-1.08045143,-0.637929491
Nata De Coco,100 g,66.67,16.44,0,0,Masakan,0,0,0,0,1,1,0,1,0,-1.296571747,-0.039181575,-1.634431737,-1.931501751,-1.592191924
Telur Asin,100 g,214.06,1.69,15.98,14.86,Lauk,0,0,0,0.069419789,0,0,1,0,1,0.050483468,-1.2688094,0.838942367,0.671974472,0.616528333
Roti Martabak,100 g,247,29.91,8.65,11.74,Snack,0,0,0,0.047530364,0,0,0,0,0,0.253975197,0.477221839,0.32116016,0.403274654,0.136152489
Salad Selada Dengan Telur Keju Tomat Dan Atau Wortel,100 g,52,3.14,3.14,3.33,Sayur,0,0,1,0.064038462,1,0,1,0,1,-1.522505027,-1.036923958,-0.431186771,-0.747310081,0.511540315
Telur Ayam Negeri Rendah Kolestrol,100 g,158.73,0,14.29,11.11,Lauk,0,0,0,0.06999307,0,0,1,0,1,-0.34528508,-1.710248162,0.741929799,0.342885433,0.627262744
Ayam Bawang Telur,100 g,480.52,58.44,23.38,7.79,Lauk,0,0,0,0.016211604,0,0,0,0,0,1.334696575,1.172171561,1.177039071,-0.023500882,-0.866558665
Pengganti Telur Cair,100 g,84,0.64,3.31,12,Lauk,0,0,0,0.142857143,1,0,1,0,1,-1.069093272,-1.504093777,-0.396025313,0.427518936,1.494379168
Sayur Campuran,100 g,60,13.09,0.15,2.86,Sayur,0,0,0,0.047666667,1,1,0,1,0,-1.394695653,-0.212369791,-1.519285188,-0.854521769,0.139618267
Sayuran Rebus Tanpa Daging,100 g,56,9.73,0.97,2.65,Lauk,0,0,0,0.047321429,1,1,1,1,0,-1.457078915,-0.419714388,-1.069314305,-0.905748131,0.130827004
Sayur Bening Bayam,100 g,36,7.64,0.37,1.79,Sayur,0,0,0,0.049722222,1,1,1,1,0,-1.824094957,-0.574187144,-1.374090027,-1.143216678,0.19109244
Sayuran Campur Matang Jagung Kacang Lima Kacang Polong Kacang Hijau Dan Wortel,100 g,81,12.74,2.12,2.78,Sayur,0,1,0,0.034320988,1,1,0,1,0,-1.10605994,-0.232151997,-0.676633157,-0.873773899,-0.233257857
Quail Egg,100 g,162.5,0.88,12.25,12.5,Masakan,0,0,0,0.076923077,0,0,1,0,1,-0.315596046,-1.442225041,0.61011885,0.473098217,0.750584066
Putih Telur,100 g,52,0.73,0.17,10.9,Lauk,0,0,0,0.209615385,1,1,1,0,1,-1.522505027,-1.480159981,-1.505032207,0.322210786,1.815109863
Telur Puyuh Rebus,100 g,157,0.41,11.05,13,Lauk,0,0,0,0.082802548,0,0,1,0,1,-0.359068113,-1.56997131,0.523182078,0.517378292,0.846466674
Telur Tomat,100 g,82,4.02,4.66,5.65,Sayur,0,0,0,0.068902439,1,0,1,0,1,-1.093637336,-0.924329875,-0.156338624,-0.322203663,0.606768569
Telur Ceplok,100 g,92,0.4,7.04,6.27,Lauk,0,0,0,0.068152174,1,0,1,0,1,-0.974657041,-1.573009347,0.156571144,-0.228749196,0.592491334
Telur Rebus,100 g,452.94,3.29,31.06,36.82,Lauk,0,0,0,0.08129112,0,0,1,0,1,1.229003014,-1.016564996,1.4365056,1.87485533,0.822543576
Telur Kukus,100 g,144,3.26,7.85,14.26,Lauk,0,0,0,0.099027778,0,0,1,0,1,-0.466063878,-1.020594533,0.242964748,0.623727196,1.074811441
Telur Ayam Kampung,100 g,140,1.67,9,13.67,Lauk,0,0,0,0.097642857,0,0,1,0,1,-0.500289168,-1.272593075,0.353436225,0.574817809,1.057200629
Martabak,100 g,315,40.6,14.65,8.15,Snack,0,0,0,0.025873016,0,0,0,0,0,0.622156438,0.777931063,0.763427147,0.020997903,-0.508384611
Salmon Kalengan,100 g,144,0,6.28,20.57,Masakan,1,0,0,0.142847222,0,0,1,0,1,-0.466063878,-1.710248162,0.067571868,1.071642409,1.494308688
Martabak Telur,100 g,185,18.52,7.68,9.9,Snack,0,0,0,0.053513514,0,0,0,0,1,-0.147420485,0.056354935,0.225478916,0.219661215,0.282245533
Fu Yung Hai,100 g,131,3.61,9.71,7.55,Masakan,0,0,0,0.057633588,0,0,1,0,1,-0.579776695,-0.974818332,0.415716134,-0.053963483,0.376003493
Telur Omega,100 g,100,1,6,4,Lauk,0,0,0,0.04,1,0,1,0,0,-0.885578897,-1.413445579,0.032523265,-0.609198585,-0.065989347
Telur Ayam Omega,100 g,150,1.67,10,11.67,Lauk,0,0,0,0.0778,0,0,1,0,1,-0.415906136,-1.272593075,0.440024212,0.396681418,0.765375114
Gudeg Original,100 g,190,10,12,11,Masakan,0,0,0,0.057894737,0,0,1,0,1,-0.11194535,-0.401417191,0.592646683,0.332091071,0.381767664
Mie Gaga Extra Pedas Goreng Jalapeno,100 g,447.06,63.53,16.47,9.41,Masakan,0,0,0,0.021048629,0,0,0,0,0,1.205909659,1.268373506,0.865343304,0.166707102,-0.681032728
Champong,100 g,429.84,67.74,13.71,8.06,Masakan,0,0,0,0.018751163,0,0,0,1,0,1.137074723,1.343820524,0.706254524,0.01000313,-0.767544593
Mi Keriting Rasa Ayam Panggang,100 g,433.33,58.89,16.67,11.11,Lauk,0,0,0,0.025638659,0,0,0,0,0,1.151174311,1.180914876,0.875916028,0.342885433,-0.516498946
Mie Goreng Ala Chef Devina,100 g,462.37,63.44,18.28,10.75,Masakan,0,0,0,0.023249778,0,0,0,0,0,1.265619056,1.266721704,0.957079097,0.307268136,-0.600780648
Rasa Ayam Spesial,100 g,453.33,62.67,18.67,9.33,Lauk,0,0,0,0.020581034,0,0,0,0,0,1.230527527,1.252519989,0.97576188,0.157877672,-0.698409563
Ramen Keju,100 g,433.33,60,16.67,10,Masakan,0,0,1,0.023077101,0,0,0,0,0,1.151174311,1.202277553,0.875916028,0.230238998,-0.606985239
Tomyam Flavour,100 g,463.86,59.16,21.2,8.92,Masakan,0,0,0,0.01922994,0,0,0,0,0,1.271358283,1.186137759,1.088983709,0.111770204,-0.749279763
Mie Goreng Rendang,100 g,376.62,70.13,6.49,10.39,Masakan,0,0,0,0.027587489,0,0,0,1,0,0.911769463,1.385153401,0.093021594,0.270788604,-0.44984162
Rasa Tengkleng,100 g,466.67,60,18.67,12,Masakan,0,0,0,0.025714102,0,0,0,0,0,1.282148082,1.202277553,0.97576188,0.427518936,-0.513883847
Mie Goreng Extra Pedas,100 g,440,68,16,9.33,Masakan,0,0,0,0.021204545,0,0,0,1,0,1.177908872,1.348367606,0.840034149,0.157877672,-0.675264407
Laksa Ala Singapura,100 g,435.29,68.24,14.12,9.41,Masakan,0,0,0,0.021617772,0,0,0,1,0,1.159059051,1.352553771,0.731609332,0.166707102,-0.660038868
Niku Udon,100 g,104.35,15.65,3.7,7.39,Masakan,0,0,0,0.070819358,0,0,0,0,1,-0.839138352,-0.077661954,-0.320131117,-0.074644735,0.642587089
Bihun Kering,100 g,364,83.24,0.56,3.44,Masakan,0,0,0,0.009450549,0,1,0,1,0,0.855219636,1.595363212,-1.265658148,-0.72354023,-1.148566535
Mikuya Ramen Iyaiya Flavor,100 g,466.67,58.33,21.67,9.17,Masakan,0,0,0,0.01964986,0,0,0,0,0,1.282148082,1.170026926,1.108647255,0.14005746,-0.73336343
Ghost Pepper Creamy Curry Lontong,100 g,440,64,16,8,Masakan,0,0,0,0.018181818,0,0,0,0,0,1.177908872,1.276972238,0.840034149,0.002625828,-0.789428851
Ayam Goreng,100 g,260,10.76,14.55,21.93,Lauk,0,0,0,0.084346154,0,0,0,0,1,0.329233466,-0.351623904,0.75750353,1.154375964,0.8703993
Dada Ayam,100 g,195,0,7.72,29.55,Lauk,0,0,0,0.151538462,0,0,1,0,1,-0.077094303,-1.710248162,0.229622531,1.557789835,1.552750892
Dada Ayam Rebus Kulit Tidak Dimakan,100 g,150,0,3,28.74,Lauk,0,0,0,0.1916,0,1,1,0,1,-0.415906136,-1.710248162,-0.461196885,1.51892034,1.752823134
Mie Kering,100 g,360,88,0,0,Masakan,0,0,0,0,0,1,0,1,0,0.837019509,1.665733632,-1.634431737,-1.931501751,-1.592191924
Tasty Bakmi Ayam Geprek Matah,100 g,459.68,65.32,16.94,11.29,Lauk,0,0,0,0.024560564,0,0,0,0,0,1.25522587,1.300880428,0.890008956,0.360384991,-0.554178721
Mi Goreng Rasa Soto,100 g,470.59,62.35,21.18,9.41,Masakan,0,0,0,0.019996175,0,0,0,0,0,1.297126869,1.246580909,1.088138151,0.166707102,-0.720309012
Mi Hokkien,100 g,170,17.57,6.12,10.39,Masakan,0,0,0,0.061117647,0,0,0,0,1,-0.257885393,0.013696794,0.047705486,0.270788604,0.451216312
Kari Ayam,100 g,444.44,62.5,16.67,9.72,Lauk,0,0,0,0.021870219,0,0,0,0,0,1.195553572,1.249367586,0.875916028,0.200428787,-0.650781652
Mie Lethek,100 g,164,24.12,4.62,5.95,Masakan,0,0,0,0.036280488,0,0,0,0,0,-0.303912488,0.280908813,-0.162612712,-0.276171363,-0.174020267
Samyang Cheese,100 g,414.29,67.14,12.86,8.57,Masakan,0,0,1,0.020685993,0,0,0,1,0,1.073294012,1.333278907,0.651460988,0.071218035,-0.694498896
Mie Goreng Rasa Ayam,100 g,386.67,70.67,6.67,10.67,Lauk,0,0,0,0.02759459,0,0,0,1,0,0.955893518,1.394350736,0.114297818,0.299237751,-0.449602113
Fitmee Soto,100 g,65.22,10.87,2.17,0,Masakan,0,0,0,0,1,1,0,1,0,-1.317325529,-0.344614198,-0.6629164,-1.931501751,-1.592191924
Ayam,100 g,237,0,13.49,27.07,Lauk,0,0,0,0.114219409,0,0,1,0,1,0.194243437,-1.710248162,0.692369258,1.436098438,1.248150467
Mi Keriting Goreng Spesial,100 g,444.44,62.22,16.67,11.11,Masakan,0,0,0,0.02499775,0,0,0,0,0,1.195553572,1.244161871,0.875916028,0.342885433,-0.5388289
Mi Goreng Rasa Mi Ayam Istimewa,100 g,420,62,16,7,Lauk,0,0,0,0.016666667,0,0,0,0,0,1.096899608,1.240059791,0.840034149,-0.12637661,-0.84854898
Neoguri Udon,100 g,433.33,63.33,16.67,8.33,Masakan,0,0,0,0.019223225,0,0,0,0,0,1.151174311,1.264700535,0.875916028,0.042736628,-0.749535075
Mikuya Ramen Tori Kara Flavor,100 g,450,62.5,17.5,9.17,Masakan,0,0,0,0.020377778,0,0,0,0,0,1.21748185,1.249367586,0.918602784,0.14005746,-0.705999434
Ayam Bawang,100 g,453.33,61.33,20,9.33,Lauk,0,0,0,0.020581034,0,0,0,0,0,1.230527527,1.227502015,1.036912083,0.157877672,-0.698409563
Selera Pedas Rasa Sup Tomat Pedas,100 g,457.14,62.86,18.57,10,Sayur,0,0,0,0.021875137,0,0,0,0,0,1.245374398,1.256035965,0.971005453,0.230238998,-0.65060164
Mie Selera Pedas Rasa Ayam Pedas Limau,100 g,458.82,68.24,16.47,9.41,Lauk,0,0,0,0.020509132,0,0,0,0,0,1.251894464,1.352553771,0.865343304,0.166707102,-0.70109194
Daging Dan Kulit Ayam Panggang,100 g,216,0,15.85,17.14,Lauk,0,0,0,0.079351852,0,0,1,0,1,0.063032475,-1.710248162,0.831815637,0.843239383,0.791122022
Ampela,100 g,145,0,2.66,30.14,Masakan,0,0,0,0.207862069,0,1,1,0,1,-0.457607791,-1.710248162,-0.538484482,1.585598826,1.809630405
Sayap Ayam Kulit Tidak Dimakan,100 g,201,0,8.06,30.21,Lauk,0,0,0,0.150298507,0,0,1,0,1,-0.03605967,-1.710248162,0.264126331,1.588870837,1.544804219
Leher Ayam,100 g,297,0,26.24,14.07,Lauk,0,0,0,0.047373737,0,0,1,0,0,0.530389774,-1.710248162,1.281771009,0.60814035,0.132161744
Hati Ayam,100 g,116,0,4.83,16.92,Lauk,0,0,0,0.145862069,0,0,1,0,1,-0.720851225,-1.710248162,-0.130138702,0.827471761,1.515320478
Ayam Goreng Tanpa Pelapis Kulit Dimakan,100 g,260,0,15.35,28.62,Lauk,0,0,0,0.110076923,0,0,1,0,1,0.329233466,-1.710248162,0.803905652,1.513091835,1.204283176
Daging Dada Dan Kulit Ayam Ayam Pedaging,100 g,172,0,9.25,20.85,Lauk,0,0,0,0.12122093,0,0,1,0,1,-0.242786634,-1.710248162,0.375835178,1.089002005,1.317075425
Dada Ayam Panggang Oven Bebas Lemak Iris,100 g,79,2.17,0.39,16.79,Lauk,0,0,0,0.212531646,1,1,1,0,1,-1.131216678,-1.183630239,-1.362019813,0.818083379,1.82396999
Ayam Cincang Buncis,100 g,144,19.23,3.69,9.23,Sayur,0,0,0,0.064097222,0,0,0,0,1,-0.466063878,0.087252218,-0.322000586,0.146765514,0.512729163
Ayam Potong Berbumbu,100 g,166.67,12.67,6,16,Lauk,0,0,0,0.09599808,0,0,0,0,1,-0.283292662,-0.236152685,0.032523265,0.759849875,1.035858063
Bakpao Ayam,100 g,239,41.9,2.61,12.46,Lauk,0,0,0,0.052133891,0,1,0,1,1,0.206324036,0.810467514,-0.550426051,0.469500823,0.249631427
Nasi Ayam Hainan,100 g,200,24,8,10,Lauk,0,0,0,0.05,0,0,0,0,0,-0.042840854,0.276503544,0.258128474,0.230238998,0.197935761
Hati Ayam Goreng,100 g,172,1.11,6.43,25.78,Lauk,0,0,0,0.149883721,0,0,1,0,1,-0.242786634,-1.388156808,0.085820646,1.369447354,1.542117786
Ayam Goreng Mcd Spicy,100 g,273,9.9,16.8,19,Lauk,0,0,0,0.06959707,0,0,1,0,1,0.401991683,-0.408155115,0.88272705,0.970907345,0.619856836
Ayam Bakar Kulit Tidak Dimakan,100 g,188,0,7.35,28.69,Lauk,0,0,0,0.152606383,0,0,1,0,1,-0.126058968,-1.710248162,0.190579515,1.516494032,1.559495258
Rolade Ayam,100 g,132.53,7.23,6.02,14.46,Lauk,0,0,0,0.109107372,0,0,1,0,1,-0.566010015,-0.607644106,0.035070851,0.639971602,1.193665309
Daging Burung Dara,100 g,142,0,7.5,17.5,Lauk,0,0,0,0.123239437,0,0,1,0,1,-0.483095397,-1.710248162,0.206603555,0.868721938,1.335801247
French Blackpepper Bento,100 g,162.07,22.07,4.14,8.97,Masakan,0,0,0,0.055346455,0,0,0,0,1,-0.318958726,0.203423384,-0.241429422,0.117471814,0.324619435
Ayam Balado,100 g,207,3,10,23,Lauk,0,0,0,0.111111111,0,0,1,0,1,0.004156805,-1.056419784,0.440024212,1.216815769,1.215460134
Opor Ayam,100 g,163,5.6,8.67,16.53,Lauk,0,0,0,0.101411043,0,0,1,0,1,-0.311693483,-0.754201808,0.323034462,0.799144797,1.104366621
Ayam Masak Merah,100 g,131,7.53,4.31,16.01,Lauk,0,0,0,0.12221374,0,0,1,0,1,-0.579776695,-0.583047064,-0.212738565,0.760600081,1.326347468
Ayam Ricarica,100 g,202,3.71,11.41,20.49,Lauk,0,0,0,0.101435644,0,0,1,0,1,-0.029301206,-0.9622095,0.550102647,1.066650232,1.104666833
Dada Ayam Goreng Ada Lapisan Kulit Tidak Dimakan,100 g,184,0,4.68,33.34,Lauk,0,0,0,0.181195652,0,0,1,0,1,-0.154592867,-1.710248162,-0.153217478,1.729645425,1.710055699
Dada Ayam Goreng Tanpa Pelapis Kulit Dimakan,100 g,216,0,9.1,31.67,Lauk,0,0,0,0.14662037,0,0,1,0,1,0.063032475,-1.710248162,0.362459433,1.655844492,1.520479068
Dada Ayam Kulit Tidak Dimakan,100 g,164,0,3.54,30.76,Lauk,0,0,0,0.187560976,0,0,1,0,1,-0.303912488,-1.710248162,-0.350510048,1.614382145,1.736869623
Ayam Geprek,100 g,263,7.6,17.99,17.61,Lauk,0,0,0,0.066958175,0,0,1,0,1,0.34623817,-0.577399309,0.942950786,0.876431036,0.569464815
Ayam Suwir,100 g,112,0,2.07,21.86,Lauk,0,0,0,0.195178571,0,1,1,0,1,-0.760525714,-1.710248162,-0.690561946,1.150212451,1.766310831
Mi Goreng Original,100 g,120,24,3.33,0,Masakan,0,0,0,0,0,0,0,1,0,-0.682085899,0.276503544,-0.391976285,-1.931501751,-1.592191924
Dada Ayam Panggang Atau Goreng Dilapisi Kulit,100 g,261,9.48,13.27,24.47,Lauk,0,0,0,0.093754789,0,0,1,0,1,0.334916354,-0.43695985,0.678280727,1.299146845,1.005982125
Paha Ayam Kulit Tidak Dimakan,100 g,207,0,10.79,25.72,Lauk,0,0,0,0.124251208,0,0,1,0,1,0.004156805,-1.710248162,0.503256359,1.366286816,1.345003575
Ayam Woku,100 g,117,0.68,5.14,16.11,Lauk,0,0,0,0.137692308,0,0,1,0,1,-0.711076685,-1.493340561,-0.084191198,0.768083273,1.456444382
Ayam Kuning,100 g,140,0,5,26,Lauk,0,0,0,0.185714286,0,0,1,0,1,-0.500289168,-1.710248162,-0.104660044,1.380988913,1.729306569
Dada Ayam Masak,100 g,110,0,1.24,23.09,Lauk,0,0,0,0.209909091,0,1,1,0,1,-0.780720775,-1.710248162,-0.960399081,1.221967951,1.816016423
Bubur Pedas,100 g,81,12.09,2.13,3.96,Masakan,0,0,0,0.048888889,1,1,0,0,0,-1.10605994,-0.269893246,-0.673873056,-0.617024706,0.17040253
Nasi Merah,100 g,110,22.78,0.89,2.56,Masakan,0,0,0,0.023272727,0,1,0,1,0,-0.780720775,0.230811497,-1.104340519,-0.928408819,-0.599957209
Nasi Padang,100 g,174.74,18.42,3.95,18.42,Masakan,0,0,0,0.105413758,0,0,0,0,1,-0.222292238,0.051937285,-0.274590818,0.932128992,1.15194513
Nasi,100 g,70,18,0,1,Masakan,0,0,0,0.014285714,1,1,0,1,0,-1.250025583,0.033198843,-1.634431737,-1.41866166,-0.944100781
Nasi Liwet,100 g,138,25.94,2.72,2.74,Masakan,0,0,0,0.019855072,0,1,0,1,0,-0.517649074,0.345903428,-0.524359015,-0.88351947,-0.725620058
Nasi Jagung,100 g,150,26.14,3.99,2.67,Masakan,0,0,0,0.0178,0,0,0,1,0,-0.415906136,0.352847248,-0.267509417,-0.900771758,-0.804205781
Nasi Basmati,100 g,121,25.22,0.38,3.54,Masakan,0,0,0,0.029256198,0,1,0,1,0,-0.672530681,0.320588174,-1.368033991,-0.702326897,-0.394219269
Nasi Kebuli,100 g,159,20.7,6.33,4.87,Masakan,0,0,0,0.030628931,0,0,0,0,0,-0.343143114,0.148777761,0.073694462,-0.449973069,-0.349442925
Nasi Goreng,100 g,168,21.06,6.23,6.3,Masakan,0,0,0,0.0375,0,0,0,0,0,-0.273104344,0.163376855,0.061408892,-0.224387457,-0.137973434
Nasi Daun Jeruk,100 g,183,33.83,3.55,3.16,Sayur,0,0,0,0.01726776,0,0,0,1,0,-0.161791579,0.595250487,-0.348581567,-0.784989712,-0.824940275
Ketupat,100 g,160,30.36,2.42,3.27,Masakan,0,0,0,0.0204375,0,1,0,1,0,-0.335231182,0.491310345,-0.597295702,-0.760474741,-0.703767021
Nasi Pecel,100 g,230,31.74,9.33,6.58,Masakan,0,0,0,0.028608696,0,0,0,0,0,0.151411323,0.533610588,0.382892496,-0.18433818,-0.415645332
Bubur Nasi,100 g,72,15.26,0.54,1.5,Masakan,0,0,0,0.020833333,1,1,0,1,0,-1.22277762,-0.097154199,-1.27645815,-1.236259672,-0.689019083
Hoka Hemat,100 g,103.25,11.75,3.75,5,Masakan,0,0,0,0.04842615,0,0,0,0,0,-0.850757268,-0.290185022,-0.310840507,-0.42779268,0.158809286
Perencah Nasi Goreng,100 g,233.33,33.33,6.67,6.67,Masakan,0,0,0,0.028586123,0,0,0,0,0,0.171895307,0.580756312,0.114297818,-0.171710575,-0.416395849
Kari Jepang,100 g,153,25.55,4.23,5.14,Masakan,0,0,0,0.033594771,0,0,0,1,0,-0.391332813,0.332253477,-0.226128913,-0.404321724,-0.255632917
Sumpia Udang Pedas,100 g,500,60,22.5,10,Lauk,1,0,0,0.02,0,0,0,0,0,1.406899323,1.202277553,1.142438093,0.230238998,-0.720165191
Mayonnaisetype Salad Dressing Light,100 g,158,16.4,10,0.65,Masakan,0,0,0,0.004113924,0,0,0,0,0,-0.351088639,-0.041098878,0.440024212,-1.568898063,-1.3915415
Raspberries Raw,100 g,52,11.94,0.65,1.2,Masakan,0,0,0,0.023076923,1,1,0,1,0,-1.522505027,-0.27879726,-1.218642417,-1.341844649,-0.606991625
Asparagus Raw,100 g,20,3.88,0.12,2.2,Masakan,0,0,0,0.11,1,1,1,1,1,-2.233920254,-0.941217925,-1.541115857,-1.023787109,1.203445722
Kimchi,100 g,15,2.4,0.5,1.1,Masakan,0,0,0,0.073333333,1,1,1,1,1,-2.405649283,-1.14614299,-1.298466925,-1.379539058,0.688160468
Nasi Ketan Ketan,100 g,97,21.09,0.19,2.02,Masakan,0,0,0,0.020824742,1,1,0,1,0,-0.918402731,0.164585537,-1.491010541,-1.074654562,-0.68933828
Multi Grain Mix,100 g,400,76,4,12,Masakan,0,0,0,0.03,0,0,0,1,0,1.013237671,1.482512491,-0.265747556,0.427518936,-0.369849143
Bakmi Mewah Rasa,100 g,460,64,20,10,Masakan,0,0,0,0.02173913,0,0,0,0,0,1.256464386,1.276972238,1.036912083,0.230238998,-0.655584474
Kwetiau,100 g,175,23.76,6.37,5.05,Masakan,0,0,0,0.028857143,0,0,0,0,0,-0.220358796,0.267646263,0.078563825,-0.419361593,-0.40740077
Mi Goreng Pedas,100 g,455.7,65.82,16.46,10.13,Masakan,0,0,0,0.022229537,0,0,0,0,0,1.239772857,1.309845428,0.864811631,0.243878478,-0.637663106
Bihun Goreng,100 g,152,18.26,5.68,5.91,Masakan,0,0,0,0.038881579,0,0,0,0,0,-0.399487575,0.044834211,-0.009214352,-0.282218277,-0.097879187
Mie Urai,100 g,364.29,73.57,1.43,15,Masakan,0,0,0,0.041175986,0,1,0,1,0,0.856533878,1.442892825,-0.891050075,0.683026646,-0.032995672
Gekikara Ramen Rasa Pedas,100 g,458.72,66.06,16.51,10.09,Masakan,0,0,0,0.021995989,0,0,0,0,0,1.251506818,1.314131159,0.867467084,0.239695019,-0.646182152
Rasa Soto,100 g,418.18,70.91,10.91,9.09,Masakan,0,0,0,0.021737051,0,0,0,1,0,1.089399275,1.39842213,0.512504565,0.131065169,-0.655660733
Japchae,100 g,369,75.22,6.21,0.67,Masakan,0,0,0,0.001815718,0,0,0,1,0,0.877780643,1.469896281,0.058932273,-1.559673715,-1.502143292
Mie Rebus,100 g,434.78,62.32,15.94,10.14,Masakan,0,0,0,0.02332214,0,0,0,0,0,1.157009724,1.246022993,0.836755105,0.244922508,-0.598185136
Mie Tek Tek,100 g,300,10,12,34,Masakan,0,0,0,0.113333333,0,0,1,0,1,0.545940358,-0.401417191,0.592646683,1.758040909,1.238967422
Mi Goreng Rasa Rendang,100 g,461.54,64.84,17.58,9.89,Masakan,0,0,0,0.021428262,0,0,0,0,0,1.26241661,1.292227266,0.92261982,0.218599276,-0.667010261
Mie Gelas Rasa Ayam Bawang,100 g,400,60,20,10,Lauk,0,0,0,0.025,0,0,0,0,0,1.013237671,1.202277553,1.036912083,0.230238998,-0.538750148
Soto Banjar,100 g,449.28,62.32,18.84,10.14,Masakan,0,0,0,0.022569444,0,0,0,0,0,1.214652583,1.246022993,0.98379494,0.244922508,-0.625315273
Omelet Mie,100 g,138,24.43,2.03,4.48,Masakan,0,0,0,0.032463768,0,1,0,1,0,-0.517649074,0.292218085,-0.701862206,-0.518899007,-0.290941665
Mie Sagu,100 g,190,46.41,0.34,0.22,Masakan,0,0,0,0.001157895,0,1,0,1,0,-0.11194535,0.918022167,-1.392515352,-1.792267797,-1.534491229
Mie Lidi Coklat,100 g,444.44,71.11,13.33,11.11,Masakan,0,0,0,0.02499775,0,0,0,1,0,1.195553572,1.401807353,0.68214356,0.342885433,-0.5388289
Mie Goreng Jumbo,100 g,465.12,61.24,20.16,9.3,Masakan,0,0,0,0.01999484,0,0,0,0,0,1.276201866,1.225807617,1.044017125,0.154552874,-0.72035921
Rasa Soto Mie,100 g,428.57,65.71,14.29,10,Masakan,0,0,0,0.023333411,0,0,0,1,0,1.131924716,1.30787736,0.741929799,0.230238998,-0.597781096
Rasa Ayam,100 g,422.22,71.11,11.11,6.67,Lauk,0,0,0,0.015797452,0,0,0,1,0,1.106018667,1.401807353,0.527721852,-0.171710575,-0.883052306
Bubur Sapi,100 g,24,2.4,0,3.2,Lauk,0,0,0,0.133333333,1,1,1,0,1,-2.115631395,-1.14614299,-1.634431737,-0.776017274,1.422405871
Mie,100 g,137,25.01,2.06,4.51,Masakan,0,0,0,0.032919708,0,1,0,1,0,-0.526392581,0.31310862,-0.693373741,-0.513463407,-0.276639512
Mie Telur Ditambah Masak,100 g,138,25.16,2.07,4.54,Lauk,0,0,0,0.032898551,0,1,0,1,0,-0.517649074,0.318455656,-0.690561946,-0.508050858,-0.277301141
Mi Goreng,100 g,475,61.25,21.25,9,Masakan,0,0,0,0.018947368,0,0,0,0,0,1.313877456,1.225995972,1.091094419,0.120882075,-0.760044363
Bakmi,100 g,169,25.06,4.88,6.34,Masakan,0,0,0,0.037514793,0,0,0,0,0,-0.265479696,0.314893472,-0.122571939,-0.218593519,-0.137539981
Mie Goreng,100 g,477.78,63.33,21.11,10,Masakan,0,0,0,0.020930135,0,0,0,0,0,1.324382786,1.264700535,1.08517294,0.230238998,-0.685425178
Ayam Bakar,100 g,372,7.14,30.95,17.57,Lauk,0,0,0,0.047231183,0,0,1,0,0,0.891218194,-0.615151296,1.433230195,0.873631853,0.128521946
Mie Jebew,100 g,208,25.06,10.12,5.36,Masakan,0,0,0,0.025769231,0,0,0,0,0,0.010782807,0.314893472,0.449903751,-0.36826909,-0.511974695
Mie Telur Kering,100 g,384,71.27,4.44,14.16,Lauk,0,0,0,0.036875,0,0,0,1,0,0.944247381,1.404510575,-0.191385674,0.615542597,-0.156369832
Mie Aceh,100 g,116,17.96,3.58,3.34,Masakan,0,0,0,0.028793103,0,0,0,1,0,-0.720851225,0.031398438,-0.342820369,-0.745129834,-0.409523087
Bihun Panjang,100 g,84,20.66,0.01,0.04,Masakan,0,0,0,0.00047619,1,1,0,1,0,-1.069093272,0.1471447,-1.626256687,-1.904518566,-1.568343698
Cap Ayam,100 g,358.21,76.12,0,10.45,Lauk,0,0,0,0.029172832,0,1,0,1,0,0.82883066,1.484445116,-1.634431737,0.276930435,-0.396966834
Mie Glosor,100 g,72,15.71,0.86,0.27,Masakan,0,0,0,0.00375,1,1,0,1,0,-1.22277762,-0.074692957,-1.117842349,-1.763398679,-1.408809012
Ikan Kembung Balado,100 g,163,2,7.37,21.13,Lauk,1,0,0,0.129631902,0,0,1,0,1,-0.311693483,-1.212641797,0.192731899,1.106188821,1.391957511
Daging Sapi Top Sirloin Hanya Bagian Yang Tanpa Lemak Diiris Hingga Cm Lemak Kualitas Tinggi,100 g,131,0,4.08,22.09,Lauk,0,0,0,0.168625954,0,0,1,0,1,-0.579776695,-1.710248162,-0.251772878,1.163855442,1.650449769
Daging Punggung Sapi Hanya Bagian Tanpa Lemak Yang Dimakan,100 g,230,0,11.53,29.63,Lauk,0,0,0,0.128826087,0,0,1,0,1,0.151411323,-1.710248162,0.558910267,1.561584979,1.385132966
Calzone Dengan Daging Dan Keju,100 g,348,30.9,18.12,14.62,Lauk,0,0,1,0.042011494,0,0,0,0,0,0.78158533,0.508022157,0.949309523,0.652849435,-0.009884109
Ikan,100 g,84,0,0.92,17.76,Lauk,1,0,0,0.211428571,1,1,1,0,1,-1.069093272,-1.710248162,-1.091042278,0.886886328,1.820655352
Ikan Tongkol Goreng,100 g,200,2.38,11.41,20.95,Lauk,1,0,0,0.10475,0,0,1,0,1,-0.042840854,-1.149327564,0.550102647,1.095159784,1.14422913
Ikan Kembung,100 g,167,0,9.36,19.32,Lauk,1,0,0,0.115688623,0,0,1,0,1,-0.280759638,-1.710248162,0.385525511,0.991927865,1.263143196
Ikan Mujair Goreng,100 g,169,2.22,6.92,24.55,Lauk,1,0,0,0.145266272,0,0,1,0,1,-0.265479696,-1.175315138,0.143068599,1.303519947,1.511232145
Potongan Daging Babi Panggang,100 g,240,0,13.8,27.09,Lauk,0,0,0,0.112875,0,0,1,0,1,0.212338755,-1.710248162,0.71187765,1.437112795,1.234175201
Ikan Panggang,100 g,126,0.33,3.44,21.94,Lauk,1,0,0,0.174126984,0,0,1,0,1,-0.625534631,-1.594733904,-0.370021648,1.154969941,1.677689054
Ikan Layang,100 g,112,0,1.75,22.72,Lauk,1,0,0,0.202857143,0,1,1,0,1,-0.760525714,-1.710248162,-0.785210727,1.200689717,1.793331753
Gulai Ikan,100 g,100,1.9,4.59,12.4,Lauk,1,0,0,0.124,1,0,1,0,1,-0.885578897,-1.230275049,-0.16734639,0.464089054,1.342730089
Ikan Tongkol,100 g,110,0,0.92,23.87,Lauk,1,0,0,0.217,0,1,1,0,1,-0.780720775,-1.710248162,-1.091042278,1.266002201,1.836954413
Ikan Tongkol Asampadeh,100 g,119,6.1,3.5,15.7,Lauk,1,0,0,0.131932773,0,0,1,0,1,-0.691694801,-0.706663571,-0.358264848,0.737181838,1.411055988
Ikan Bandeng Goreng,100 g,233,2.38,16.4,18.08,Lauk,1,0,0,0.077596567,0,0,1,0,1,0.169874207,-1.149327564,0.861615463,0.908974696,0.761959501
Ikan Cakalang,100 g,132,0,1.29,28.21,Lauk,1,0,0,0.213712121,0,1,1,0,1,-0.570766702,-1.710248162,-0.941618866,1.493037673,1.827468612
Kakap Ikan Spesies Campuran,100 g,100,0,1.34,20.51,Lauk,1,0,0,0.2051,1,1,1,0,1,-0.885578897,-1.710248162,-0.923227094,1.067899634,1.800758409
Potongan Daging Babi,100 g,250,0,14.57,27.91,Lauk,0,0,0,0.11164,0,0,1,0,1,0.271575617,-1.710248162,0.758691165,1.478224239,1.22111744
Daging Rusa Besar,100 g,111,0,1.45,22.95,Lauk,0,0,0,0.206756757,0,1,1,0,1,-0.770592685,-1.710248162,-0.884054711,1.213946926,1.806115723
Daging Sapi Cincang,100 g,167.86,25,5,6.07,Lauk,0,0,0,0.036161087,0,0,0,0,0,-0.274174233,0.312751347,-0.104660044,-0.258192149,-0.177583084
Potongan Daging Domba Hanya Daging Yang Dimakan,100 g,215,0,10.48,28.17,Lauk,0,0,0,0.131023256,0,0,1,0,1,0.056573456,-1.710248162,0.478941621,1.49106943,1.403574477
Daging Domba,100 g,292,0,20.77,24.32,Lauk,0,0,0,0.083287671,0,0,1,0,1,0.504234591,-1.710248162,1.070641448,1.290918299,0.854042103
Daging Analog Cincang,100 g,375,37.5,0,52.5,Lauk,0,0,0,0.14,0,1,0,0,1,0.904582679,0.69721889,-1.634431737,2.422759745,1.473705464
Irisan Daging Babi Ekstra Tanpa Lemak,100 g,110,2.63,2.86,17.28,Lauk,0,0,0,0.157090909,0,1,1,0,1,-0.780720775,-1.110472222,-0.492229666,0.853195771,1.586839254
Daging Kambing Goreng,100 g,153,0,4.52,26.46,Lauk,0,0,0,0.172941176,0,0,1,0,1,-0.391332813,-1.710248162,-0.178486888,1.404886045,1.671974679
Ikan Tuna,100 g,108,0,0.95,23.38,Lauk,1,0,0,0.216481481,0,1,1,0,1,-0.80116404,-1.710248162,-1.077941447,1.23846787,1.835483296
Bakso Tanpa Daging,100 g,197,8,9,21,Lauk,0,0,0,0.106598985,0,0,1,0,1,-0.063322635,-0.545757476,0.353436225,1.098230466,1.165555393
Daging Babi Pinggang Bagian Atas Tanpa Tulang,100 g,144,0,5.89,21.35,Lauk,0,0,0,0.148263889,0,0,1,0,1,-0.466063878,-1.710248162,0.01838578,1.119574066,1.531489573
Daging Isi Tortelini,100 g,193,17.36,7.65,12.64,Lauk,0,0,0,0.065492228,0,0,0,0,1,-0.090961568,0.004051952,0.222359194,0.485623939,0.540672439
Salad Pasta Atau Makaroni Dengan Daging,100 g,172,17.94,8.15,6.66,Lauk,0,0,0,0.03872093,0,0,0,0,0,-0.242786634,0.030497191,0.27305221,-0.173107913,-0.10250125
Daging Analog Irisan,100 g,350,30,2.5,52.5,Lauk,0,0,0,0.15,0,1,0,0,1,0.790913138,0.480051519,-0.577264696,2.422759745,1.542872319
Daging Menjanganrusa Yang Diawetkan,100 g,187,0,4.08,35.11,Lauk,0,0,0,0.187754011,0,0,1,0,1,-0.133153768,-1.710248162,-0.251772878,1.804868214,1.737650284
Makarel,100 g,128.57,4.29,2.14,22.86,Masakan,0,0,0,0.177801976,0,1,1,0,1,-0.601865497,-0.892711934,-0.671121381,1.208771207,1.694871402
Ikan Bawal Goreng,100 g,113,0,2.69,20.78,Lauk,1,0,0,0.183893805,0,1,1,0,1,-0.750518955,-1.710248162,-0.531394269,1.084678459,1.721680004
Ikan Bandeng,100 g,148,0,6.73,20.53,Lauk,1,0,0,0.138716216,0,0,1,0,1,-0.432472786,-1.710248162,0.121283796,1.06914813,1.464166299
Ikan Selar,100 g,100,0,2.21,18.76,Lauk,1,0,0,0.1876,1,1,1,0,1,-0.885578897,-1.710248162,-0.652091281,0.954969,1.737027593
Ikan Lemuru,100 g,112,0,2.98,20,Lauk,1,0,0,0.178571429,0,1,1,0,1,-0.760525714,-1.710248162,-0.465565887,1.035752511,1.698370502
Ikan Kuwe,100 g,74,0,2.42,12.2,Lauk,1,0,0,0.164864865,1,1,1,0,1,-1.196031136,-1.710248162,-0.597295702,0.445912124,1.630715372
Pepes Tongkol,100 g,105,7.1,1.27,15.93,Masakan,1,0,0,0.151714286,0,1,1,0,1,-0.832311242,-0.618507378,-0.949083403,0.754588764,1.553867604
Olahan Ikan,100 g,150,27,3.5,3,Lauk,1,0,0,0.02,0,0,0,1,0,-0.415906136,0.382285014,-0.358264848,-0.821567311,-0.720165191
Ikan Belanak,100 g,117,0,3.79,19.35,Lauk,1,0,0,0.165384615,0,0,1,0,1,-0.711076685,-1.710248162,-0.303475169,0.99388526,1.633498337
Ikan Shisamo,100 g,165,0,8.37,21.14,Lauk,1,0,0,0.128121212,0,0,1,0,1,-0.296163396,-1.710248162,0.294522119,1.10679949,1.379104488
Pepes Ikan Mas,100 g,98,0.16,4.63,13.21,Lauk,1,0,0,0.134795918,1,0,1,0,1,-0.907386696,-1.651225414,-0.161040193,0.535608388,1.434041068
Nila Bakar,100 g,130,0.6,3.05,25.38,Masakan,0,0,0,0.195230769,0,0,1,0,1,-0.588833079,-1.515041121,-0.450365194,1.348271715,1.766503216
Sardines In Tomato Sauce,100 g,171.43,1.43,11.43,15.71,Masakan,0,0,0,0.091640903,0,0,1,0,1,-0.247077671,-1.319705654,0.551576229,0.73794254,0.976996019
Tuna Sirip Biru Ikan,100 g,144,0,4.9,23.33,Lauk,1,0,0,0.162013889,0,0,1,0,1,-0.466063878,-1.710248162,-0.119562465,1.235634026,1.615121942
Ikan Todak Masak,100 g,177,0.49,8.23,23.8,Lauk,1,0,0,0.134463277,0,0,1,0,1,-0.205550513,-1.546218803,0.280916058,1.262094799,1.431414109
Ikan Asin,100 g,195,0,1.59,42.16,Lauk,1,0,0,0.216205128,0,1,1,0,1,-0.077094303,-1.710248162,-0.836564875,2.078593009,1.834695478
Nila Ikan,100 g,96,0,1.7,20.08,Lauk,1,0,0,0.209166667,1,1,1,0,1,-0.929495235,-1.710248162,-0.800944743,1.040835208,1.813718598
Ikan Bawal,100 g,84,0,1.22,17.21,Lauk,1,0,0,0.204880952,1,1,1,0,1,-1.069093272,-1.710248162,-0.968023735,0.848225045,1.800041985
Ikan Mujair,100 g,88,0,1.34,18.66,Lauk,1,0,0,0.212045455,1,1,1,0,1,-1.021155579,-1.710248162,-0.923227094,0.948283402,1.822514476
Ikan Pindang,100 g,157,0,2.8,28,Lauk,1,0,0,0.178343949,0,1,1,0,1,-0.359068113,-1.710248162,-0.505860521,1.482680818,1.697339519
Ikan Kuah Kuning,100 g,116,3.15,2.63,19.16,Lauk,1,0,0,0.165172414,0,1,1,0,1,-0.720851225,-1.035550011,-0.54563054,0.98145016,1.632364316
Ikan Patin,100 g,89,0,2.96,14.91,Lauk,1,0,0,0.16752809,1,1,1,0,1,-1.009400232,-1.710248162,-0.469955953,0.675930387,1.644785274
Ikan Kerapu,100 g,92,0,1.02,19.38,Lauk,1,0,0,0.210652174,1,1,1,0,1,-0.974657041,-1.710248162,-1.048107884,0.995840405,1.818295692
Ikan Salem,100 g,158,0,7.89,20.07,Lauk,1,0,0,0.127025316,0,0,1,0,1,-0.351088639,-1.710248162,0.24703232,1.040200695,1.369621475
Irisan Daging Babi Biasa,100 g,163,3.83,8.6,16.6,Lauk,0,0,0,0.101840491,0,0,1,0,1,-0.311693483,-0.947335487,0.316458087,0.804265099,1.109593281
Ikan Mas,100 g,87,0,2.08,16.01,Lauk,1,0,0,0.184022989,1,1,1,0,1,-1.033000809,-1.710248162,-0.687758903,0.760600081,1.722226872
Ikan Gurame Asam Manis,100 g,194,12.44,10.16,12.54,Lauk,1,0,0,0.064639175,0,0,0,0,1,-0.084015884,-0.249404526,0.453174265,0.476687301,0.523648753
Ikan Tenggiri,100 g,121,0,3.3,21.4,Lauk,1,0,0,0.176859504,0,0,1,0,1,-0.672530681,-1.710248162,-0.398056575,1.122601815,1.690539607
Ikan Putih,100 g,172,0,7.51,24.47,Lauk,1,0,0,0.142267442,0,0,1,0,1,-0.242786634,-1.710248162,0.207662179,1.299146845,1.490174069
Ikan Todak,100 g,121,0,4.01,19.8,Lauk,1,0,0,0.163636364,0,0,1,0,1,-0.672530681,-1.710248162,-0.263989065,1.022979322,1.624064661
Lele Goreng,100 g,105,0,2.85,18.47,Lauk,1,0,0,0.175904762,0,1,1,0,1,-0.832311242,-1.710248162,-0.49448733,0.935507293,1.68609928
Ikan Wader,100 g,84,0,2.27,14.88,Lauk,1,0,0,0.177142857,1,1,1,0,1,-1.069093272,-1.710248162,-0.636093289,0.673558005,1.691847303
Kari Daging Sapi,100 g,184,5.8,12.96,11.69,Lauk,0,0,0,0.063532609,0,0,1,0,1,-0.154592867,-0.73487973,0.658071726,0.398568095,0.501265994
Daging Sapi Panggang,100 g,267,0,17.32,25.91,Lauk,0,0,0,0.097041199,0,0,1,0,1,0.368708541,-1.710248162,0.909503322,1.37627627,1.049447865
Sapi Iris Mercon,100 g,386.25,3.75,25,35,Lauk,0,0,0,0.090614887,0,0,1,0,1,0.954065153,-0.957220925,1.237720912,1.800278235,0.96262791
Sumsum Sapi,100 g,786,0,84.4,6.7,Lauk,0,0,0,0.008524173,0,0,1,0,0,2.297608429,-1.710248162,2.390143921,-0.167527077,-1.189402921
Koyor Sapi,100 g,146,0,0.62,34.6,Lauk,0,0,0,0.236986301,0,1,1,0,1,-0.449190875,-1.710248162,-1.234035613,1.783494565,1.887226034
Babat Sapi,100 g,94,1.99,4.05,11.71,Lauk,0,0,0,0.124574468,1,0,1,0,1,-0.951914992,-1.214385545,-0.256988534,0.400452452,1.347918223
Daging Sapi Giling,100 g,276,0,18.58,25.35,Lauk,0,0,0,0.091847826,0,0,1,0,1,0.418448207,-1.710248162,0.971482141,1.346673463,0.979869821
Sapi Ala Jepang,100 g,255.56,6.67,16.67,17.78,Lauk,0,0,0,0.069572703,0,0,1,0,1,0.303821621,-0.655376586,0.875916028,0.888275432,0.619399826
Gulai Daging Sapi,100 g,109,3.02,4.63,13.2,Lauk,0,0,0,0.121100917,0,0,1,0,1,-0.79091091,-1.053604334,-0.161040193,0.534745073,1.315946433
Dendeng Daging Sapi,100 g,410,11,25.6,33.2,Lauk,0,0,0,0.08097561,0,0,0,0,1,1.055413656,-0.336391161,1.259280857,1.723567457,0.817487539
Punggung Sapi,100 g,342,0,26.15,24.84,Lauk,0,0,0,0.072631579,0,0,1,0,1,0.753382647,-1.710248162,1.278639084,1.31928339,0.675596164
Paru Sapi,100 g,92,0,2.5,16.2,Lauk,0,0,0,0.176086957,1,1,1,0,1,-0.974657041,-1.710248162,-0.577264696,0.774789014,1.686950715
Usus Sapi,100 g,130,1.5,7.2,14,Lauk,0,0,0,0.107692308,0,0,1,0,1,-0.588833079,-1.305624528,0.174277554,0.602359153,1.177922308
Daging Sapi Sirloin Atas Diiris Hingga Cm Lemak Kelas Tinggi,100 g,214,0,14.28,19.92,Lauk,0,0,0,0.093084112,0,0,1,0,1,0.050094134,-1.710248162,0.74132576,1.030654678,0.996874461
Kornet Daging Punggung Sapi Diawetkan,100 g,198,0.14,14.9,14.68,Lauk,0,0,0,0.074141414,0,0,1,0,1,-0.056472143,-1.658263028,0.778079149,0.657652082,0.702480148
Abon Sapi,100 g,480,52,20,16,Lauk,0,0,0,0.033333333,0,0,0,0,0,1.332742278,1.041375329,1.036912083,0.759849875,-0.263744484
Kwetiau Goreng,100 g,210,26,9,7,Masakan,0,0,0,0.033333333,0,0,0,0,0,0.02397061,0.347990533,0.353436225,-0.12637661,-0.263744484
Kulit Ayam,100 g,454,0,40.68,20.36,Lauk,0,0,0,0.044845815,0,0,1,0,0,1.233144494,-1.710248162,1.688013105,1.058506916,0.066526871
Usus Ayam Goreng,100 g,345,19.84,21.69,17.78,Lauk,0,0,0,0.051536232,0,0,0,0,1,0.767525431,0.113168726,1.10947532,0.888275432,0.235307197
Paha Ayam Panggang,100 g,245,0,15.36,24.85,Lauk,0,0,0,0.101428571,0,0,1,0,1,0.24216125,-1.710248162,0.804471813,1.319824489,1.104580539
Ayam Atau Kalkun Manis Dan Asam,100 g,89,11.23,2.43,6.09,Lauk,0,0,0,0.068426966,1,1,0,0,1,-1.009400232,-0.322001387,-0.594767445,-0.255218813,0.597737574
Ayam Kukus Jahe,100 g,193,2.1,10.06,22.12,Lauk,0,0,0,0.114611399,0,0,1,0,1,-0.090961568,-1.195434542,0.444976806,1.165627132,1.252178921
Sosis Ayam,100 g,213.33,20,10.67,9.33,Lauk,0,0,0,0.043735058,0,0,0,0,0,0.04574155,0.119874219,0.493917616,0.157877672,0.036943581
Sapi Iris Limau,100 g,400,11.25,32.5,16.25,Lauk,0,0,0,0.040625,0,0,0,0,0,1.013237671,-0.320759512,1.478419124,0.778502599,-0.048386231
Kornet Daging Ayam,100 g,140,10,7,10,Lauk,0,0,0,0.071428571,0,0,1,0,1,-0.500289168,-0.401417191,0.152091854,0.230238998,0.653775117
Daging Ayam Panggang,100 g,111,0,2.7,20.33,Lauk,0,0,0,0.183153153,0,1,1,0,1,-0.770592685,-1.710248162,-0.52904312,1.056622198,1.718527684
Usus Ayam,100 g,94,0,2.06,17.66,Lauk,0,0,0,0.18787234,1,1,1,0,1,-0.951914992,-1.710248162,-0.693373741,0.879923419,1.738127909
Daging Paha Ayam Ayam Pedaging,100 g,119,0,3.91,19.65,Lauk,0,0,0,0.16512605,0,0,1,0,1,-0.691694801,-1.710248162,-0.281727203,1.01333637,1.632116144
Daging Sapi,100 g,288,0,19.54,26.33,Lauk,0,0,0,0.091423611,0,0,1,0,1,0.483091736,-1.710248162,1.016192672,1.398164381,0.97396961
Daging Sapi Tanpa Lemak,100 g,137,0,5,21.41,Lauk,0,0,0,0.156277372,0,0,1,0,1,-0.526392581,-1.710248162,-0.104660044,1.123206731,1.581993553
Rendang,100 g,195,4.49,11.07,19.68,Masakan,0,0,0,0.100923077,0,0,1,0,1,-0.077094303,-0.870046283,0.524697736,1.015269325,1.098391403
Semur Daging,100 g,141,4.34,8,12.7,Lauk,0,0,0,0.090070922,0,0,1,0,1,-0.491671762,-0.886987374,0.258128474,0.490961402,0.954929641
Daging Sapi Tenderloin Diiris Hingga Cm Lemak,100 g,247,0,18.16,19.61,Lauk,0,0,0,0.079392713,0,0,1,0,1,0.253975197,-1.710248162,0.951257734,1.010755686,0.79179264
Daging Sapi Top Loin Diiris Hingga Cm Lemak,100 g,228,0,15.49,20.61,Lauk,0,0,0,0.090394737,0,0,1,0,1,0.13901225,-1.710248162,0.811801909,1.074133081,0.959519093
Limpa Sapi,100 g,105,0,3,18.3,Lauk,0,0,0,0.174285714,0,1,1,0,1,-0.832311242,-1.710248162,-0.461196885,0.923993282,1.678447572
Kailan Sapi,100 g,104,5,6,8,Lauk,0,0,0,0.076923077,0,0,1,0,1,-0.842826322,-0.814871585,0.032523265,0.002625828,0.750584066
Lidah Sapi,100 g,224,3.68,16.09,14.9,Lauk,0,0,0,0.066517857,0,0,1,0,1,0.113992126,-0.965971362,0.844932004,0.675139981,0.560877476
Enchilada Dengan Daging Sapi Dan Keju,100 g,202,15.78,11.37,10.02,Lauk,0,0,1,0.04960396,0,0,0,0,0,-0.029301206,-0.071238994,0.547148651,0.232345541,0.188170885
Enchilada Dengan Daging Sapi,100 g,187,17.99,8.7,10.02,Lauk,0,0,0,0.053582888,0,0,0,0,1,-0.133153768,0.032749003,0.325838971,0.232345541,0.283869057
Daging Sapi Top Sirloin Diiris Hingga Cm Lemak,100 g,189,0,11.13,20.68,Lauk,0,0,0,0.109417989,0,0,1,0,1,-0.11898957,-1.710248162,0.529230327,1.07848311,1.197081792
Empal Daging,100 g,212,7.47,10.29,22.31,Lauk,0,0,0,0.105235849,0,0,1,0,1,0.037073943,-0.587915118,0.463726486,1.176806358,1.149883649
Oseng Mercon Daging,100 g,293.33,10.67,22.67,10.67,Lauk,0,0,0,0.036375413,0,0,0,0,0,0.511221223,-0.357394977,1.149217952,0.299237751,-0.171192067
Daging,100 g,287,0,19.29,26.41,Lauk,0,0,0,0.092020906,0,0,1,0,1,0.47777506,-1.710248162,1.004745079,1.402303735,0.982267477
Potongan Daging Domba Daging Dan Lemak Dimakan,100 g,314,0,24.37,22.03,Lauk,0,0,0,0.070159236,0,0,1,0,1,0.617152623,-1.710248162,1.214564283,1.160306664,0.630358394
Daging Babi,100 g,271,0,17.04,27.34,Lauk,0,0,0,0.100885609,0,0,1,0,1,0.390952694,-1.710248162,0.895177092,1.449744937,1.097930995
Daging Domba Panggang,100 g,266,0,18.15,23.93,Lauk,0,0,0,0.089962406,0,0,1,0,1,0.363112378,-1.710248162,0.950771047,1.269344576,0.953387162
Soyburger Tanpa Daging,100 g,179,13.4,5.97,17.91,Lauk,0,0,0,0.100055866,0,0,0,0,1,-0.190854596,-0.195147201,0.028688793,0.897276571,1.087676028
Kornet Daging Sapi,100 g,160,8,9,12,Lauk,0,0,0,0.075,0,0,1,0,1,-0.335231182,-0.545757476,0.353436225,0.427518936,0.717522852
Enchilada Dengan Keju Dan Daging Sapi,100 g,168,15.87,9.19,6.21,Lauk,0,0,1,0.036964286,0,0,0,0,0,-0.273104344,-0.066813679,0.370507506,-0.237514991,-0.15373182
Sapi Panggang,100 g,533.33,53.33,30,6.67,Lauk,0,0,0,0.012506328,0,0,0,0,0,1.526144097,1.069306479,1.404484847,-0.171710575,-1.017687008
Daging Sapi Top Sirloin Hanya Bagian Yang Tanpa Lemak Diiris Hingga Cm Lemak,100 g,127,0,3.54,22.27,Lauk,0,0,0,0.175354331,0,0,1,0,1,-0.616286599,-1.710248162,-0.350510048,1.174458764,1.683515223
Rolade Sapi,100 g,156.63,9.64,7.23,12.05,Lauk,0,0,0,0.076932899,0,0,1,0,1,-0.362029194,-0.425888468,0.177560654,0.432137829,0.750750717
Daging Sapi Muda,100 g,229,0,11.3,29.85,Lauk,0,0,0,0.130349345,0,0,1,0,1,0.145220923,-1.710248162,0.54195709,1.57198188,1.397973889
Mie Gelas Rasa Baso Sapi,100 g,428.57,64.29,14.29,10.71,Lauk,0,0,0,0.024990083,0,0,0,1,0,1.131924716,1.282255112,0.741929799,0.303258296,-0.539097255
Sosis Sapi,100 g,133.33,3.33,3.33,23.33,Lauk,0,0,0,0.174979374,0,0,1,0,1,-0.558854291,-1.011224306,-0.391976285,1.235634026,1.681744771
Daging Sapi Top Sirloin Diiris Hingga Cm Lemak Kualitas Menengah,100 g,201,0,12.71,20.3,Lauk,0,0,0,0.100995025,0,0,1,0,1,-0.03605967,-1.710248162,0.641458784,1.05473541,1.099274857
Pepaya,100 g,39,9.81,0.14,0.61,Buah,0,0,0,0.015641026,1,1,1,1,0,-1.761601174,-0.414258124,-1.526500886,-1.587611754,-0.889307653
Hati Sapi,100 g,165,0.15,4.73,28.48,Lauk,0,0,0,0.172606061,0,0,1,0,1,-0.296163396,-1.654732999,-0.145460397,1.506268572,1.670344368
Daging Sapi Luncheon,100 g,200,10,12,10,Lauk,0,0,0,0.05,0,0,1,0,0,-0.042840854,-0.401417191,0.592646683,0.230238998,0.197935761
Sozzis Sapi,100 g,180,18,7,10,Lauk,0,0,0,0.055555556,0,0,0,0,1,-0.183548121,0.033198843,0.152091854,0.230238998,0.32938521
Daging Sapi Ekstra Tanpa Lemak,100 g,248,0,15.35,25.71,Lauk,0,0,0,0.103669355,0,0,1,0,1,0.259857962,-1.710248162,0.803905652,1.365759521,1.13152068
Daging Sapi Panggang Hanya Bagian Tanpa Lemak Yang Dimakan,100 g,198,0,8.52,28.32,Lauk,0,0,0,0.143030303,0,0,1,0,1,-0.056472143,-1.710248162,0.308885793,1.498439515,1.495607929
Rasa Baso Sapi,100 g,467.53,63.64,19.48,9.09,Lauk,0,0,0,0.019442603,0,0,0,0,0,1.285441511,1.270390082,1.013457461,0.131065169,-0.741207148
Daging Sapi Asap Diawetkan,100 g,146,0,5.82,21.8,Lauk,0,0,0,0.149315068,0,0,1,0,1,-0.449190875,-1.710248162,0.009276282,1.146635798,1.538411661
Kacang Mede Asin,100 g,625,27.5,47.5,20,Snack,0,1,0,0.032,0,0,0,0,0,1.830024775,0.399096256,1.834552054,1.035752511,-0.305584625
Kacang Emas,100 g,491,60.26,24.6,7.15,Snack,0,1,0,0.014562118,0,0,0,0,0,1.373781787,1.20724015,1.223081435,-0.106251553,-0.932839003
Kacang Almond Lapis Madu,100 g,600,24,48,24,Snack,0,1,0,0.04,0,0,0,0,0,1.750319524,0.276503544,1.844504357,1.273236087,-0.065989347
Choco Pillow,100 g,450,70,15,10,Snack,0,0,0,0.022222222,0,0,0,1,0,1.21748185,1.382931583,0.783878293,0.230238998,-0.637929491
Oatmeal,100 g,416.67,63.89,13.89,11.11,Masakan,0,0,0,0.026663787,0,0,0,1,0,1.083159698,1.274963867,0.717468143,0.342885433,-0.481204651
Oatmeal Muesli,100 g,450,72.5,12.5,7.5,Masakan,0,0,0,0.016666667,0,0,0,1,0,1.21748185,1.425146377,0.62727829,-0.060393685,-0.84854898
Kacang Kulit,100 g,600,16,48,32,Snack,0,1,0,0.053333333,0,0,0,0,1,1.750319524,-0.060452027,1.844504357,1.670657622,0.278021555
Krupuk Bawang,100 g,266.67,3.33,23.33,10,Masakan,0,0,0,0.037499531,0,0,1,0,0,0.366863375,-1.011224306,1.175105384,0.230238998,-0.137987171
Kerupuk Goreng Pasir,100 g,357,83.52,1.78,1.46,Snack,0,0,0,0.004089636,0,1,0,1,0,0.823279499,1.599582294,-0.775901233,-1.249745717,-1.392691075
Kerupuk Ikan,100 g,520,64,28,4,Snack,1,0,0,0.007692308,0,0,0,0,0,1.479075749,1.276972238,1.341105948,-0.609198585,-1.226544365
Kerupuk Seblak,100 g,561,54,36,6,Snack,0,0,0,0.010695187,0,0,0,0,0,1.621363613,1.08318746,1.573508334,-0.268650804,-1.094557866
Kerupuk Mie Kuning,100 g,475,69.73,20.77,0.49,Snack,0,0,0,0.001031579,0,0,0,0,0,1.313877456,1.378307487,1.070641448,-1.646020253,-1.54073842
Kerupuk Kulit Sapi,100 g,350,0.02,4.19,80.12,Snack,0,0,0,0.228914286,0,0,1,0,1,0.790913138,-1.702507498,-0.232897776,3.137803903,1.868353488
Opak,100 g,365,74.9,3.63,5.95,Masakan,0,0,0,0.01630137,0,0,0,1,0,0.859748522,1.464692998,-0.333298162,-0.276171363,-0.86299671
Kacang Panggang Boston,100 g,155,22.04,5.06,6.04,Snack,0,1,0,0.038967742,0,0,0,0,0,-0.375130357,0.202252603,-0.095832291,-0.262664487,-0.095404482
Buncis,100 g,31,7.13,0.12,1.82,Sayur,0,0,0,0.058709677,1,1,1,1,1,-1.936371773,-0.615989181,-1.541115857,-1.134029175,0.399621873
Kacang Koro Kupas,100 g,435,47.9,14.78,27.61,Snack,0,1,0,0.063471264,0,0,0,0,1,1.157893947,0.951901994,0.771073919,1.463290328,0.500015162
Kacang Medan,100 g,560,43,34,19,Snack,0,1,0,0.033928571,0,0,0,0,0,1.617978383,0.837438149,1.520283794,0.970907345,-0.245319781
Kacang Koro Broad Beans,100 g,500,57.14,14.29,21.43,Snack,0,1,0,0.04286,0,0,0,0,0,1.406899323,1.146637318,0.741929799,1.124415932,0.013310747
Sari Roti Sandwich Kacang,100 g,346.94,42.86,14.29,12.24,Snack,0,1,0,0.035279875,0,0,0,0,0,0.776626893,0.834033187,0.741929799,0.449564624,-0.20406448
Mix Nuts Aneka Kacang,100 g,500,33.33,40,23.33,Snack,0,1,0,0.04666,0,0,0,0,0,1.406899323,0.580756312,1.672164082,1.235634026,0.113865083
Sukro Kacang Bersalut Bbq,100 g,444.44,66.67,19.44,5.56,Snack,0,1,0,0.012510125,0,0,0,1,0,1.195553572,1.32497365,1.011629723,-0.336329128,-1.017527961
Natto,100 g,212,14.36,11,17.72,Masakan,0,0,0,0.083584906,0,0,0,0,1,0.037073943,-0.143481711,0.519382376,0.884104649,0.858659059
Edamame Deluxe Original,100 g,100,8,4,10,Masakan,0,0,0,0.1,1,0,1,0,1,-0.885578897,-0.545757476,-0.265747556,0.230238998,1.08698149
Kacang Hitam,100 g,91,16.56,0.29,6.03,Snack,0,1,0,0.066263736,1,1,0,1,1,-0.986152561,-0.033448951,-1.424120072,-0.264158573,0.555897769
Kacang Arab,100 g,364,60.65,6.04,19.3,Snack,0,1,0,0.053021978,0,0,0,1,1,0.855219636,1.214655161,0.0376115,0.990621681,0.270697428
Kacang Koro Kulit,100 g,125,13,6,5,Snack,0,1,0,0.04,0,0,0,0,0,-0.634832161,-0.217421908,0.032523265,-0.42779268,-0.065989347
Sukro Kacang Bersalut Original,100 g,520,64,24,8,Snack,0,1,0,0.015384615,0,0,0,0,0,1.479075749,1.276972238,1.200706459,0.002625828,-0.899591876
Pang Pang Jagung Bakar,100 g,447,71.27,16.45,3.36,Masakan,0,0,0,0.007516779,0,0,0,1,0,1.205672957,1.404510575,0.864279667,-0.740781078,-1.234439009
Milkies,100 g,565.22,56.52,30.43,8.7,Masakan,0,0,0,0.015392237,0,0,0,0,0,1.635604478,1.134311741,1.41759887,0.086413351,-0.89928565
Kerupuk Keju,100 g,600,50,45,5,Snack,0,0,1,0.008333333,0,0,0,0,0,1.750319524,0.998389357,1.783268767,-0.42779268,-1.19788396
Malkist Cokelat Kelapa,100 g,526.32,57.89,26.32,10.53,Snack,0,0,0,0.02000684,0,0,0,0,0,1.501492252,1.161419106,1.284546639,0.285080587,-0.719908026
Lovely Cream Sandwich Lemon,100 g,480,64,24,8,Masakan,0,0,0,0.016666667,0,0,0,0,0,1.332742278,1.276972238,1.200706459,0.002625828,-0.84854898
Kremesan,100 g,475,62.63,24.48,1.5,Masakan,0,0,0,0.003157895,0,0,0,0,0,1.313877456,1.251778803,1.218646884,-1.236259672,-1.437100081
Biskies,100 g,526.32,63.16,28.95,5.26,Snack,0,0,0,0.00999392,0,0,0,0,0,1.501492252,1.261571918,1.371715821,-0.384533964,-1.124868036
Plain Crackers With Sesame,100 g,438.46,70.77,11.92,11.92,Snack,0,0,0,0.02718606,0,0,0,1,0,1.171760743,1.396048363,0.586987621,0.420099782,-0.463420812
Amplang,100 g,506,57.14,27.19,8.07,Masakan,0,0,0,0.015948617,0,0,0,0,0,1.428754226,1.146637318,1.31423925,0.01122897,-0.877020734
Kerupuk Keriting,100 g,350,85,0,0,Snack,0,0,0,0,0,1,0,1,0,0.790913138,1.621714434,-1.634431737,-1.931501751,-1.592191924
Emping Melinjo,100 g,350,69.79,1.49,12.11,Masakan,0,0,0,0.0346,0,1,0,1,0,0.790913138,1.379336181,-0.870226458,0.437662302,-0.224722388
Lanting Getuk,100 g,425,80.07,10.06,0.8,Masakan,0,0,0,0.001882353,0,0,0,1,0,1.117392415,1.546864263,0.444976806,-1.50172994,-1.498883909
Lemon Crackers Sandwich,100 g,473.68,68.42,21.05,7.89,Masakan,0,0,0,0.016656815,0,0,0,0,0,1.308874747,1.355686416,1.08262417,-0.010999524,-0.848937633
Peyek Kacang,100 g,486,57.12,26.37,6.33,Snack,0,1,0,0.013024691,0,0,0,0,0,1.355205402,1.146241227,1.28627746,-0.220039688,-0.996054391
Kacang Jepang Spicy Flavor,100 g,520,44,32,12,Snack,0,1,0,0.023076923,0,0,0,0,0,1.479075749,0.861531047,1.464064683,0.427518936,-0.606991625
Egg Roll,100 g,400,80,7.5,10,Masakan,0,0,0,0.025,0,0,0,1,0,1.013237671,1.545777731,0.206603555,0.230238998,-0.538750148
Kerupuk Udang Rasa Barbeque,100 g,466.67,66.67,23.33,0,Snack,1,0,0,0,0,0,0,0,0,1.282148082,1.32497365,1.175105384,-1.931501751,-1.592191924
Malkist Kornet,100 g,444.44,72.22,13.89,11.11,Snack,0,0,0,0.02499775,0,0,0,1,0,1.195553572,1.420471192,0.717468143,0.342885433,-0.5388289
Oat Krunch Chunky Hazelnut,100 g,500,65.38,23.08,7.69,Snack,0,0,0,0.01538,0,0,0,0,0,1.406899323,1.30195884,1.165379535,-0.036113749,-0.899777341
Siip Bite Roasted Corn,100 g,500,50,37.5,0,Snack,0,0,0,0,0,0,0,0,0,1.406899323,0.998389357,1.611649269,-1.931501751,-1.592191924
Stik Tenggiri,100 g,475,60,20,15,Masakan,0,0,0,0.031578947,0,0,0,0,0,1.313877456,1.202277553,1.036912083,0.683026646,-0.318962651
Siip Net,100 g,600,50,40,10,Snack,0,0,0,0.016666667,0,0,0,0,0,1.750319524,0.998389357,1.672164082,0.230238998,-0.84854898
Wajik,100 g,304,68.43,1.36,3.98,Masakan,0,0,0,0.013092105,0,1,0,1,0,0.566511878,1.355860277,-0.915975512,-0.613105512,-0.993252938
Kue Bikang,100 g,188,38.34,2.85,2.13,Snack,0,0,0,0.011329787,0,1,0,1,0,-0.126058968,0.719546709,-0.49448733,-1.043296826,-1.067393514
Kue Cincin,100 g,434,64.47,18.22,3.33,Snack,0,0,0,0.007672811,0,0,0,0,0,1.153872313,1.285525486,0.954172764,-0.747310081,-1.227420256
Bakpia Kukus Original Cokelat,100 g,400,44,22,6,Snack,0,0,0,0.015,0,0,0,0,0,1.013237671,0.861531047,1.122221766,-0.268650804,-0.915089736
Kue Lapis Kukus Rasa Blackforest,100 g,380,42,22,6,Snack,0,0,0,0.015789474,0,0,0,0,0,0.926697087,0.812940211,1.122221766,-0.268650804,-0.883370994
Mooncake Kacang Hijau,100 g,400,65,13.33,5,Snack,0,1,0,0.0125,0,0,0,1,0,1.013237671,1.29511678,0.68214356,-0.42779268,-1.017952102
Kue Ku,100 g,357,75.79,2.3,6.67,Snack,0,0,0,0.018683473,0,1,0,1,0,0.823279499,1.479125075,-0.628199362,-0.171710575,-0.77013705
Buah Ara,100 g,74,19.18,0.3,0.75,Buah,0,0,0,0.010135135,1,1,0,1,0,-1.196031136,0.08510262,-1.417706418,-1.523616905,-1.118739624
Kue Keju,100 g,321,25.5,22.5,5.5,Snack,0,0,1,0.017133956,0,0,0,0,0,0.651956116,0.330492868,1.142438093,-0.345830365,-0.830177893
Lapis Bogor Blackforest,100 g,420,44,24,6,Masakan,0,0,0,0.014285714,0,0,0,0,0,1.096899608,0.861531047,1.200706459,-0.268650804,-0.944100781
Kue Coklat Keju,100 g,389,38.44,24.75,6.6,Snack,0,0,1,0.016966581,0,0,0,0,0,0.966012278,0.722181418,1.228596729,-0.181521972,-0.836743899
Nextar Brownies,100 g,450,70,20,0,Snack,0,0,0,0,0,0,0,1,0,1.21748185,1.382931583,1.036912083,-1.931501751,-1.592191924
Kacang Panggang,100 g,151,21.39,5.15,5.54,Snack,0,1,0,0.036688742,0,0,0,0,0,-0.407678549,0.176606635,-0.082746282,-0.339488642,-0.161883696
Kacang Bawang Jumbo,100 g,640,16,52,24,Snack,0,1,0,0.0375,0,0,0,0,0,1.876816707,-0.060452027,1.920793573,1.273236087,-0.137973434
New York Cheesecake,100 g,388.43,30,27.02,6.2,Snack,0,0,0,0.015961692,0,0,0,0,0,0.963540668,0.480051519,1.308506844,-0.238981488,-0.876499638
Marshmallow,100 g,416.67,83.33,8.33,0,Snack,0,0,0,0,0,0,0,1,0,1.083159698,1.596720466,0.290654636,-1.931501751,-1.592191924
Awug,100 g,90,18.17,0.89,1.12,Masakan,0,0,0,0.012444444,1,1,0,1,0,-0.9977331,0.040819694,-1.104340519,-1.371889771,-1.020280431
Koya Suuk,100 g,460,62,17,14,Masakan,0,0,0,0.030434783,0,0,0,0,0,1.256464386,1.240059791,0.893113136,0.602359153,-0.355722774
Bingka,100 g,272,39.32,10.68,5.2,Masakan,0,0,0,0.019117647,0,0,0,0,0,0.396479042,0.745158152,0.494699347,-0.394390476,-0.753552343
Tiramisu,100 g,283,24.41,18.2,4.77,Snack,0,0,0,0.016855124,0,0,0,0,0,0.456382326,0.291491515,0.953202056,-0.467297305,-0.841125071
Bolu Kukus,100 g,297,56.85,4.57,7.01,Masakan,0,0,0,0.023602694,0,0,0,1,0,0.530389774,1.140884192,-0.170515703,-0.125025818,-0.588147445
Fresh Cream Dorayaki,100 g,323.94,40.85,14.08,5.63,Masakan,0,0,0,0.017379762,0,0,0,0,0,0.666420677,0.784245417,0.729164849,-0.325329701,-0.820563796
Toast Slices,100 g,540,56,30,8,Masakan,0,0,0,0.014814815,0,0,0,0,0,1.549397548,1.123898798,1.404484847,0.002625828,-0.92258241
Nastar,100 g,433.33,63.33,20,3.33,Snack,0,0,0,0.007684674,0,0,0,0,0,1.151174311,1.264700535,1.036912083,-0.747310081,-1.226887259
Fluffy Cream Roll,100 g,316.46,30.38,18.99,6.33,Masakan,0,0,0,0.020002528,0,0,0,0,0,0.629442768,0.49193305,0.99082841,-0.220039688,-0.720070143
Yangko,100 g,256,58.04,1.1,3.08,Masakan,0,0,0,0.01203125,0,1,0,1,0,0.306353157,1.164358874,-1.015200769,-0.803138548,-1.037656244
Kaliadrem,100 g,338,54.28,12.03,3.35,Masakan,0,0,0,0.009911243,0,0,0,1,0,0.734394556,1.088951733,0.594760242,-0.742953505,-1.128461879
Lapis Bogor Full Talas,100 g,360,40,18,6,Masakan,0,0,0,0.016666667,0,0,0,0,0,0.837019509,0.762662245,0.943441397,-0.268650804,-0.84854898
Selai Kacang Halus Lemak Yang Telah Dikurangi,100 g,520,35.65,34,25.9,Snack,0,1,0,0.049807692,0,0,0,0,0,1.479075749,0.646754296,1.520283794,1.375751884,0.193200904
Kacang Polong Polong,100 g,42,7.55,0.2,2.8,Snack,0,1,0,0.066666667,1,1,1,1,1,-1.70220912,-0.581429962,-1.484084077,-0.86893127,0.56378546
Sohun,100 g,351,86.09,0.06,0.16,Masakan,0,0,0,0.00045584,0,1,0,1,0,0.795563535,1.637836465,-1.58650921,-1.828156223,-1.569359454
Kacang Komak,100 g,344,60.76,1.69,23.9,Snack,0,1,0,0.069476744,0,1,0,1,1,0.762820439,1.216740351,-0.804124985,1.267674174,0.617598569
Chocolate Peanut,100 g,583.33,45.83,37.5,12.5,Masakan,0,1,0,0.021428694,0,0,0,0,0,1.695914784,0.904622762,1.611649269,0.473098217,-0.666994348
Sandwich Kacang,100 g,346.94,40.82,14.29,12.24,Snack,0,1,0,0.035279875,0,0,0,0,0,0.776626893,0.783489158,0.741929799,0.449564624,-0.20406448
Daun Kecipir,100 g,74,14.1,1.1,5.85,Sayur,0,0,0,0.079054054,1,1,0,1,1,-1.196031136,-0.157235035,-1.015200769,-0.291340083,0.78622322
Peanut Cream Messes,100 g,425,57.5,17.5,5,Masakan,0,1,0,0.011764706,0,0,0,0,0,1.117392415,1.153749922,0.918602784,-0.42779268,-1.048920338
Kacang Atom Pedas,100 g,500,60,26.67,6.67,Snack,0,1,0,0.01334,0,0,0,0,0,1.406899323,1.202277553,1.296599264,-0.171710575,-0.982974876
Mix Nut,100 g,566.67,33.33,40,23.33,Masakan,0,0,0,0.041170346,0,0,0,0,0,1.640481055,0.580756312,1.672164082,1.235634026,-0.033152612
Selai Kacang,100 g,600,40,35,20,Snack,0,1,0,0.033333333,0,0,0,0,0,1.750319524,0.762662245,1.54724988,1.035752511,-0.263744484
Baked Beans,100 g,90,20,0.5,1,Masakan,0,0,0,0.011111111,1,1,0,1,0,-0.9977331,0.119874219,-1.298466925,-1.41866166,-1.076725851
Bubur Kacang Hijau,100 g,108,17.76,3.06,3.54,Snack,0,1,0,0.032777778,0,0,0,1,0,-0.80116404,0.022354386,-0.448214224,-0.702326897,-0.281081739
Kacang Garbanzo,100 g,180,29.98,2.99,9.54,Snack,0,1,0,0.053,0,1,0,1,1,-0.183548121,0.479423222,-0.463378766,0.180942619,0.270179231
Kacang Hijau,100 g,81,14.46,0.4,5.42,Snack,0,1,0,0.06691358,1,1,0,1,1,-1.10605994,-0.138237431,-1.356046905,-0.358605755,0.568597465
Kacang Kedelai,100 g,471,33.55,25.4,35.22,Snack,0,1,0,0.07477707,0,0,0,0,1,1.298688646,0.587152697,1.252146389,1.809447292,0.713633956
Kacang Kapri,100 g,98,17.59,0.44,6.64,Snack,0,1,0,0.067755102,1,1,0,1,1,-0.907386696,0.014611171,-1.332556663,-0.175906865,0.584875557
Kacang Atom,100 g,555.56,50,33.33,11.11,Snack,0,1,0,0.01999784,0,0,0,0,0,1.60289836,0.998389357,1.501800794,0.342885433,-0.720246406
Kacang Mete,100 g,581,30.16,47.77,16.84,Snack,0,1,0,0.028984509,0,0,0,0,0,1.688227048,0.485067217,1.839938429,0.821700612,-0.403185488
Rosta Kacang Panggang,100 g,433.33,53.33,16.67,16.67,Snack,0,1,0,0.038469527,0,0,0,0,0,1.151174311,1.069306479,0.875916028,0.80936953,-0.109755495
Kacang Tolo,100 g,114,20.67,0.58,7.38,Snack,0,1,0,0.064736842,0,1,0,1,1,-0.740571526,0.147553172,-1.254989867,-0.075947503,0.525607955
Plain Crackers,100 g,461.54,73.08,13.46,11.54,Masakan,0,0,0,0.02500325,0,0,0,1,0,1.26241661,1.434789288,0.690460199,0.384361025,-0.538636402
Permen Ting Ting,100 g,600,40,40,20,Snack,0,0,0,0.033333333,0,0,0,0,0,1.750319524,0.762662245,1.672164082,1.035752511,-0.263744484
Sukro Kedele,100 g,500,50,28.57,14.29,Snack,0,0,0,0.02858,0,0,0,0,0,1.406899323,0.998389357,1.359584953,0.62617441,-0.416599459
Teri Kacang Balado,100 g,260,32.08,11.08,10.77,Snack,0,1,0,0.041423077,0,0,0,0,0,0.329233466,0.543830982,0.525454663,0.309269061,-0.026132414
Kacang Koro Rasa Rumput Laut,100 g,444.44,66.67,13.89,16.67,Snack,0,1,0,0.037507875,0,0,0,1,0,1.195553572,1.32497365,0.717468143,0.80936953,-0.137742672
Red Kidney Beans,100 g,80,13,0.5,5,Masakan,0,0,0,0.0625,1,1,0,1,1,-1.118585672,-0.217421908,-1.298466925,-0.42779268,0.480069179
Pilus Mie Goreng,100 g,500,64.29,28.57,0,Snack,0,0,0,0,0,0,0,0,0,1.406899323,1.282255112,1.359584953,-1.931501751,-1.592191924
Kuaci Fuzo Original,100 g,615.38,15.38,46.15,30.77,Snack,0,0,0,0.050001625,0,0,0,0,1,1.799614148,-0.091120398,1.807182121,1.614842785,0.197975717
Mi Coto Makassar,100 g,440,61.33,17.33,10.67,Masakan,0,0,0,0.02425,0,0,0,0,0,1.177908872,1.227502015,0.910011088,0.299237751,-0.565141218
Soto Banjar Limau Kuit,100 g,453.33,60,18.67,9.33,Masakan,0,0,0,0.020581034,0,0,0,0,0,1.230527527,1.202277553,0.97576188,0.157877672,-0.698409563
Mie Rasa Soto Lamongan,100 g,450,60,17.5,12.5,Masakan,0,0,0,0.027777778,0,0,0,0,0,1.21748185,1.202277553,0.918602784,0.473098217,-0.443431783
Soto Daging,100 g,200,20,5,10,Lauk,0,0,0,0.05,0,0,0,0,0,-0.042840854,0.119874219,-0.104660044,0.230238998,0.197935761
Soto Medan,100 g,442.86,60,17.14,10,Masakan,0,0,0,0.022580499,0,0,0,0,0,1.189288324,1.202277553,0.900317881,0.230238998,-0.624914685
Nasindo Rasa Soto,100 g,107.69,21.54,1.54,1.54,Masakan,0,0,0,0.014300306,0,1,0,1,0,-0.804355452,0.182572927,-0.853237101,-1.222941013,-0.943505115
Supermi Extra Rasa Soto Daging,100 g,440,65,15,9,Lauk,0,0,0,0.020454545,0,0,0,0,0,1.177908872,1.29511678,0.783878293,0.120882075,-0.703130214
Mie Gelas Rasa Soto Ayam,100 g,480,60,24,12,Lauk,0,0,0,0.025,0,0,0,0,0,1.332742278,1.202277553,1.200706459,0.427518936,-0.538750148
Rasa Soto Padang,100 g,440,58.67,18.67,10.67,Masakan,0,0,0,0.02425,0,0,0,0,0,1.177908872,1.176646409,0.97576188,0.299237751,-0.565141218
Sate Padang,100 g,161,6.79,6.63,18.01,Masakan,0,0,0,0.111863354,0,0,1,0,1,-0.327352495,-0.644938091,0.109611381,0.904167713,1.223494746
Ayam Spesial Jamur,100 g,162,15,2,20,Lauk,0,0,0,0.12345679,0,1,0,0,1,-0.319506707,-0.110340353,-0.710431496,1.035752511,1.337788387
Kurma Khalas,100 g,325,76,0.4,4.4,Buah,0,0,0,0.013538462,0,1,0,1,0,0.671614028,1.482512491,-1.356046905,-0.533508361,-0.974772895
Ayam Kungpao,100 g,297.78,15.56,13.33,25.56,Lauk,0,0,0,0.08583518,0,0,0,0,1,0.534443098,-0.082130198,0.68214356,1.357831548,0.893017469
Ayam Krim Italia,100 g,133.33,5.56,5.56,15.56,Lauk,0,0,1,0.116702918,0,0,1,0,1,-0.558854291,-0.758117614,-0.025361107,0.726494499,1.273326138
Ceciwis Jamur,100 g,68,13,1,3,Masakan,0,0,0,0.044117647,1,1,0,1,0,-1.277798962,-0.217421908,-1.056529506,-0.821567311,0.047185337
Mie Sukses Isi Rasa Soto,100 g,450.45,63.06,16.22,11.71,Masakan,0,0,0,0.025996226,0,0,0,0,0,1.219248587,1.259728714,0.851963274,0.400452452,-0.504129489
Soto Koya Nagih,100 g,460.53,60.53,19.74,10.53,Masakan,0,0,0,0.02286496,0,0,0,0,0,1.258514398,1.212377292,1.02525513,0.285080587,-0.614628831
Rawon,100 g,119,3.48,7.4,9.6,Masakan,0,0,0,0.080672269,0,0,1,0,1,-0.691694801,-0.991513321,0.195951262,0.187466674,0.812606089
Sarimi Isi Rasa Soto,100 g,407.08,54.87,17.7,7.96,Masakan,0,0,0,0.019553896,0,0,0,0,0,1.043170856,1.10102813,0.92861444,-0.002313728,-0.736992303
Sarimi Gelas Rasa Soto Ayam,100 g,466.67,53.33,23.33,10,Lauk,0,0,0,0.021428418,0,0,0,0,0,1.282148082,1.069306479,1.175105384,0.230238998,-0.667004497
Super Bubur Dengan Kuah Soto,100 g,413.04,76.09,8.7,8.7,Masakan,0,0,0,0.021063335,0,0,0,1,0,1.068097096,1.483962166,0.325838971,0.086413351,-0.680488094
Pake Nasi Rasa Soto Ayam,100 g,466.67,64,20,9.33,Lauk,0,0,0,0.019992714,0,0,0,0,0,1.282148082,1.276972238,1.036912083,0.157877672,-0.720439142
Ayam Ala Jepang,100 g,122.22,5.56,3.33,17.78,Lauk,0,0,0,0.145475372,0,0,1,0,1,-0.660944945,-0.758117614,-0.391976285,0.888275432,1.512670531
Pop Mie Mini Rasa Soto Mie,100 g,435.9,56.41,20.51,7.69,Masakan,0,0,0,0.017641661,0,0,0,0,0,1.161508075,1.132114779,1.05938181,-0.036113749,-0.810357601
Jiwa Pagi Rasa Soto,100 g,369.23,63.08,6.15,15.38,Masakan,0,0,0,0.041654253,0,0,0,1,0,0.878813464,1.260097524,0.051462766,0.712649511,-0.019732762
Rasa Soto Madura,100 g,463.41,59.76,19.51,10.98,Masakan,0,0,0,0.023693921,0,0,0,0,0,1.269626276,1.197682904,1.014826024,0.330120169,-0.584892167
Baked Soto,100 g,381.58,72.37,5.92,9.21,Masakan,0,0,0,0.024136485,0,0,0,1,0,0.933644309,1.422977383,0.022262763,0.144532916,-0.569160313
Bihunku Seduh Rasa Soto Ayam,100 g,333.33,79.17,0,0,Lauk,0,0,0,0,0,1,0,1,0,0.712032793,1.532841763,-1.634431737,-1.931501751,-1.592191924
Oatmeal Rasa Soto Ayam,100 g,392.86,64.29,7.14,14.29,Lauk,0,0,0,0.036374281,0,0,0,1,0,0.982685742,1.282255112,0.167676721,0.62617441,-0.171225785
Bakso Ayam,100 g,160,12,8,9,Lauk,0,0,0,0.05625,0,0,0,0,1,-0.335231182,-0.275226616,0.258128474,0.120882075,0.345113983
Dada Ayam Asap,100 g,130,0,2,27,Lauk,0,0,0,0.207692308,0,1,1,0,1,-0.588833079,-1.710248162,-0.710431496,1.43254374,1.809093656
Mooyam Meatballs,100 g,120,3,6,15,Masakan,0,0,0,0.125,0,0,1,0,1,-0.682085899,-1.056419784,0.032523265,0.683026646,1.351736327
Pentol,100 g,269,17.23,15.88,13.74,Masakan,0,0,0,0.051078067,0,0,0,0,1,0.379858543,-0.001959283,0.833464926,0.580700025,0.224245204
Bakso Kuah,100 g,134.62,4.81,3.85,20.19,Masakan,0,0,0,0.149977715,0,0,1,0,1,-0.547376291,-0.835009545,-0.292536806,1.04779939,1.542727799
Bakso Urat,100 g,123.08,12.31,3.85,12.31,Masakan,0,0,0,0.10001625,0,0,0,0,1,-0.652824599,-0.256968424,-0.292536806,0.455935826,1.087183562
Bakso Sapi Kuah,100 g,158.33,10,7.5,11.67,Lauk,0,0,0,0.073706815,0,0,1,0,1,-0.34846288,-0.401417191,0.206603555,0.396681418,0.694798414
Bakso Polos,100 g,138.46,4.62,4.62,20,Masakan,0,0,0,0.144446049,0,0,1,0,1,-0.513641377,-0.855636501,-0.162612712,1.035752511,1.505552583
Bakso Sapi Kasarurat,100 g,160,12,9,10,Lauk,0,0,0,0.0625,0,0,0,0,1,-0.335231182,-0.275226616,0.353436225,0.230238998,0.480069179
Bakso Sapi Ayam,100 g,121.21,6.06,3.03,21.21,Lauk,0,0,0,0.174985562,0,0,1,0,1,-0.670530836,-0.710374573,-0.454682429,1.111068151,1.681774055
Baso Ikan,100 g,100,15,0,10,Lauk,1,0,0,0.1,1,1,0,0,1,-0.885578897,-0.110340353,-1.634431737,0.230238998,1.08698149
Swedish Meatballs,100 g,240.51,5.06,17.72,13.92,Masakan,0,0,0,0.057877011,0,0,1,0,1,0.21539975,-0.808609501,0.929609962,0.595726228,0.38137708
Bakso Gochujang,100 g,127.27,7.27,4.55,16.36,Masakan,0,0,0,0.128545612,0,0,1,0,1,-0.613798032,-0.604326895,-0.173695926,0.786643005,1.382740794
Bakso Keju,100 g,183.33,6.67,6.67,21.67,Masakan,0,0,1,0.118202149,0,0,1,0,1,-0.159413079,-0.655376586,0.114297818,1.138861106,1.288131578
Bakso Hot,100 g,163.64,10.91,7.27,14.55,Masakan,0,0,0,0.088914691,0,0,0,0,1,-0.306709954,-0.342077027,0.181920348,0.647228113,0.938378281
Mie Goreng Jawa,100 g,190.83,35,4.17,9.17,Masakan,0,0,0,0.048053241,0,0,0,1,0,-0.106117611,0.628580016,-0.236300954,0.14005746,0.14941189
Mooyam Garlic,100 g,120,2,1.5,24,Masakan,0,0,0,0.2,0,1,1,0,1,-0.682085899,-1.212641797,-0.866802623,1.273236087,1.783572331
Cumi Cabe Hijau,100 g,304,10,21,17,Lauk,1,0,0,0.055921053,0,0,1,0,1,0.566511878,-0.401417191,1.080495119,0.833222834,0.337682403
Ayam Kecombrang,100 g,202.5,2.5,7.5,28.75,Lauk,0,0,0,0.141975309,0,0,1,0,1,-0.025930434,-1.130423041,0.206603555,1.51940522,1.488079086
Kacang Panjang Sapi,100 g,107,11,5,4,Snack,0,1,0,0.037383178,0,0,0,0,0,-0.811481136,-0.336391161,-0.104660044,-0.609198585,-0.141399683
Creamy Miso Udon,100 g,240,33,9,6,Masakan,0,0,0,0.025,0,0,0,0,0,0.212338755,0.571105124,0.353436225,-0.268650804,-0.538750148
Aglio Olio Pasta,100 g,132.5,6.67,11.67,0.83,Masakan,0,0,0,0.006264151,0,0,1,0,0,-0.56627892,-0.655376586,0.569084352,-1.488824603,-1.291366573
Mooyam Spicy,100 g,123.08,4.62,0.77,25.38,Masakan,0,0,0,0.206207345,0,1,1,0,1,-0.652824599,-0.855636501,-1.159635749,1.348271715,1.804351073
Pakcoy Tahu,100 g,60,5,1.5,5,Lauk,0,0,0,0.083333333,1,1,1,0,1,-1.394695653,-0.814871585,-0.866802623,-0.42779268,0.854752582
Claypot Egg Tofu,100 g,125,10,7,6,Masakan,0,0,0,0.048,0,0,1,0,0,-0.634832161,-0.401417191,0.152091854,-0.268650804,0.148066201
Sapi Ala Mongolia,100 g,395,5,26.25,35,Lauk,0,0,0,0.088607595,0,0,1,0,1,0.99188189,-0.814871585,1.28211839,1.800278235,0.933938788
Tini Wini Biti Rasa Sate Ayam,100 g,500,66.67,20.83,8.33,Lauk,0,0,0,0.01666,0,0,0,0,0,1.406899323,1.32497365,1.073221543,0.042736628,-0.84881197
Biskuit Rasa Sate,100 g,470.59,70.59,17.65,5.88,Snack,0,0,0,0.012494953,0,0,0,1,0,1.297126869,1.392991382,0.926121169,-0.286771418,-1.018163538
Mooyam Original,100 g,130.43,0,2.17,26.96,Masakan,0,0,0,0.206700912,0,1,1,0,1,-0.58493311,-1.710248162,-0.6629164,1.430509368,1.805936894
Mooyam Tomato Chili,100 g,140,7.33,2.67,21.33,Masakan,0,0,0,0.152357143,0,1,1,0,1,-0.500289168,-0.599373076,-0.536114917,1.118361486,1.557929387
Getuk Goreng,100 g,359,74.06,6.68,1.31,Masakan,0,0,0,0.003649025,0,0,0,1,0,0.832448135,1.450957399,0.115465772,-1.301895148,-1.41361636
Original Sourdough Cracker,100 g,488,64,20,12,Masakan,0,0,0,0.024590164,0,0,0,0,0,1.362651401,1.276972238,1.036912083,0.427518936,-0.553136417
Cizzring,100 g,470.59,76.47,17.65,0,Masakan,0,0,0,0,0,0,0,1,0,1.297126869,1.490069369,0.926121169,-1.931501751,-1.592191924
Biskuit Kelapa Kopyor,100 g,500,75,20,5,Snack,0,0,0,0.01,0,0,0,0,0,1.406899323,1.466320749,1.036912083,-0.42779268,-1.124603921
Dimsum Goreng Keju,100 g,280,15.04,18.01,14.06,Masakan,0,0,1,0.050214286,0,0,0,0,1,0.440203351,-0.108301534,0.94393176,0.607315749,0.2031968
Sukun Goreng,100 g,223,30.64,12.29,1.21,Masakan,0,0,0,0.005426009,0,0,0,0,0,0.107690047,0.500001847,0.612885076,-1.338149259,-1.330041063
Jukut Goreng,100 g,181,16.14,12.16,2.63,Masakan,0,0,0,0.014530387,0,0,0,0,0,-0.176268961,-0.053640797,0.603865502,-0.910745833,-0.934129581
Makaroni Ulir Pedas,100 g,493,69.6,23.39,1.06,Masakan,0,0,0,0.002150101,0,0,0,0,0,1.381176509,1.376076451,1.177425352,-1.395009841,-1.485819197
Ikan Mas Goreng,100 g,117,0.17,4.39,18.16,Lauk,1,0,0,0.155213675,0,0,1,0,1,-0.711076685,-1.647739938,-0.199539932,0.914451564,1.575581982
Tape Goreng,100 g,217,40,5.31,2.04,Masakan,0,0,0,0.009400922,0,0,0,1,0,0.069471347,0.762662245,-0.059928434,-1.068887583,-1.150740323
Ikan Pindang Goreng,100 g,189,0.71,10,23.09,Lauk,1,0,0,0.122169312,0,0,1,0,1,-0.11898957,-1.485398249,0.440024212,1.221967951,1.325935108
Pangsit Goreng,100 g,433.33,32.41,29.26,9.63,Masakan,0,0,0,0.022223248,0,0,0,0,0,1.151174311,0.553677356,1.381503437,0.190717898,-0.637892138
Ikan Layang Goreng,100 g,220,0.61,13.19,24.01,Lauk,1,0,0,0.109136364,0,0,1,0,1,0.088668625,-1.51228563,0.67310603,1.273791323,1.193984783
Mi Goreng Kriuk Pedas,100 g,444.44,66.67,15.56,10,Masakan,0,0,0,0.022500225,0,0,0,1,0,1.195553572,1.32497365,0.815726007,0.230238998,-0.627824936
Mi Goreng Spesial,100 g,487.5,66.25,22.5,7.5,Masakan,0,0,0,0.015384615,0,0,0,0,0,1.360791839,1.317516058,1.142438093,-0.060393685,-0.899591876
Madeleine Crackers,100 g,554.55,54.55,36.36,9.09,Snack,0,0,0,0.016391669,0,0,0,0,0,1.599456617,1.094489893,1.582795357,0.131065169,-0.859418241
Malkist Crackers,100 g,444.44,72.22,16.67,11.11,Snack,0,0,0,0.02499775,0,0,0,1,0,1.195553572,1.420471192,0.875916028,0.342885433,-0.5388289
Cream Crackers,100 g,483.87,64.52,22.58,9.68,Snack,0,0,0,0.020005373,0,0,0,0,0,1.347252584,1.286432753,1.145634442,0.196120724,-0.719963164
Kerupuk Kulit Kerbau,100 g,422,0,4,83,Snack,0,0,0,0.196682464,0,0,1,0,1,1.105116426,-1.710248162,-0.265747556,3.200753893,1.771804706
Tater Thins Potato Snack Truffle Flavor,100 g,550,60,30,5,Snack,0,0,0,0.009090909,0,0,0,0,0,1.583898918,1.202277553,1.404484847,-0.42779268,-1.164354947
Klik Crackers,100 g,500,66.67,25,8.33,Snack,0,0,0,0.01666,0,0,0,0,0,1.406899323,1.32497365,1.237720912,0.042736628,-0.84881197
Cream Wafers Strawberry,100 g,480,72,20,4,Buah,0,0,0,0.008333333,0,0,0,0,0,1.332742278,1.416788625,1.036912083,-0.609198585,-1.19788396
Malkist Tabur Keju,100 g,470.59,58.82,20.59,11.76,Snack,0,0,1,0.024989906,0,0,0,0,0,1.297126869,1.179557977,1.062860126,0.405153241,-0.539103451
Ikan Belanak Goreng,100 g,169,2.51,9.2,18,Lauk,1,0,0,0.106508876,0,0,1,0,1,-0.265479696,-1.128869246,0.371397533,0.903479874,1.164528136
Basreng Pedas,100 g,526,55.22,31.02,6.36,Snack,0,0,0,0.012091255,0,0,0,0,0,1.50036163,1.108147951,1.43531579,-0.215705787,-1.035126446
Vege Biscuit,100 g,500,63.33,23.33,10,Snack,0,0,0,0.02,0,0,0,0,0,1.406899323,1.264700535,1.175105384,0.230238998,-0.720165191
Pepper Crackers,100 g,500,63.33,20,10,Snack,0,0,0,0.02,0,0,0,0,0,1.406899323,1.264700535,1.036912083,0.230238998,-0.720165191
Crispy Crackers,100 g,500,71.43,17.86,7.14,Snack,0,0,0,0.01428,0,0,0,0,0,1.406899323,1.407209412,0.936550247,-0.107584189,-0.944334078
Malkist Sweet Crackers,100 g,476.19,71.43,16.67,9.52,Snack,0,0,0,0.01999202,0,0,0,1,0,1.31837942,1.407209412,0.875916028,0.178761493,-0.720465252
Soto Padang,100 g,126.99,11.09,6.69,5.86,Masakan,0,0,0,0.046145366,0,0,0,0,0,-0.616378836,-0.330736488,0.116632271,-0.289815462,0.10055855
Mie Goreng Rasa Rendang,100 g,461.54,59.34,20.88,9.89,Masakan,0,0,0,0.021428262,0,0,0,0,0,1.26241661,1.189610136,1.075366442,0.218599276,-0.667010261
Bihunku Goreng,100 g,383.33,78.33,6.67,3.33,Masakan,0,0,0,0.008687032,0,0,0,1,0,0.941316353,1.519649536,0.114297818,-0.747310081,-1.182183934
Toge Goreng,100 g,94,14.22,2.8,5.25,Sayur,0,0,0,0.055851064,1,1,0,1,1,-0.951914992,-0.150865939,-0.505860521,-0.38617158,0.336096835
Mi Goreng Rasa Iga Penyet,100 g,437.5,65,16.25,10,Masakan,0,0,0,0.022857143,0,0,0,0,0,1.167920749,1.29511678,0.853578659,0.230238998,-0.614910931
Spix Mi Goreng,100 g,533.33,60,26.67,6.67,Masakan,0,0,0,0.012506328,0,0,0,0,0,1.526144097,1.202277553,1.296599264,-0.171710575,-1.017687008
Soto Betawi,100 g,135,11.44,8.85,4.05,Masakan,0,0,0,0.03,0,0,0,0,0,-0.544009294,-0.309035234,0.339738164,-0.599484362,-0.369849143
Soto Bandung,100 g,42,2.51,1.71,4.48,Masakan,0,0,0,0.106666667,1,1,1,0,1,-1.70220912,-1.128869246,-0.797775754,-0.518899007,1.166326171
Kol Goreng,100 g,90,10.62,4.72,2.76,Sayur,0,0,0,0.030666667,1,0,0,0,0,-0.9977331,-0.360615247,-0.147006617,-0.878636569,-0.348224346
Rasa Soto Ayam,100 g,467.53,58.44,20.78,10.39,Lauk,0,0,0,0.022223173,0,0,0,0,0,1.285441511,1.172171561,1.071071936,0.270788604,-0.63789487
Lemonilo Soto Koya,100 g,366.67,68.33,5,11.67,Masakan,0,0,0,0.031826983,0,0,0,1,0,0.867293098,1.354120839,-0.104660044,0.396681418,-0.31107217
Tongseng Khas Solo,100 g,269.23,38.46,11.54,0,Masakan,0,0,0,0,0,0,0,0,0,0.381137199,0.722707772,0.559640586,-1.931501751,-1.592191924
Mi Rebus Soto,100 g,57.14,8.57,1.43,0,Masakan,0,0,0,0,1,1,1,0,0,-1.439005096,-0.502403765,-0.891050075,-1.931501751,-1.592191924
Mie Gaga Extra Pedas Kuah Soto,100 g,440,60,17.33,12,Masakan,0,0,0,0.027272727,0,0,0,0,0,1.177908872,1.202277553,0.910011088,0.427518936,-0.460482529
Kue Gambang,100 g,390,68,10,6,Snack,0,0,0,0.015384615,0,0,0,1,0,0.970342527,1.348367606,0.440024212,-0.268650804,-0.899591876
Goreng Pedes Gledek,100 g,493.33,60,24,8,Masakan,0,0,0,0.016216326,0,0,0,0,0,1.382394686,1.202277553,1.200706459,0.002625828,-0.866371191
Mie Goreng Spesial,100 g,475,56.25,25,7.5,Masakan,0,0,0,0.015789474,0,0,0,0,0,1.313877456,1.128913679,1.237720912,-0.060393685,-0.883370994
Mie Goreng Sedaaap,100 g,444.44,67.78,14.44,11.11,Masakan,0,0,0,0.02499775,0,0,0,1,0,1.195553572,1.344520895,0.750945292,0.342885433,-0.5388289
Mi Goreng Aceh,100 g,477.78,61.11,21.11,10,Masakan,0,0,0,0.020930135,0,0,0,0,0,1.324382786,1.223356978,1.08517294,0.230238998,-0.685425178
Mi Goreng Ayam Geprek,100 g,482.35,57.65,23.53,10.59,Lauk,0,0,0,0.021955012,0,0,0,0,0,1.341562841,1.156704033,1.182817438,0.291164282,-0.647679795
Bawang Merah Goreng,100 g,500,50,30,10,Masakan,0,0,0,0.02,0,0,0,0,0,1.406899323,0.998389357,1.404484847,0.230238998,-0.720165191
Kentang Goreng Buatan Rumah,100 g,185,23.39,9.64,2.17,Masakan,0,0,0,0.01172973,0,0,0,0,0,-0.147420485,0.253867093,0.409754318,-1.032107213,-1.050401651
Kentang Goreng,100 g,180,31,4.5,4,Masakan,0,0,0,0.022222222,0,0,0,1,0,-0.183548121,0.511094126,-0.181694728,-0.609198585,-0.637929491
Ayam Goreng Bawang Putih,100 g,276,5.04,18.06,23.02,Lauk,0,0,0,0.083405797,0,0,1,0,1,0.418448207,-0.810691789,0.94637988,1.217962,0.85587918
Potongan Daging Babi Goreng,100 g,279,0,18.5,26.41,Lauk,0,0,0,0.094659498,0,0,1,0,1,0.434784348,-1.710248162,0.967662093,1.402303735,1.01813898
Mie Goreng Rasa Bulgogi,100 g,455.56,68.89,15.56,7.78,Masakan,0,0,0,0.017077882,0,0,0,1,0,1.239227624,1.363838107,0.815726007,-0.024757113,-0.832375877
Kentang Goreng French Fries,100 g,450,80,15,0,Masakan,0,0,0,0,0,0,0,1,0,1.21748185,1.545777731,0.783878293,-1.931501751,-1.592191924
Jeruk Nipis Jahe,100 g,409.09,100,0,0,Buah,0,0,0,0,0,1,0,1,0,1.051604605,1.831633598,-1.634431737,-1.931501751,-1.592191924
Jeruk Nipis,100 g,363.64,100,0,0,Buah,0,0,0,0,0,1,0,1,0,0.853587178,1.831633598,-1.634431737,-1.931501751,-1.592191924
Permen Jeruk,100 g,400,93.33,0,0,Buah,0,0,0,0,0,1,0,1,0,1.013237671,1.741327394,-1.634431737,-1.931501751,-1.592191924
Daun Jeruk,100 g,12,4.05,0.08,0.27,Sayur,0,0,0,0.0225,1,1,1,1,0,-2.527013264,-0.920756064,-1.571110724,-1.763398679,-0.627833098
Madurasa Jeruk Nipis,100 g,320,80,0,0,Buah,0,0,0,0,0,1,0,1,0,0.647015797,1.545777731,-1.634431737,-1.931501751,-1.592191924
Lofet Kacang Rasa Daun Jeruk,100 g,600,20,44,32,Sayur,0,1,0,0.053333333,0,0,0,0,1,1.750319524,0.119874219,1.762004763,1.670657622,0.278021555
Cerelac Apel Jeruk Pisang,100 g,420,66,9,16,Buah,0,0,0,0.038095238,0,0,0,1,0,1.096899608,1.313060782,0.353436225,0.759849875,-0.120603373
Dancow Full Cream,100 g,444.44,40.74,29.63,22.22,Masakan,0,0,0,0.0499955,0,0,0,0,0,1.195553572,0.78147052,1.39306057,1.171519837,0.197825109
Purefarm Kacang Hijau,100 g,62.22,9.78,1.33,2.67,Snack,0,1,0,0.042912247,1,1,1,1,0,-1.361263139,-0.416300741,-0.92687516,-0.900771758,0.014729955
Rasa Kacang Hijau,100 g,428.57,77.14,10,8.57,Snack,0,1,0,0.019996733,0,0,0,1,0,1.131924716,1.500784019,0.440024212,0.071218035,-0.720288019
Carnivor,100 g,335.14,21.62,0,62.16,Masakan,0,0,0,0.185474727,0,1,0,0,1,0.72072475,0.185743049,-1.634431737,2.700097514,1.728312763
Gold Plus,100 g,328.57,48.57,1.43,28.57,Masakan,0,0,0,0.086952552,0,1,0,0,1,0.689021092,0.966890098,-0.891050075,1.510657851,0.909694226
Jeruk Sunkist,100 g,51.95,12.34,0,0.65,Buah,0,0,0,0.012512031,1,1,0,1,0,-1.523343707,-0.255218116,-1.634431737,-1.568898063,-1.017448139
Pai Apel,100 g,265,37.1,12.5,2.4,Buah,0,0,0,0.009056604,0,0,0,0,0,0.357501989,0.686460827,0.62727829,-0.969823165,-1.16586528
Frestea Apel,100 g,40,9.6,0,0,Buah,0,0,0,0,1,1,1,1,0,-1.741478157,-0.428644803,-1.634431737,-1.931501751,-1.592191924
Pai Apel Satu Kerak,100 g,242,39.02,9.25,1.81,Buah,0,0,0,0.007479339,0,0,0,1,0,0.224317627,0.73736687,0.375835178,-1.137083163,-1.236125514
Teajus Apel,100 g,357.14,100,0,0,Buah,0,0,0,0,0,1,0,1,0,0.823922432,1.831633598,-1.634431737,-1.931501751,-1.592191924
Lovy Cookies Chocobutter,100 g,450,70,17.5,10,Masakan,0,0,0,0.022222222,0,0,0,1,0,1.21748185,1.382931583,0.918602784,0.230238998,-0.637929491
Jeruk Santang,100 g,47,11.75,0.12,0.94,Buah,0,0,0,0.02,1,1,0,1,0,-1.609178237,-0.290185022,-1.541115857,-1.442873976,-0.720165191
Jeruk Bali,100 g,32,8.08,0.1,0.63,Buah,0,0,0,0.0196875,1,1,1,1,0,-1.913010946,-0.539553435,-1.555982788,-1.578210101,-0.731941422
Isi Soto Koya Jeruk Nipis,100 g,464.29,65.18,18.75,8.93,Masakan,0,0,0,0.019233669,0,0,0,0,0,1.273012251,1.298361347,0.979550386,0.112912318,-0.749138016
Jeruk Extra Manis,100 g,363.64,90.91,0,0,Buah,0,0,0,0,0,1,0,1,0,0.853587178,1.707404313,-1.634431737,-1.931501751,-1.592191924
Spready,100 g,350,20,30,5,Masakan,0,0,0,0.014285714,0,0,0,0,0,0.790913138,0.119874219,1.404484847,-0.42779268,-0.944100781
Cheese Stick Bbq,100 g,291.67,16.67,20.83,16.67,Masakan,0,0,1,0.057153633,0,0,0,0,1,0.502497738,-0.028219234,1.073221543,0.80936953,0.365355218
Rich Cheese,100 g,300,13.33,23.33,13.33,Masakan,0,0,1,0.044433333,0,0,0,0,0,0.545940358,-0.199012226,1.175105384,0.545931357,0.055594834
Mozarella,100 g,350,10,30,15,Masakan,0,0,0,0.042857143,0,0,1,0,0,0.790913138,-0.401417191,1.404484847,0.683026646,0.013233107
Keju Kambing Agak Lembut,100 g,364,2.54,29.84,21.58,Lauk,0,0,1,0.059285714,0,0,1,0,1,0.855219636,-1.124227258,1.399560722,1.133458218,0.412121106
Rendah Lemak Lemak Keju Cottage,100 g,72,2.72,1.02,12.39,Masakan,0,0,1,0.172083333,1,1,1,0,1,-1.22277762,-1.096965099,-1.048107884,0.463185254,1.667787675
Milky Soft,100 g,333.33,10,26.67,10,Masakan,0,0,0,0.0300003,0,0,1,0,0,0.712032793,-0.401417191,1.296599264,0.230238998,-0.369839365
Ricotta Cheese,100 g,200,4,18,8,Masakan,0,0,1,0.04,0,0,1,0,0,-0.042840854,-0.926721128,0.943441397,0.002625828,-0.065989347
Cheddar,100 g,300,5,25,20,Masakan,0,0,0,0.066666667,0,0,1,0,1,0.545940358,-0.814871585,1.237720912,1.035752511,0.56378546
Baked Cheese Tart,100 g,402.22,42.22,22.22,8.89,Masakan,0,0,1,0.022102332,0,0,0,0,0,1.02266179,0.818365332,1.13116826,0.108338463,-0.642299574
Finger Cheese Biskuit,100 g,440,72,10,12,Snack,0,0,1,0.027272727,0,0,0,1,0,1.177908872,1.416788625,0.440024212,0.427518936,-0.460482529
Keju Ricotta,100 g,156,4.09,10.44,11.32,Masakan,0,0,1,0.072564103,0,0,1,0,1,-0.367081896,-0.916015125,0.475758568,0.363282104,0.6743817
Mozza Cheese Slice,100 g,333.33,13.33,26.67,13.33,Masakan,0,0,1,0.0399904,0,0,0,0,0,0.712032793,-0.199012226,1.296599264,0.545931357,-0.066260943
The Big Cheez,100 g,514,53,35,7,Masakan,0,0,0,0.013618677,0,0,0,0,0,1.457623036,1.062423385,1.54724988,-0.12637661,-0.971464436
Raclette Cheese Flavour,100 g,550,55,35,5,Masakan,0,0,1,0.009090909,0,0,0,0,0,1.583898918,1.103676444,1.54724988,-0.42779268,-1.164354947
Lose Weight,100 g,388.89,61.11,2.78,25.93,Masakan,0,0,0,0.066676952,0,1,0,1,1,0.965535492,1.223356978,-0.510449949,1.377324586,0.56398624
Skm Coklat,100 g,333.33,57.14,9.52,2.38,Masakan,0,0,0,0.007140071,0,0,0,1,0,0.712032793,1.146637318,0.399446175,-0.97510629,-1.251450072
Keju Cheddar,100 g,403,1.28,33.14,24.9,Masakan,0,0,1,0.0617866,0,0,1,0,1,1.025964616,-1.350912316,1.496496494,1.322527536,0.465247632
Keju Slice,100 g,294.12,5.88,20.59,17.65,Masakan,0,0,1,0.06000952,0,0,1,0,1,0.515361051,-0.727267552,1.062860126,0.879225527,0.427686201
Gold Cheddar,100 g,333.33,20.83,25,4.17,Masakan,0,0,0,0.012510125,0,0,0,0,0,0.712032793,0.154070007,1.237720912,-0.576472886,-1.017527961
Cheddar Cheese,100 g,300,10,25,10,Masakan,0,0,1,0.033333333,0,0,1,0,0,0.545940358,-0.401417191,1.237720912,0.230238998,-0.263744484
Greenfield Organic,100 g,357.14,85.71,0,14.29,Masakan,0,0,0,0.04001232,0,1,0,1,0,0.823922432,1.632232832,-1.634431737,0.62617441,-0.065640852
Keju Serbaguna,100 g,300,26.67,20,6.67,Masakan,0,0,1,0.022233333,0,0,0,0,0,0.545940358,0.371068601,1.036912083,-0.171710575,-0.637524863
Quick Melt,100 g,375,12.5,31.25,6.25,Masakan,0,0,0,0.016666667,0,0,0,0,0,0.904582679,-0.245931587,1.442137865,-0.231664832,-0.84854898
Slice Melt,100 g,375,6.25,28.12,18.75,Masakan,0,0,0,0.05,0,0,1,0,0,0.904582679,-0.692882407,1.345024979,0.95430163,0.197935761
Cheese Spread,100 g,300,6.67,30,6.67,Masakan,0,0,1,0.022233333,0,0,1,0,0,0.545940358,-0.655376586,1.404484847,-0.171710575,-0.637524863
Singles,100 g,305.88,11.76,20.59,17.65,Masakan,0,0,0,0.057702367,0,0,0,0,1,0.576117347,-0.289582574,1.062860126,0.879225527,0.377523633
Belcube,100 g,260,4.6,20,12,Masakan,0,0,0,0.046153846,0,0,1,0,0,0.329233466,-0.857837366,1.036912083,0.427518936,0.100778599
Stroberi Beku Tanpa Pemanis,100 g,35,9.13,0.11,0.43,Snack,0,0,0,0.012285714,1,1,1,1,0,-1.845687883,-0.461617843,-1.548517273,-1.67661279,-1.026943123
Sukun,100 g,103,27.12,0.23,1.07,Masakan,0,0,0,0.01038835,0,1,0,1,0,-0.85340951,0.386339669,-1.463631325,-1.391120312,-1.107782083
Pisang Kepok Rebus,100 g,115,30.08,0.35,1.23,Buah,0,0,0,0.010695652,0,1,0,1,0,-0.730682564,0.482561735,-1.386330088,-1.330797461,-1.094537869
Matoa,100 g,87,21.4,0.49,1.05,Masakan,0,0,0,0.012068966,1,1,0,1,0,-1.033000809,0.177005298,-1.304056871,-1.398914137,-1.036065903
Jamblang,100 g,60,15.56,0.23,0.72,Masakan,0,0,0,0.012,1,1,0,1,0,-1.394695653,-0.082130198,-1.463631325,-1.536984428,-1.038974614
Beri,100 g,33,7.98,0.3,0.68,Masakan,0,0,0,0.020606061,1,1,1,1,0,-1.890125208,-0.547314802,-1.417706418,-1.555093841,-0.697476552
Durian,100 g,147,27.09,5.33,1.47,Buah,0,0,0,0.01,0,0,0,1,0,-0.440812686,0.385327197,-0.057115233,-1.24635825,-1.124603921
Apel Granny Smith,100 g,52,13.81,0.17,0.26,Buah,0,0,0,0.005,1,1,0,1,0,-1.522505027,-0.17278175,-1.505032207,-1.769100613,-1.349880234
Jeruk Bali Merah Dan Merah Muda,100 g,42,10.66,0.14,0.77,Buah,0,0,0,0.018333333,1,1,0,1,0,-1.70220912,-0.358038221,-1.526500886,-1.514804272,-0.783587456
Banana,100 g,91.3,23.39,0.35,1.13,Masakan,0,0,0,0.01237678,1,1,0,1,0,-0.982695048,0.253867093,-1.386330088,-1.368086232,-1.023118778
Stroberi Beku,100 g,87,23.46,0.14,0.52,Masakan,0,0,0,0.005977011,1,1,0,1,0,-1.033000809,0.256485665,-1.526500886,-1.631083283,-1.304562949
Mangga Muda,100 g,59,15.32,0.24,0.46,Buah,0,0,0,0.00779661,1,1,0,1,0,-1.410025141,-0.094133231,-1.456919736,-1.661193846,-1.221862766
Pisang Single,100 g,90,22,0,1,Buah,0,0,0,0.011111111,1,1,0,1,0,-0.9977331,0.200689822,-1.634431737,-1.41866166,-1.076725851
Buah Srikaya,100 g,94,23.64,0.29,2.06,Buah,0,0,0,0.021914894,1,1,0,1,0,-0.951914992,0.26319399,-1.424120072,-1.063150143,-0.64914691
Kedondong,100 g,41,10,0.27,0.88,Masakan,0,0,0,0.021463415,1,1,1,1,0,-1.721685166,-0.401417191,-1.437091409,-1.46767804,-0.665715687
Nangka Muda,100 g,54,11.89,0.36,2.3,Masakan,0,0,0,0.042592593,1,1,0,1,0,-1.489388668,-0.281782085,-1.380188522,-0.996485982,0.006030694
Rasberi Beku,100 g,103,26.16,0.16,0.7,Masakan,0,0,0,0.006796117,0,1,0,1,0,-0.85340951,0.353539564,-1.512129296,-1.545997559,-1.267063765
Pisang Mas,100 g,90,23.27,0.33,1.1,Buah,0,0,0,0.012222222,1,1,0,1,0,-0.9977331,0.249365258,-1.398744955,-1.379539058,-1.029612489
Belimbing,100 g,31,6.73,0.33,1.04,Masakan,0,0,0,0.033548387,1,1,1,1,0,-1.936371773,-0.650142481,-1.398744955,-1.402833327,-0.257069873
Nanas Potongan Manis Beku,100 g,86,22.2,0.1,0.4,Buah,0,0,0,0.004651163,1,1,0,1,0,-1.044937642,0.208483901,-1.555982788,-1.692286326,-1.366217534
Ceri Merah Asam,100 g,50,12.18,0.3,1,Masakan,0,0,0,0.02,1,1,0,1,0,-1.556479748,-0.264586705,-1.417706418,-1.41866166,-0.720165191
Manggis,100 g,73,17.91,0.58,0.41,Masakan,0,0,0,0.005616438,1,1,0,1,0,-1.209343121,0.02914401,-1.254989867,-1.687032933,-1.321212554
Sirsak,100 g,66,16.84,0.3,1,Masakan,0,0,0,0.015151515,1,1,0,1,0,-1.30612357,-0.020183714,-1.417706418,-1.41866166,-0.908974246
Jeruk Dengan Kulit,100 g,63,15.5,0.3,1.3,Buah,0,0,0,0.020634921,1,1,0,1,0,-1.349705695,-0.085118932,-1.417706418,-1.305464793,-0.696401058
Pisang Kepok,100 g,104,27.44,0.26,0.97,Buah,0,0,0,0.009326923,0,1,0,1,0,-0.842826322,0.397090386,-1.443650574,-1.430695865,-1.153984506
Pisang Goreng,100 g,263.16,43.16,8.42,3.16,Buah,0,0,0,0.012007904,0,0,0,1,0,0.3471414,0.841319818,0.299334312,-0.784989712,-1.038641108
Puding Pisang,100 g,127,21.2,3.6,2.4,Buah,0,0,0,0.018897638,0,0,0,1,0,-0.616286599,0.169007097,-0.338999603,-0.969823165,-0.761943387
Pisang Goroho,100 g,111,28.04,0.27,1.53,Buah,0,0,0,0.013783784,0,1,0,1,0,-0.770592685,0.417011152,-1.437091409,-1.226255244,-0.964666731
Sanggara Belanda,100 g,242,36.71,10.83,3.58,Masakan,0,0,0,0.014793388,0,0,0,1,0,0.224317627,0.675891656,0.506349065,-0.693943612,-0.923450625
Nutrijell Rasa Pisang,100 g,400,70,15,0,Buah,0,0,0,0,0,0,0,1,0,1.013237671,1.382931583,0.783878293,-1.931501751,-1.592191924
Roti Isi Pisang Coklat,100 g,342.86,54.29,10,8.57,Buah,0,0,0,0.024995625,0,0,0,1,0,0.757445457,1.089157203,0.440024212,0.071218035,-0.538903276
Roti Manis Cokelat Pisang,100 g,344.44,53.33,10,7.78,Buah,0,0,0,0.022587388,0,0,0,1,0,0.764891773,1.069306479,0.440024212,-0.024757113,-0.624665098
Roti Isi Rasa Cokelatpisang,100 g,345.45,58.18,8.18,7.27,Snack,0,0,0,0.021045014,0,0,0,1,0,0.76963967,1.167097718,0.276008837,-0.090358646,-0.681166625
Pisang Molen,100 g,275,39.05,11.68,3.91,Buah,0,0,0,0.014218182,0,0,0,0,0,0.412976183,0.738147922,0.56980695,-0.626876937,-0.94685916
Roti Manis Isi Pisang Cokelat,100 g,270,43,8,5,Buah,0,0,0,0.018518519,0,0,0,1,0,0.385412556,0.837438149,0.258128474,-0.42779268,-0.776465246
Prime Duo Custard Pisang Cokelat,100 g,345.45,52.73,12.73,9.09,Buah,0,0,0,0.026313504,0,0,0,1,0,0.76963967,1.056768778,0.642798446,0.131065169,-0.493206531
Nasi Padang Rendang,100 g,181.48,17.59,10.19,5.19,Masakan,0,0,0,0.028598193,0,0,0,0,0,-0.172784591,0.014611171,0.455619796,-0.396040459,-0.415994511
Swiss Roll Strawberry,100 g,388.89,61.11,16.67,5.56,Buah,0,0,0,0.014297102,0,0,0,1,0,0.965535492,1.223356978,0.875916028,-0.336329128,-0.943635912
Serealfit,100 g,130,25,2.5,2,Masakan,0,0,0,0.015384615,0,1,0,1,0,-0.588833079,0.312751347,-0.577264696,-1.08045143,-0.899591876
Britobar,100 g,454.55,63.64,18.18,9.09,Masakan,0,0,0,0.0199978,0,0,0,0,0,1.235290799,1.270390082,0.952230381,0.131065169,-0.72024791
Jantung Pisang,100 g,123,31.83,0.35,1.4,Buah,0,0,0,0.011382114,0,1,0,1,0,-0.653578368,0.536323534,-1.386330088,-1.270299367,-1.065164778
Pisang Raja,100 g,122,30.73,0.34,0.97,Buah,0,0,0,0.00795082,0,1,0,1,0,-0.66302841,0.502783561,-1.392515352,-1.430695865,-1.214954093
Pisang Uli,100 g,143,35.55,0.56,1.08,Buah,0,0,0,0.007552448,0,1,0,1,0,-0.474559593,0.643973724,-1.265658148,-1.387245421,-1.232833118
Pisang Barangan,100 g,107,27.87,0.35,1.21,Buah,0,0,0,0.011308411,0,1,0,1,0,-0.811481136,0.411397825,-1.386330088,-1.338149259,-1.068304465
Pisang Tanduk,100 g,122,31.89,0.37,1.3,Buah,0,0,0,0.010655738,0,1,0,1,0,-0.66302841,0.538129136,-1.374090027,-1.305464793,-1.096254781
Pisang Lampung,100 g,99,25.65,0.34,1.15,Buah,0,0,0,0.011616162,1,1,0,1,0,-0.896445837,0.335767411,-1.392515352,-1.360520776,-1.055216677
Pisang Raja Direbus Matang,100 g,115,30.96,0.18,0.78,Buah,0,0,0,0.006782609,0,1,0,1,0,-0.730682564,0.509866185,-1.49799294,-1.510427072,-1.267678542
Pisang Nugget,100 g,300,35,15,4,Buah,0,0,0,0.013333333,0,0,0,0,0,0.545940358,0.628580016,0.783878293,-0.609198585,-0.983250803
Pisang Keju,100 g,250,25.53,13.64,8.62,Buah,0,0,1,0.03448,0,0,0,0,0,0.271575617,0.331549525,0.701858169,0.077081343,-0.228389262
Keripik Pisang,100 g,519,58.4,33.6,2.3,Buah,0,0,0,0.004431599,0,0,0,0,0,1.47551197,1.171392031,1.50929035,-0.996485982,-1.376543185
Pisang Bolen Cokelat,100 g,400,40,24,8,Buah,0,0,0,0.02,0,0,0,0,0,1.013237671,0.762662245,1.200706459,0.002625828,-0.720165191
Sale Pisang,100 g,276,66.51,0.9,2.87,Buah,0,0,0,0.010398551,0,1,0,1,0,0.418448207,1.322136677,-1.099885462,-0.852137211,-1.107341481
Carang Gesing,100 g,81,13.44,2.36,2.78,Masakan,0,0,0,0.034320988,1,1,0,1,0,-1.10605994,-0.192944799,-0.612615477,-0.873773899,-0.233257857
Cavendish Banana Chips,100 g,600,53.33,40,3.33,Snack,0,0,0,0.00555,0,0,0,0,0,1.750319524,1.069306479,1.672164082,-0.747310081,-1.324289925
Getuk Pisang,100 g,142,34.12,0.44,1.14,Buah,0,0,0,0.008028169,0,1,0,1,0,-0.483095397,0.603587302,-1.332556663,-1.364296605,-1.211494626
Roti Manis Pandan Srikaya,100 g,316.67,55,6.67,6.67,Snack,0,0,0,0.021062936,0,0,0,1,0,0.630488932,1.103676444,0.114297818,-0.171710575,-0.680502872
Roti Isi Krim Meses,100 g,375,52.5,15,7.5,Snack,0,0,1,0.02,0,0,0,0,0,0.904582679,1.051935428,0.783878293,-0.060393685,-0.720165191
Roti O,100 g,430,49,23,6,Snack,0,0,0,0.013953488,0,0,0,0,0,1.137722812,0.976431213,1.162246844,-0.268650804,-0.95769661
Sandwich Gandum Cokelat Hazelnut,100 g,325,45,12.5,7.5,Snack,0,0,0,0.023076923,0,0,0,0,0,0.671614028,0.885234384,0.62727829,-0.060393685,-0.606991625
Roti Sandwich Funwari Mangga Cheesecake,100 g,274.73,46.15,7.69,6.59,Buah,0,0,0,0.023987187,0,0,0,1,0,0.411496433,0.912030492,0.226516531,-0.182929352,-0.574456278
Roti Isi Selai Cokelat,100 g,340,56,12,8,Snack,0,0,0,0.023529412,0,0,0,1,0,0.743907475,1.123898798,0.592646683,0.002625828,-0.590765445
Roti Isi Coklat Keju,100 g,339.62,49.06,11.32,7.55,Snack,0,0,1,0.022230728,0,0,0,0,0,0.742102937,0.977757741,0.543443273,-0.053963483,-0.637619718
Roti Multigrain,100 g,251,46.4,3.8,10,Snack,0,0,0,0.039840637,0,0,0,1,0,0.27741072,0.917792164,-0.301643034,0.230238998,-0.070502641
Roti Goreng,100 g,320,47.69,11.36,7.18,Snack,0,0,0,0.0224375,0,0,0,0,0,0.647015797,0.947173238,0.546408724,-0.102261291,-0.630101283
Roti Sandwich Isi Coklat,100 g,285.71,45.24,8.33,7.14,Snack,0,0,0,0.024990375,0,0,0,1,0,0.470898031,0.890866855,0.290654636,-0.107584189,-0.539087049
Roti Tawar Gandum,100 g,271.43,47.14,5,8.57,Snack,0,0,0,0.031573518,0,0,0,1,0,0.393330709,0.934717104,-0.104660044,0.071218035,-0.319135679
Roti Manis Kasur Coklat,100 g,264.44,53.33,5.56,8.89,Snack,0,0,0,0.033618212,0,0,0,1,0,0.354353923,1.069306479,-0.025361107,0.108338463,-0.254907092
Sausage Bun,100 g,368,40,10,16,Masakan,0,0,0,0.043478261,0,0,0,0,0,0.873285051,0.762662245,0.440024212,0.759849875,0.030038294
Roti Sandwich Isi Keju,100 g,285.71,38.1,11.9,7.14,Snack,0,0,1,0.024990375,0,0,0,0,0,0.470898031,0.713203304,0.585567615,-0.107584189,-0.539087049
Sagu Keju,100 g,500,66.67,16.67,0,Masakan,0,0,1,0,0,0,0,0,0,1.406899323,1.32497365,0.875916028,-1.931501751,-1.592191924
Roti Manis Kasur,100 g,325,55,8.75,8.75,Snack,0,0,0,0.026923077,0,0,0,1,0,0.671614028,1.103676444,0.330494756,0.092215391,-0.472359045
Roti Sandwich Funwari Coklat Stroberi,100 g,263.74,47.25,5.49,5.49,Snack,0,0,0,0.020815955,0,0,0,1,0,0.350412503,0.93721665,-0.034911103,-0.347420554,-0.689664803
Roti Sobek Coklat,100 g,327.1,53.27,9.35,7.48,Snack,0,0,0,0.022867625,0,0,0,1,0,0.681869034,1.068057293,0.384648652,-0.062974034,-0.614532678
Roti Sisir Keju,100 g,371.43,54.29,14.29,5.71,Snack,0,0,1,0.015373018,0,0,0,0,0,0.888670712,1.089157203,0.741929799,-0.312869373,-0.900057937
Biokul Topping Mocha Granola,100 g,230,27,9,10,Masakan,0,0,0,0.043478261,0,0,0,0,0,0.151411323,0.382285014,0.353436225,0.230238998,0.030038294
Roti Isi Coklat,100 g,280,40,10,5,Snack,0,0,0,0.017857143,0,0,0,0,0,0.440203351,0.762662245,0.440024212,-0.42779268,-0.801989097
Roti Tawar,100 g,270.27,47.3,4.05,8.11,Snack,0,0,0,0.03000703,0,0,0,1,0,0.386909758,0.938351426,-0.256988534,0.016121807,-0.369620038
Kue Coklat Dengan Campuran Coklat,100 g,367,54.6,16.4,4.1,Snack,0,0,0,0.011171662,0,0,0,0,0,0.868781192,1.09551331,0.861615463,-0.589844926,-1.074138783
Roti Isi Keju,100 g,307.69,46.15,10.77,9.23,Snack,0,0,1,0.029997725,0,0,0,0,0,0.585327548,0.912030492,0.501706238,0.146765514,-0.369923289
Kue Bolu,100 g,297,57.7,4.3,7.3,Snack,0,0,0,0.024579125,0,0,0,1,0,0.530389774,1.157687506,-0.214401758,-0.086413568,-0.553525093
Roti Isi Krim Coklat G,100 g,360,48,16,8,Snack,0,0,1,0.022222222,0,0,0,0,0,0.837019509,0.954148549,0.840034149,0.002625828,-0.637929491
Roti Isi Selai Stroberi,100 g,291.67,59.72,4.17,5.56,Snack,0,0,0,0.019062639,0,0,0,1,0,0.502497738,1.196915836,-0.236300954,-0.336329128,-0.755647824
Roti Isi Cokelat,100 g,220,32,8,4,Snack,0,0,0,0.018181818,0,0,0,0,0,0.088668625,0.54143314,0.258128474,-0.609198585,-0.789428851
Roti Sandwich Isi Tuna Mayo Spicy,100 g,211.54,34.62,5.77,7.69,Snack,1,0,0,0.036352463,0,0,0,1,0,0.034067587,0.617843307,0.002714542,-0.036113749,-0.171875503
Roti Isi Srikaya,100 g,310.34,53.45,7.76,6.9,Snack,0,0,0,0.022233679,0,0,0,1,0,0.59874629,1.071801819,0.233747994,-0.139957546,-0.637512269
Roti Abon Ayam Mayo Pedas,100 g,333.33,46.67,11.67,10,Snack,0,0,0,0.0300003,0,0,0,0,0,0.712032793,0.92398979,0.569084352,0.230238998,-0.369839365
Roti Mini Isi Krim Keju,100 g,350,42.5,15,7.5,Snack,0,0,1,0.021428571,0,0,0,0,0,0.790913138,0.825240815,0.783878293,-0.060393685,-0.666998859
Roti Kacang,100 g,217,42.4,2.17,6.28,Snack,0,1,0,0.028940092,0,1,0,1,0,0.069471347,0.822789022,-0.6629164,-0.227293724,-0.40465464
Roti Sandwich Isi Spicy Crab Mayo,100 g,211.54,36.54,4.81,5.77,Snack,0,0,0,0.027276165,0,0,0,1,0,0.034067587,0.67125948,-0.133182812,-0.303600006,-0.460366045
Focaccia,100 g,292,40.64,11.11,6.89,Masakan,0,0,0,0.02359589,0,0,0,0,0,0.504234591,0.778943227,0.527721852,-0.141323007,-0.588390374
Banh Mi,100 g,200,29,7,13,Masakan,0,0,0,0.065,0,0,0,0,1,-0.042840854,0.448265491,0.152091854,0.517378292,0.530873829
Roti Sandwich Funwari Cokelat Pisang,100 g,285.71,45.05,8.79,6.59,Buah,0,0,0,0.023065346,0,0,0,1,0,0.470898031,0.88640959,0.33420296,-0.182929352,-0.607408159
Roti Kasur Coklat Keju,100 g,333.33,50,13.33,7.78,Snack,0,0,1,0.023340233,0,0,0,1,0,0.712032793,0.998389357,0.68214356,-0.024757113,-0.597536568
Roti Krim Keju,100 g,333.33,51.67,11.67,5,Snack,0,0,1,0.01500015,0,0,0,1,0,0.712032793,1.03436557,0.569084352,-0.42779268,-0.915083675
Roti Manis Kasur Kombinasi,100 g,333.33,53.33,8.89,8.89,Snack,0,0,0,0.026670267,0,0,0,1,0,0.712032793,1.069306479,0.343410399,0.108338463,-0.480983189
Krim Moka,100 g,303.03,45.45,10.61,7.58,Masakan,0,0,1,0.025014025,0,0,0,0,0,0.561540162,0.895777703,0.489213724,-0.050119437,-0.538259325
Roti Stik Abon Ayam,100 g,342.86,52.86,11.43,10,Snack,0,0,0,0.029166424,0,0,0,1,0,0.757445457,1.059493962,0.551576229,0.230238998,-0.39717816
Roti Isi Selai Nanas,100 g,342.86,60,7.14,8.57,Buah,0,0,0,0.024995625,0,0,0,1,0,0.757445457,1.202277553,0.167676721,0.071218035,-0.538903276
Roti Abon,100 g,430,40,24,11,Snack,0,0,0,0.025581395,0,0,0,0,0,1.137722812,0.762662245,1.200706459,0.332091071,-0.518485756
Roti Panggang Coklat,100 g,323.08,60,6.15,6.15,Snack,0,0,0,0.019035533,0,0,0,1,0,0.662198759,1.202277553,0.051462766,-0.246337911,-0.756681028
Multigrain Bread,100 g,300,47.5,7.5,10,Masakan,0,0,0,0.033333333,0,0,0,1,0,0.545940358,0.942881932,0.206603555,0.230238998,-0.263744484
Roti Sandwich Rasa Pandan Isi Sarikaya,100 g,265.31,46.94,6.12,6.12,Snack,0,0,0,0.023067355,0,0,0,1,0,0.359242736,0.930161721,0.047705486,-0.25077106,-0.607335865
Klasik Pan Pandan,100 g,275,57.5,1.25,10,Masakan,0,0,0,0.036363636,0,1,0,1,0,0.412976183,1.153749922,-0.956611155,0.230238998,-0.171542743
Croiss With Cocoa Cream,100 g,400,53.33,20,6.67,Masakan,0,0,0,0.016675,0,0,0,0,0,1.013237671,1.069306479,1.036912083,-0.171710575,-0.848220278
Dorayaki Custard Coklat,100 g,309.09,58.18,6.36,7.27,Masakan,0,0,0,0.023520657,0,0,0,1,0,0.592426382,1.167097718,0.07734886,-0.090358646,-0.591078378
Roti Isi Krim Coklat,100 g,350,53.33,11.67,6.67,Snack,0,0,1,0.019057143,0,0,0,1,0,0.790913138,1.069306479,0.569084352,-0.171710575,-0.755857297
Roti Coklat Keju,100 g,157.5,23.5,6.38,5.75,Snack,0,0,1,0.036507937,0,0,0,0,0,-0.35507411,0.257979526,0.079777213,-0.306682645,-0.167250033
Roti Isi Krim Rasa Blueberry,100 g,340,58,8,8,Snack,0,0,1,0.023529412,0,0,0,1,0,0.743907475,1.163575472,0.258128474,0.002625828,-0.590765445
Roti Isi Daging Ayam,100 g,280,45.33,6.67,9.33,Snack,0,0,0,0.033321429,0,0,0,1,0,0.440203351,0.892973503,0.114297818,0.157877672,-0.264114567
Roti Sobek Coklat Keju,100 g,327.1,47.66,11.21,8.41,Snack,0,0,1,0.025710792,0,0,0,0,0,0.681869034,0.946496481,0.535240516,0.052293323,-0.513998531
Roti Panggang Rasa Coklat,100 g,375,52.5,12.5,12.5,Snack,0,0,0,0.033333333,0,0,0,0,0,0.904582679,1.051935428,0.62727829,0.473098217,-0.263744484
Roti Panggang Rasa Durian,100 g,369.23,52.31,15.38,7.69,Buah,0,0,0,0.020827127,0,0,0,0,0,0.878813464,1.047931152,0.805603141,-0.036113749,-0.689249683
Cheese Danish Bread,100 g,320,54,7,8,Masakan,0,0,1,0.025,0,0,0,1,0,0.647015797,1.08318746,0.152091854,0.002625828,-0.538750148
Roti Tawar Pandan Kupas,100 g,340.91,59.09,5.68,11.36,Snack,0,0,0,0.033322578,0,0,0,1,0,0.748223336,1.184785331,-0.009214352,0.367136368,-0.264078838
Roti,100 g,371.43,60,7.14,8.57,Snack,0,0,0,0.023072988,0,0,0,1,0,0.888670712,1.202277553,0.167676721,0.071218035,-0.607133192
Sobek Keju,100 g,333.33,55,10,8.33,Masakan,0,0,1,0.02499025,0,0,0,1,0,0.712032793,1.103676444,0.440024212,0.042736628,-0.539091423
Roti Sandwich,100 g,288.89,55.56,3.33,8.89,Snack,0,0,0,0.030772959,0,0,0,1,0,0.487813099,1.115033286,-0.391976285,0.108338463,-0.344795441
Selai Srikaya,100 g,350,45,17.5,5,Masakan,0,0,0,0.014285714,0,0,0,0,0,0.790913138,0.885234384,0.918602784,-0.42779268,-0.944100781
Roti Tawar Kupas,100 g,250,42.5,5,7.5,Snack,0,0,0,0.03,0,0,0,1,0,0.271575617,0.825240815,-0.104660044,-0.060393685,-0.369849143
Keju Feta,100 g,264,4.09,21.28,14.21,Masakan,0,0,1,0.053825758,0,0,1,0,1,0.351877283,-0.916015125,1.092358667,0.619640147,0.289540477
Kue Tambang,100 g,462,54.34,24.13,7.08,Snack,0,0,0,0.015324675,0,0,0,0,0,1.26419194,1.090184147,1.205597661,-0.115606946,-0.902001472
Cheese Stick Rasa Pizza,100 g,291.67,20.83,20.83,8.33,Masakan,0,0,1,0.028559674,0,0,0,0,0,0.502497738,0.154070007,1.073221543,0.042736628,-0.417275546
Cheese Triangles,100 g,388.89,11.11,33.33,16.67,Masakan,0,0,1,0.042865592,0,0,0,0,0,0.965535492,-0.329484089,1.501800794,0.80936953,0.01346269
Cream Cheese,100 g,133.33,3.33,8.33,10,Masakan,0,0,1,0.075001875,0,0,1,0,1,-0.558854291,-1.011224306,0.290654636,0.230238998,0.717555511
Bolu Tape,100 g,324,49.69,11.43,5.01,Masakan,0,0,0,0.015462963,0,0,0,1,0,0.666714947,0.991616368,0.551576229,-0.426102087,-0.896445437
Bocconcini Cheese,100 g,212.12,3.03,18.18,15.15,Masakan,0,0,1,0.071421837,0,0,1,0,1,0.037857486,-1.05220046,0.952230381,0.694784811,0.653651944
Mozza Cheese,100 g,333.33,6.67,26.67,13.33,Masakan,0,0,1,0.0399904,0,0,1,0,0,0.712032793,-0.655376586,1.296599264,0.545931357,-0.066260943
Keju Kambing Lembut,100 g,268,0.89,21.08,18.52,Lauk,0,0,1,0.069104478,0,0,1,0,1,0.374290567,-1.439776117,1.083899384,0.938878829,0.610588248
Keju Edam,100 g,357,1.43,27.8,24.99,Masakan,0,0,1,0.07,0,0,1,0,1,0.823279499,-1.319705654,1.334539606,1.327382772,0.62739199
Keju Alami,100 g,363,2.47,27.77,25.48,Masakan,0,0,1,0.070192837,0,0,1,0,1,0.85068233,-1.13510405,1.333550893,1.353588996,0.630983537
Pasta Keju,100 g,625,50,37.5,0,Masakan,0,0,1,0,0,0,0,0,0,1.830024775,0.998389357,1.611649269,-1.931501751,-1.592191924
Super Ring,100 g,571.43,50,42.86,7.14,Masakan,0,0,0,0.012494969,0,0,0,0,0,1.656430563,0.998389357,1.737204981,-0.107584189,-1.018162884
Kue Pia Rasa Pandan,100 g,360,68,12,8,Snack,0,0,0,0.022222222,0,0,0,1,0,0.837019509,1.348367606,0.592646683,0.002625828,-0.637929491
Keju Krim Bebas Lemak,100 g,96,5.8,1.36,14.41,Masakan,0,0,1,0.150104167,1,1,1,0,1,-0.929495235,-0.73487973,-0.915975512,0.635925948,1.543547306
Zuperrr Keju Malkist,100 g,523.81,61.9,23.81,4.76,Masakan,0,0,1,0.009087264,0,0,0,0,0,1.492611415,1.238191735,1.193513811,-0.469042587,-1.16451537
Keju Mozzarella Tanpa Lemak,100 g,149,3.5,0,31.7,Masakan,0,0,1,0.212751678,0,1,1,0,1,-0.424170743,-0.988921931,-1.634431737,1.657195954,1.824625896
Keju Romano,100 g,387,3.63,26.94,31.8,Masakan,0,0,1,0.082170543,0,0,1,0,1,0.957329149,-0.972280629,1.305797714,1.661693849,0.836522729
Keju Cottage,100 g,103,2.68,4.51,12.49,Masakan,0,0,1,0.121262136,0,0,1,0,1,-0.85340951,-1.102938334,-0.180089415,0.472199649,1.317462649
Cream Cheese Light,100 g,180,2,14,10,Masakan,0,0,1,0.055555556,0,0,1,0,1,-0.183548121,-1.212641797,0.72425721,0.230238998,0.32938521
Cedda Cheese Slice,100 g,300,20,23.33,6.67,Masakan,0,0,1,0.022233333,0,0,0,0,0,0.545940358,0.119874219,1.175105384,-0.171710575,-0.637524863
Srikaya Ketan,100 g,264,49.07,6.49,2.88,Masakan,0,0,0,0.010909091,0,0,0,1,0,0.351877283,0.977978715,0.093021594,-0.849757457,-1.085373689
Mini Babybel Tasty Cheddar,100 g,309.09,2.27,24.09,23.18,Masakan,0,0,0,0.074994338,0,0,1,0,1,0.592426382,-1.167094208,1.20409526,1.22710513,0.717424232
Babybel Mini Original Cheese,100 g,350,0,25,20,Masakan,0,0,1,0.057142857,0,0,1,0,1,0.790913138,-1.710248162,1.237720912,1.035752511,0.365115342
Mild Cheese,100 g,300,20,20,6.67,Masakan,0,0,1,0.022233333,0,0,0,0,0,0.545940358,0.119874219,1.036912083,-0.171710575,-0.637524863
Keju Camembert,100 g,300,0.46,24.26,19.8,Masakan,0,0,1,0.066,0,0,1,0,1,0.545940358,-1.555013783,1.210464705,1.022979322,0.550711219
Smokey Bbq Slices,100 g,323.53,6.47,25.29,17.06,Masakan,0,0,0,0.052730813,0,0,1,0,1,0.664408849,-0.673043462,1.248200349,0.837523061,0.26381948
Cheddar Singles,100 g,300,6.67,20,13.33,Masakan,0,0,0,0.044433333,0,0,1,0,0,0.545940358,-0.655376586,1.036912083,0.545931357,0.055594834
Kue Bolu Coklat,100 g,297,54.68,6.05,8.25,Snack,0,0,0,0.027777778,0,0,0,1,0,0.530389774,1.097149375,0.038879235,0.033115755,-0.443431783
Cheese Stick,100 g,291.67,20.83,18.75,8.33,Masakan,0,0,1,0.028559674,0,0,0,0,0,0.502497738,0.154070007,0.979550386,0.042736628,-0.417275546
Shred Cheese,100 g,300,33.33,20,0,Masakan,0,0,1,0,0,0,0,0,0,0.545940358,0.580756312,1.036912083,-1.931501751,-1.592191924
Tart,100 g,278,41.55,11.35,3.05,Masakan,0,0,0,0.010971223,0,0,0,0,0,0.429352209,0.801779644,0.545668223,-0.810016002,-1.082711316
Keju Singles Kurang Lemak,100 g,233.33,6.67,13.33,20,Masakan,0,0,1,0.08571551,0,0,1,0,1,0.171895307,-0.655376586,0.68214356,1.035752511,0.891216447
Gourmet Slices,100 g,305.88,2.94,24.71,17.06,Masakan,0,0,0,0.055773506,0,0,1,0,1,0.576117347,-1.064928564,1.227128996,0.837523061,0.334337993
Lapis Legit,100 g,415,25.26,33.65,5.11,Masakan,0,0,0,0.012313253,0,0,0,0,0,1.07624114,0.322007866,1.510671163,-0.409315781,-1.025786089
Shoops,100 g,228.57,25.71,12.86,2.86,Masakan,0,0,0,0.012512578,0,0,0,0,0,0.14255344,0.337871132,0.651460988,-0.854521769,-1.01742521
Keju Cheddar Atau Colby Rendah Lemak,100 g,173,1.91,7,24.35,Masakan,0,0,1,0.140751445,0,0,1,0,1,-0.235281598,-1.228491838,0.152091854,1.292567046,1.479216478
Burrito With Chicken,100 g,242,16.57,12.01,16.9,Masakan,0,0,0,0.069834711,0,0,0,0,1,0.224317627,-0.032972531,0.593351721,0.826030862,0.624305965
Mie Gepeng Soup Green Chili Soto,100 g,432.84,59.7,17.91,10.45,Masakan,0,0,0,0.02414287,0,0,0,0,0,1.149199358,1.196532163,0.939016976,0.276930435,-0.568934065
Honey Mustard Chicken,100 g,148.33,0.83,5.83,23.33,Masakan,0,0,0,0.157284433,0,0,1,0,1,-0.429728947,-1.454615059,0.010583103,1.235634026,1.587984617
Burrito With Chicken And Beans,100 g,228,19.06,11.2,12.93,Masakan,0,0,0,0.056710526,0,0,0,0,1,0.13901225,0.079927602,0.534491307,0.511254164,0.355461393
Fish Bites,100 g,260.42,21.88,13.54,11.46,Masakan,0,0,0,0.044005837,0,0,0,0,0,0.331622074,0.195989484,0.695542633,0.376729608,0.044197902
Cream Cake Brownis Isi Krim Strawberry,100 g,400,60,15,0,Buah,0,0,1,0,0,0,0,0,0,1.013237671,1.202277553,0.783878293,-1.931501751,-1.592191924
Beef Bowl Large,100 g,170.49,21.48,6.23,7.05,Masakan,0,0,0,0.041351399,0,0,0,0,0,-0.254175171,0.180189915,0.061408892,-0.119635775,-0.028120905
Fish Nugget,100 g,170,32,1.5,8,Lauk,0,0,0,0.047058824,0,1,0,1,0,-0.257885393,0.54143314,-0.866802623,0.002625828,0.124111449
Fish Snack,100 g,350,60,0,25,Snack,0,0,0,0.071428571,0,1,0,1,1,0.790913138,1.202277553,-1.634431737,1.327921433,0.653775117
Mooyam Steak,100 g,140,4,4.67,20,Masakan,0,0,0,0.142857143,0,0,1,0,1,-0.500289168,-0.926721128,-0.154776734,1.035752511,1.494379168
Fish Scallop,100 g,208.33,33.33,8.33,8.33,Masakan,0,0,0,0.03998464,0,0,0,1,0,0.01296467,0.580756312,0.290654636,0.042736628,-0.066423922
Italian Pesto Chicken,100 g,163,3,5,24,Masakan,0,0,0,0.147239264,0,0,1,0,1,-0.311693483,-1.056419784,-0.104660044,1.273236087,1.5246524
Fish Roll,100 g,160,22,3,10,Masakan,0,0,0,0.0625,0,1,0,0,1,-0.335231182,0.200689822,-0.461196885,0.230238998,0.480069179
Stir Fried Tofu And Mushroom,100 g,139,8,11,3,Masakan,0,0,0,0.021582734,0,0,1,0,0,-0.508948106,-0.545757476,0.519382376,-0.821567311,-0.661326371
Beef Bowl Regular,100 g,162.62,19.29,6.43,7.14,Masakan,0,0,0,0.043906039,0,0,0,0,0,-0.314658693,0.089826597,0.085820646,-0.107584189,0.041527456
Gold Cake Double Chocolate,100 g,318.18,36.36,15.91,4.55,Snack,0,0,0,0.014300082,0,0,0,0,0,0.637997577,0.666338022,0.835111413,-0.506251759,-0.943514287
Steam Cake Strawberry Flavor,100 g,375,53.75,15,5,Buah,0,0,0,0.013333333,0,0,0,0,0,0.904582679,1.078022571,0.783878293,-0.42779268,-0.983250803
Honey Garlic Chicken Bites,100 g,200,18.89,7.78,13.33,Masakan,0,0,0,0.06665,0,0,0,0,1,-0.042840854,0.072557314,0.235803968,0.545931357,0.563460062
Tofu Fish Cake,100 g,225,15,17.5,10,Snack,0,0,0,0.044444444,0,0,0,0,0,0.120275246,-0.110340353,0.918602784,0.230238998,0.055890143
Red Velvet Cake,100 g,488.64,53.41,29.55,4.55,Snack,0,0,0,0.009311559,0,0,0,0,0,1.365029759,1.070970488,1.390573096,-0.506251759,-1.154658539
Marble Cake,100 g,339,61.38,10.89,3.94,Snack,0,0,0,0.011622419,0,0,0,1,0,0.739155757,1.228442572,0.510969409,-0.620956254,-1.054951177
Truffle Mushroom Chicken,100 g,185,4,7,20,Masakan,0,0,0,0.108108108,0,0,1,0,1,-0.147420485,-0.926721128,0.152091854,1.035752511,1.182578802
Japanese Cheese Cake,100 g,303.03,30.3,15.15,9.09,Snack,0,0,1,0.02999703,0,0,0,0,0,0.561540162,0.489440481,0.792512289,0.131065169,-0.369945941
Cream Cake Strawberry,100 g,450,50,25,0,Buah,0,0,0,0,0,0,0,0,0,1.21748185,0.998389357,1.237720912,-1.931501751,-1.592191924
Beef Stew With Carrot,100 g,400,70,7,16,Masakan,0,0,0,0.04,0,0,0,1,0,1.013237671,1.382931583,0.152091854,0.759849875,-0.065989347
Mug Cake Cokelat,100 g,357.14,50,14.29,2.38,Snack,0,0,0,0.006664053,0,0,0,0,0,0.823922432,0.998389357,0.741929799,-0.97510629,-1.273079514
Fish Dumpling Cheese,100 g,125,10,5,10,Masakan,0,0,1,0.08,0,0,1,0,1,-0.634832161,-0.401417191,-0.104660044,0.230238998,0.801715918
Chocolate Strawberry Layer Cake,100 g,400,43.75,21.88,6.25,Buah,0,0,0,0.015625,0,0,0,0,0,1.013237671,0.855544932,1.117307277,-0.231664832,-0.889949303
Beef Teriyaki Chicken Combo Large,100 g,148.75,18.88,4.5,8.38,Masakan,0,0,0,0.056336134,0,0,0,0,1,-0.426242728,0.072122331,-0.181694728,0.048717021,0.347054337
Burrito With Chicken Beans And Sour Cream,100 g,224,16.98,12.38,11.42,Masakan,0,0,0,0.050982143,0,0,0,0,1,0.113992126,-0.013608293,0.619080062,0.372899549,0.221920244
Burrito With Chicken And Sour Cream,100 g,235,14.66,13.19,14.59,Masakan,0,0,0,0.062085106,0,0,0,0,1,0.182093822,-0.127823061,0.67310603,0.65044271,0.471467125
Original Beef Bowl With Veggies,100 g,113.25,16.45,2.99,4.49,Masakan,0,0,0,0.039646799,0,1,0,0,0,-0.74802657,-0.038702753,-0.463378766,-0.517084565,-0.076006
Fish Shumai,100 g,195.12,18.29,8.54,10.98,Masakan,0,0,0,0.056273063,0,0,0,0,1,-0.076265324,0.046169326,0.31078456,0.330120169,0.345633745
Pie Buah,100 g,316,42.6,16.1,3,Buah,0,0,0,0.009493671,0,0,0,0,0,0.627149531,0.827688478,0.845474685,-0.821567311,-1.146679008
Cheese Cake,100 g,363.64,43.64,18.18,7.27,Snack,0,0,1,0.0199923,0,0,0,0,0,0.853587178,0.852903269,0.952230381,-0.090358646,-0.72045472
Burger Daging Ayam,100 g,260,24,13,12,Lauk,0,0,0,0.046153846,0,0,0,0,0,0.329233466,0.276503544,0.660703338,0.427518936,0.100778599
Salmon Coated Fried Made With Cooking Spray,100 g,209,11.64,6.61,24.05,Masakan,1,0,0,0.11507177,0,0,0,0,1,0.017387351,-0.296834933,0.107259338,1.276010534,1.256883701
Salmon Coated Fried Made Without Fat,100 g,207,11.6,6.32,24.12,Masakan,1,0,0,0.116521739,0,0,0,0,1,0.004156805,-0.299263607,0.072473148,1.279887507,1.271517141
Salmon Coated Fried Made With Margarine,100 g,222,9.93,10.58,20.51,Masakan,1,0,0,0.092387387,0,0,1,0,1,0.101368867,-0.406128994,0.486853045,1.067899634,0.987325966
Chicken Yakiniku,100 g,300,15,10,37.5,Masakan,0,0,0,0.125,0,0,0,0,1,0.545940358,-0.110340353,0.440024212,1.902000944,1.351736327
Chicken Katsu,100 g,200,13,10,15,Masakan,0,0,0,0.075,0,0,0,0,1,-0.042840854,-0.217421908,0.440024212,0.683026646,0.717522852
Steak Tempe,100 g,179,13.99,9.25,11.76,Lauk,0,0,0,0.065698324,0,0,0,0,1,-0.190854596,-0.16310607,0.375835178,0.405153241,0.544755461
Nugget Chicken Stick,100 g,269.23,19.23,13.46,17.31,Lauk,0,0,0,0.064294469,0,0,0,0,1,0.381137199,0.087252218,0.690460199,0.855321535,0.516712848
Chicken Drumstick Original Recipe,100 g,235.29,5.88,13.73,21.57,Masakan,0,0,0,0.091674104,0,0,1,0,1,0.183859832,-0.727267552,0.707506948,1.13285686,0.977457665
Steak Daging Sapi Hanya Bagian Yang Tidak Berlemak Yang Dimakan,100 g,187,0,6.63,29.81,Lauk,0,0,0,0.159411765,0,0,1,0,1,-0.133153768,-1.710248162,0.109611381,1.570095849,1.600391971
Daging Sapi Tbone Steak Diiris Hingga Cm Lemak,100 g,212,0,14.31,19.39,Lauk,0,0,0,0.091462264,0,0,1,0,1,0.037073943,-1.710248162,0.743136743,0.99649162,0.97450861
Hot Chicken Flavor Ramen X Spicy,100 g,428.57,60.71,12.14,9.29,Masakan,0,0,0,0.021676739,0,0,0,0,0,1.131924716,1.215792875,0.602470311,0.153442928,-0.657873553
Fire Chicken,100 g,271.43,15.54,13.04,23.21,Masakan,0,0,0,0.085510076,0,0,0,0,1,0.393330709,-0.083125559,0.663327763,1.228814206,0.888117897
Onion Chicken,100 g,400,80,8,8,Masakan,0,0,0,0.02,0,0,0,1,0,1.013237671,1.545777731,0.258128474,0.002625828,-0.720165191
Burger Sapi,100 g,181.82,18.18,6.06,12.12,Lauk,0,0,0,0.066659333,0,0,0,0,1,-0.170320254,0.041266434,0.04014525,0.438581128,0.563642296
Chicken Tofu,100 g,400,7.5,25,35,Masakan,0,0,0,0.0875,0,0,1,0,1,1.013237671,-0.585477941,1.237720912,1.800278235,0.917773639
Singles Bbq Chicken,100 g,352.94,17.65,23.53,11.76,Masakan,0,0,0,0.033320111,0,0,0,0,0,0.804559827,0.017349978,1.182817438,0.405153241,-0.264155528
Steak Daging Sapi,100 g,252,0,15.01,27.29,Lauk,0,0,0,0.108293651,0,0,1,0,1,0.283230147,-1.710248162,0.784456298,1.447225487,1.184648424
Beef Burger,100 g,258,32.5,9.5,10.6,Masakan,0,0,0,0.041085271,0,0,0,0,0,0.317823255,0.556350343,0.397717217,0.29217584,-0.035521387
Beef Teriyaki Masakan,100 g,151,22.3,3.1,8.6,Masakan,0,0,0,0.056953642,0,0,0,0,1,-0.407678549,0.212362471,-0.439660747,0.074738881,0.360897294
Beef Yakiniku Masakan,100 g,132,20.7,1.1,9.8,Masakan,0,0,0,0.074242424,0,1,0,1,1,-0.570766702,0.148777761,-1.015200769,0.20900741,0.704259033
Chicken Teriyaki Masakan,100 g,168,7.5,9.6,13,Masakan,0,0,0,0.077380952,0,0,1,0,1,-0.273104344,-0.585477941,0.406330689,0.517378292,0.758329049
Flying Fish Biscuits,100 g,466.67,70,16.67,6.67,Masakan,0,0,0,0.014292755,0,0,0,0,0,1.282148082,1.382931583,0.875916028,-0.171710575,-0.943813354
Tauco Cap Das Cake,100 g,358,70.4,4.3,7.5,Snack,0,0,0,0.020949721,0,0,0,1,0,0.827868145,1.389758446,-0.214401758,-0.060393685,-0.684698647
Hongkong Soya Chicken,100 g,144.17,3.33,3.33,23.33,Masakan,0,0,0,0.161822848,0,0,1,0,1,-0.46462356,-1.011224306,-0.391976285,1.235634026,1.614056883
Lemon Pepper Chicken,100 g,113.33,0.83,0.83,23.33,Masakan,0,0,0,0.205858996,0,1,1,0,1,-0.747229787,-1.454615059,-1.131554246,1.235634026,1.803226099
Shrimp Wonton Soup,100 g,261.9,42.86,5.95,8.33,Masakan,0,0,0,0.031806033,0,0,0,1,0,0.340018396,0.834033187,0.026123692,0.042736628,-0.311737571
Cake Tape,100 g,323,50.1,11.5,4.9,Snack,0,0,0,0.015170279,0,0,0,1,0,0.661805637,1.00056775,0.556715955,-0.44482074,-0.90821784
Korean Spicy Chicken,100 g,448.28,66.67,16.09,9.2,Masakan,0,0,0,0.020522887,0,0,0,0,0,1.210717954,1.32497365,0.844932004,0.143415337,-0.700578565
Veggie Noodle Tomato,100 g,360,70.67,4.67,9.33,Masakan,0,0,0,0.025916667,0,0,0,1,0,0.837019509,1.394350736,-0.154776734,0.157877672,-0.506876253
Soft Cake Choco Banana,100 g,400,52,18.67,5.33,Snack,0,0,0,0.013325,0,0,0,0,0,1.013237671,1.041375329,0.97576188,-0.373127466,-0.98359575
Green Barley Noodle Vegetable Soup,100 g,360,65.33,2.67,18.67,Masakan,0,0,0,0.051861111,0,1,0,1,1,0.837019509,1.301060213,-0.536114917,0.948953155,0.243108439
Organic Noodle Spinach,100 g,375,75,2.5,12.5,Masakan,0,0,0,0.033333333,0,1,0,1,0,0.904582679,1.466320749,-0.577264696,0.473098217,-0.263744484
Vegan Noodle Rasa Soto,100 g,458.82,60,20,8.24,Masakan,0,0,0,0.017959113,0,0,0,0,0,1.251894464,1.202277553,1.036912083,0.031908585,-0.79803802
Roti Burger,100 g,300,50,8,10,Snack,0,0,0,0.033333333,0,0,0,1,0,0.545940358,0.998389357,0.258128474,0.230238998,-0.263744484
Bean Soup Mix,100 g,363.64,65.45,1.82,21.82,Masakan,0,0,0,0.0600044,0,1,0,1,1,0.853587178,1.303216084,-0.763637038,1.147828831,0.427576645
Thai Basil Chicken,100 g,186.67,7.78,4.44,26.67,Masakan,0,0,0,0.142872449,0,0,1,0,1,-0.135500665,-0.563029752,-0.191385674,1.415691835,1.49448789
Tauco Cap Beruang Cake,100 g,347,67.6,5.2,7.4,Snack,0,0,0,0.021325648,0,0,0,1,0,0.776907832,1.341366868,-0.075555261,-0.073343179,-0.670792956
Roti Isi Chicken Teriyaki,100 g,277.78,47.22,6.94,9.72,Snack,0,0,0,0.03499172,0,0,0,1,0,0.428155368,0.936535371,0.145332563,0.200428787,-0.212795765
Curly Fried Noodle Salted Egg,100 g,480,53,25,11,Masakan,0,0,0,0.022916667,0,0,0,0,0,1.332742278,1.062423385,1.237720912,0.332091071,-0.612763657
Tom Yum Noodle,100 g,67.57,14.86,0,0,Masakan,0,0,0,0,1,1,0,1,0,-1.283841315,-0.117505796,-1.634431737,-1.931501751,-1.592191924
Scallops Kerang Coated Fried,100 g,211,13.03,11.14,13.78,Masakan,1,0,0,0.065308057,0,0,0,0,1,0.030532752,-0.215735229,0.529983672,0.584051509,0.537013974
Steak Daging Babi Atau Potongan Daging,100 g,248,0,14.25,28,Lauk,0,0,0,0.112903226,0,0,1,0,1,0.259857962,-1.710248162,0.739511371,1.482680818,1.234471159
Cumicumi Coated Fried,100 g,231,12.94,11.93,16.89,Masakan,0,0,0,0.073116883,0,0,0,0,1,0.157583583,-0.220803235,0.587696835,0.825309941,0.684297947
Gold Cake Original Japanese Cake,100 g,281.25,31.25,12.5,9.38,Snack,0,0,0,0.033351111,0,0,0,0,0,0.446958752,0.51874336,0.62727829,0.163402293,-0.263191944
Chicken Karage,100 g,240,21,11,13,Masakan,0,0,0,0.054166667,0,0,0,0,1,0.212338755,0.160955869,0.519382376,0.517378292,0.297469041
Chicken Breast Original Recipe,100 g,220.86,6.75,12.88,20.86,Masakan,0,0,0,0.094448972,0,0,1,0,1,0.094139238,-0.648404403,0.65278678,1.089618772,1.015323209
Tuna Fresh Coated Fried,100 g,237,9.85,10.75,23.82,Masakan,1,0,0,0.100506329,0,0,1,0,1,0.194243437,-0.411541093,0.500153594,1.263212077,1.093257452
