Nama Makanan,Ukuran Porsi,Kalori (kkal),Karbohidrat (g),Lemak (g),Protein (g)
Nasi Putih,100 g,129.0,27.9,0.28,2.66
"Nasi Putih (Butir-Sedang, Dimasak)",100 g,130.0,28.59,0.21,2.38
Rice,100 g,125.82,27.97,0.14,3.19
Nasi Goreng,100 g,168.0,21.06,6.23,6.3
Nasi Merah,100 g,110.0,22.78,0.89,2.56
Nasi Padang,100 g,174.74,18.42,3.95,18.42
"Nasi Putih (Butir-Pendek, Dimasak)",100 g,130.0,28.73,0.19,2.36
Nasi,100 g,70.0,18.0,0.0,1.0
Nasi Liwet,100 g,138.0,25.94,2.72,2.74
"Nasi Putih (Butir-Panjang, Dimasak)",100 g,130.0,28.17,0.28,2.69
Nasi Jagung,100 g,150.0,26.14,3.99,2.67
Nasi Basmati,100 g,121.0,25.22,0.38,3.54
Nasi Uduk,100 g,83.0,55.0,35.0,25.0
Nasi Kebuli,100 g,159.0,20.7,6.33,4.87
Bubur Pedas,100 g,81.0,12.09,2.13,3.96
Nasi Daun Jeruk,100 g,183.0,33.83,3.55,3.16
Ketupat,100 g,160.0,30.36,2.42,3.27
Nasi Pecel,100 g,230.0,31.74,9.33,6.58
"Nasi Merah (Butir-Sedang, Dimasak)",100 g,112.0,23.51,0.83,2.32
Bubur Nasi,100 g,72.0,15.26,0.54,1.5
Nasi Ketan (Ketan),100 g,97.0,21.09,0.19,2.02
Multi Grain Mix,100 g,400.0,76.0,4.0,12.0
Nasi Goreng Cina,100 g,151.0,18.95,5.61,5.67
Nasi Tiwul,100 g,147.0,35.08,0.26,1.25
Beras Hitam,100 g,235.29,50.59,2.35,7.06
Ready Meal Chicken Popbites Sambal Matah,100 g,187.5,25.94,6.25,7.19
Iwel Iwel,100 g,226.0,40.0,6.08,3.13
Nasi Uduk Komplit,100 g,136.0,14.0,3.43,12.29
Nasi Goreng Tanpa Daging,100 g,151.0,20.97,5.48,4.23
Beras Putih,100 g,361.0,79.48,0.59,6.75
Nasi Samin,100 g,207.0,36.72,5.36,4.47
Nasi Hitam,100 g,260.0,50.59,2.9,7.87
Shirataki Rice,100 g,11.76,3.53,0.0,1.18
Nasi Ayam Betutu Sambal Matah,100 g,196.0,24.0,7.6,7.6
Brondong Ketan,100 g,380.0,86.0,1.5,6.0
Beef & Teriyaki Chicken Combo (Large),100 g,148.75,18.88,4.5,8.38
Japanese Teriyaki Bento,100 g,126.67,17.67,4.0,4.67
Nasi Ayam Woku,100 g,160.0,24.4,2.4,9.6
Ronde,100 g,308.0,68.39,0.45,5.57
Ayam Saus Padang With Nasi Lemak,100 g,464.0,47.0,12.0,42.0
Nasi Coklat,100 g,116.0,24.51,0.73,2.47
Beef Bowl (Large),100 g,170.49,21.48,6.23,7.05
Basmati Rice Spaghetti,100 g,362.5,82.32,0.54,6.79
Fukumi Mentah,100 g,350.0,80.0,0.0,7.5
Rice Vermicelli Thai Tom Yum,100 g,200.0,36.0,4.0,4.0
Beef Bowl (Regular),100 g,162.62,19.29,6.43,7.14
Hoka Hemat 3,100 g,103.25,11.75,3.75,5.0
Perencah Nasi Goreng,100 g,233.33,33.33,6.67,6.67
Kari Jepang,100 g,153.0,25.55,4.23,5.14
Beras Merah,100 g,340.0,73.0,1.0,10.0
Original Beef Bowl With Veggies,100 g,113.25,16.45,2.99,4.49
Sumpia Udang Pedas,100 g,500.0,60.0,22.5,10.0
Rice Mix Bbq,100 g,600.0,0.0,70.0,0.0
Value Set,100 g,670.0,68.5,30.2,28.2
Rasa Ayam,100 g,422.22,71.11,11.11,6.67
Bubur Sapi,100 g,24.0,2.4,0.0,3.2
Mie,100 g,137.0,25.01,2.06,4.51
"Mie Telur (Ditambah, Masak)",100 g,138.0,25.16,2.07,4.54
Mi Goreng,100 g,475.0,61.25,21.25,9.0
Rasa Ayam Bawang,100 g,434.78,62.32,15.94,10.14
Bakmi,100 g,169.0,25.06,4.88,6.34
Mee Goreng,100 g,169.0,20.6,6.16,7.83
Mie Goreng,100 g,477.78,63.33,21.11,10.0
Rasa Soto Mie,100 g,428.57,65.71,14.29,10.0
Mie Jebew,100 g,208.0,25.06,10.12,5.36
Mie Telur Urai,100 g,364.29,73.57,1.43,15.0
Mie Telur Kering,100 g,384.0,71.27,4.44,14.16
Mie Aceh,100 g,116.0,17.96,3.58,3.34
Bihun Panjang,100 g,84.0,20.66,0.01,0.04
Cap 3 Ayam,100 g,358.21,76.12,0.0,10.45
Mie Glosor,100 g,72.0,15.71,0.86,0.27
Mie Tek Tek,100 g,300.0,10.0,12.0,34.0
Kwetiau,100 g,175.0,23.76,6.37,5.05
Mi Goreng Pedas,100 g,455.7,65.82,16.46,10.13
Bihun Goreng,100 g,152.0,18.26,5.68,5.91
Mie Urai,100 g,364.29,73.57,1.43,15.0
Gekikara Ramen Rasa Pedas,100 g,458.72,66.06,16.51,10.09
Rasa Soto,100 g,418.18,70.91,10.91,9.09
Japchae,100 g,369.0,75.22,6.21,0.67
Mie Rebus,100 g,434.78,62.32,15.94,10.14
Korean Spicy Chicken,100 g,448.28,66.67,16.09,9.2
Bakmi Mewah Rasa,100 g,460.0,64.0,20.0,10.0
Mi Goreng Rasa Rendang,100 g,461.54,64.84,17.58,9.89
Mi Instan Rasa Mi Goreng,100 g,400.0,67.69,9.23,10.77
Mie Gelas Rasa Ayam Bawang,100 g,400.0,60.0,20.0,10.0
Soto Banjar,100 g,449.28,62.32,18.84,10.14
Omelet Mie,100 g,138.0,24.43,2.03,4.48
Mie Kremezz Shake & Shorr,100 g,466.67,66.67,20.0,6.67
Mie Sedaap Cup Goreng,100 g,482.35,62.35,22.35,8.24
Mi Instan Rasa Kari Ayam,100 g,410.96,73.97,6.85,10.96
Mie Sagu,100 g,190.0,46.41,0.34,0.22
Mie Lidi Coklat,100 g,444.44,71.11,13.33,11.11
Veggie Noodle Tomato,100 g,360.0,70.67,4.67,9.33
Mie Instan Cup Kari Ayam,100 g,466.67,58.33,21.67,11.67
Bihunku Seduh Rasa Kaldu Ayam,100 g,333.33,75.0,0.0,4.17
Mie Goreng Jumbo,100 g,465.12,61.24,20.16,9.3
Mi Goreng Original,100 g,120.0,24.0,3.33,0.0
Tasty Bakmi Ayam Geprek Matah,100 g,459.68,65.32,16.94,11.29
Mi Goreng Rasa Soto,100 g,470.59,62.35,21.18,9.41
Mie Instan Kuah Alami Rasa Ayam Bawang,100 g,383.33,65.0,8.33,11.67
Mi Hokkien,100 g,170.0,17.57,6.12,10.39
Kari Ayam,100 g,444.44,62.5,16.67,9.72
Mie Lethek,100 g,164.0,24.12,4.62,5.95
Samyang Cheese,100 g,414.29,67.14,12.86,8.57
Green Barley Noodle Vegetable Soup,100 g,360.0,65.33,2.67,18.67
Organic Noodle Spinach,100 g,375.0,75.0,2.5,12.5
Mie Goreng Rasa Ayam,100 g,386.67,70.67,6.67,10.67
Fitmee Soto,100 g,65.22,10.87,2.17,0.0
Mie Instan,100 g,466.67,63.33,20.0,8.33
Mie Kering,100 g,360.0,88.0,0.0,0.0
Mi Keriting Goreng Spesial,100 g,444.44,62.22,16.67,11.11
Mi Instan Pedas Korea,100 g,367.65,69.12,6.62,8.82
Mi Goreng Rasa Mi Ayam Istimewa,100 g,420.0,62.0,16.0,7.0
Neoguri Udon,100 g,433.33,63.33,16.67,8.33
Mikuya Ramen Tori Kara Flavor,100 g,450.0,62.5,17.5,9.17
Ayam Bawang,100 g,453.33,61.33,20.0,9.33
Selera Pedas Rasa Sup Tomat Pedas,100 g,457.14,62.86,18.57,10.0
Korean Spicy Chicken Cup,100 g,469.14,62.96,20.99,9.88
Mie Selera Pedas Rasa Ayam Pedas Limau,100 g,458.82,68.24,16.47,9.41
Mie Goreng Extra Pedas,100 g,440.0,68.0,16.0,9.33
Champong,100 g,429.84,67.74,13.71,8.06
Mi Keriting Rasa Ayam Panggang,100 g,433.33,58.89,16.67,11.11
Mie Goreng Ala Chef Devina,100 g,462.37,63.44,18.28,10.75
Mie Gepeng Soup Green Chili Soto,100 g,432.84,59.7,17.91,10.45
Rasa Ayam Spesial,100 g,453.33,62.67,18.67,9.33
Ramen Keju,100 g,433.33,60.0,16.67,10.0
Tomyam Flavour,100 g,463.86,59.16,21.2,8.92
Mie Goreng Rendang,100 g,376.62,70.13,6.49,10.39
Rasa Tengkleng,100 g,466.67,60.0,18.67,12.0
Mie Gaga 100 Extra Pedas Goreng Jalapeno,100 g,447.06,63.53,16.47,9.41
Laksa Ala Singapura,100 g,435.29,68.24,14.12,9.41
Mi Instan Goreng Rasa Pedas,100 g,400.0,67.69,7.69,12.31
Niku Udon,100 g,104.35,15.65,3.7,7.39
Curly Fried Noodle Salted Egg,100 g,480.0,53.0,25.0,11.0
Bihun Kering,100 g,364.0,83.24,0.56,3.44
Tom Yum Noodle,100 g,67.57,14.86,0.0,0.0
Mikuya Ramen Iya-Iya Flavor,100 g,466.67,58.33,21.67,9.17
Ghost Pepper Creamy Curry Lontong,100 g,440.0,64.0,16.0,8.0
Ayam Goreng,100 g,260.0,10.76,14.55,21.93
"Daging Ayam (Panggang, Bakar, Dimasak)",100 g,167.0,0.0,6.63,25.01
Dada Ayam,100 g,195.0,0.0,7.72,29.55
"Daging Dada Ayam (Ayam Pedaging, Dipanggang, Dimasak)",100 g,165.0,0.0,3.57,31.02
Dada Ayam Rebus (Kulit Tidak Dimakan),100 g,150.0,0.0,3.0,28.74
Ayam Kecap,100 g,223.0,9.41,11.96,18.82
Ayam (Dilapisi Tepung Roti Dan Digoreng),100 g,297.0,16.32,18.82,15.59
Ayam,100 g,237.0,0.0,13.49,27.07
Opor Ayam,100 g,163.0,5.6,8.67,16.53
Ayam Masak Merah,100 g,131.0,7.53,4.31,16.01
Ayam Rica-Rica,100 g,202.0,3.71,11.41,20.49
Dada Ayam Goreng Ada Lapisan (Kulit Tidak Dimakan),100 g,184.0,0.0,4.68,33.34
Dada Ayam Goreng Tanpa Pelapis (Kulit Dimakan),100 g,216.0,0.0,9.1,31.67
Dada Ayam (Kulit Tidak Dimakan),100 g,164.0,0.0,3.54,30.76
Ayam Geprek,100 g,263.0,7.6,17.99,17.61
Ayam Suwir,100 g,112.0,0.0,2.07,21.86
Ayam Balado,100 g,207.0,3.0,10.0,23.0
Dada Ayam Panggang Atau Goreng Dilapisi Kulit,100 g,261.0,9.48,13.27,24.47
"Daging Paha Ayam (Ayam Pedaging, Dipanggang, Dimasak)",100 g,209.0,0.0,10.88,25.94
Ayam (Kulit Tidak Dimakan),100 g,188.0,0.0,7.35,28.69
Paha Ayam (Kulit Tidak Dimakan),100 g,207.0,0.0,10.79,25.72
Ayam Woku,100 g,117.0,0.68,5.14,16.11
Ayam Kuning,100 g,140.0,0.0,5.0,26.0
Dada Ayam Masak,100 g,110.0,0.0,1.24,23.09
Chicken Karage,100 g,240.0,21.0,11.0,13.0
Chicken Breast Original Recipe,100 g,220.86,6.75,12.88,20.86
Daging Dada Ayam (Ayam Pedaging),100 g,110.0,0.0,1.24,23.09
Ayam Potong Berbumbu,100 g,166.67,12.67,6.0,16.0
Ampela,100 g,145.0,0.0,2.66,30.14
Sayap Ayam (Kulit Tidak Dimakan),100 g,201.0,0.0,8.06,30.21
Leher Ayam,100 g,297.0,0.0,26.24,14.07
Hati Ayam,100 g,116.0,0.0,4.83,16.92
Ayam Goreng Tanpa Pelapis (Kulit Dimakan),100 g,260.0,0.0,15.35,28.62
Daging Dada Dan Kulit Ayam (Ayam Pedaging),100 g,172.0,0.0,9.25,20.85
Ayam Lada Hitam,100 g,177.0,4.25,8.34,20.49
Burger Daging Ayam,100 g,260.0,24.0,13.0,12.0
"Dada Ayam (Panggang Oven, Bebas Lemak, Iris)",100 g,79.0,2.17,0.39,16.79
Ayam Cincang Buncis,100 g,144.0,19.23,3.69,9.23
Daging Dan Kulit Ayam (Panggang),100 g,216.0,0.0,15.85,17.14
Bakpao Ayam,100 g,239.0,41.9,2.61,12.46
Nasi Ayam Hainan,100 g,200.0,24.0,8.0,10.0
Chicken Yakiniku,100 g,300.0,15.0,10.0,37.5
Ceker,100 g,215.0,0.2,14.6,19.4
Chicken Katsu,100 g,200.0,13.0,10.0,15.0
Hati Ayam Goreng,100 g,172.0,1.11,6.43,25.78
Ayam Goreng Mcd Spicy,100 g,273.0,9.9,16.8,19.0
Nugget Chicken Stick,100 g,269.23,19.23,13.46,17.31
Ayam Bakar (Kulit Tidak Dimakan),100 g,188.0,0.0,7.35,28.69
Chicken Drumstick Original Recipe,100 g,235.29,5.88,13.73,21.57
Rolade Ayam,100 g,132.53,7.23,6.02,14.46
Daging Burung Dara,100 g,142.0,0.0,7.5,17.5
French Blackpepper Bento,100 g,162.07,22.07,4.14,8.97
Minyak Ayam,100 g,900.0,0.0,99.8,0.0
Ayam Bakar,100 g,372.0,7.14,30.95,17.57
Kwetiau Goreng,100 g,210.0,26.0,9.0,7.0
Hot Chicken Flavor Ramen 2X Spicy,100 g,428.57,60.71,12.14,9.29
Fire Chicken,100 g,271.43,15.54,13.04,23.21
Nasi Jeruk Ayam Bakar,100 g,821.67,116.67,20.0,46.67
Kulit Ayam,100 g,454.0,0.0,40.68,20.36
Usus Ayam Goreng,100 g,345.0,19.84,21.69,17.78
Paha Ayam Panggang,100 g,245.0,0.0,15.36,24.85
Ayam Atau Kalkun Manis Dan Asam,100 g,89.0,11.23,2.43,6.09
Ayam Kukus Jahe,100 g,193.0,2.1,10.06,22.12
Sosis Ayam,100 g,213.33,20.0,10.67,9.33
Ayam Panggang,100 g,237.0,0.0,13.49,27.07
Kornet Daging Ayam,100 g,140.0,10.0,7.0,10.0
Daging Ayam (Panggang),100 g,111.0,0.0,2.7,20.33
Usus Ayam,100 g,94.0,0.0,2.06,17.66
Daging Paha Ayam (Ayam Pedaging),100 g,119.0,0.0,3.91,19.65
Kaldu Ayam,100 g,453.33,66.67,16.0,8.0
Daging Sapi,100 g,288.0,0.0,19.54,26.33
Daging Sapi (95% Tanpa Lemak / 5% Lemak),100 g,137.0,0.0,5.0,21.41
Rendang,100 g,195.0,4.49,11.07,19.68
Daging Sapi (70% Tidak Berlemak / 30% Lemak),100 g,332.0,0.0,30.0,14.35
Gulai Daging Sapi,100 g,109.0,3.02,4.63,13.2
Daging Sapi (90% Tanpa Lemak / 10% Lemak),100 g,176.0,0.0,10.0,20.0
Daging Sapi Panggang,100 g,267.0,0.0,17.32,25.91
Daging Sapi (85% Tanpa Lemak / 15% Lemak),100 g,215.0,0.0,15.0,18.59
Sapi Iris Mercon,100 g,386.25,3.75,25.0,35.0
Sumsum Sapi,100 g,786.0,0.0,84.4,6.7
Daging Sapi (80% Tanpa Lemak / 20% Lemak),100 g,254.0,0.0,20.0,17.17
Koyor Sapi,100 g,146.0,0.0,0.62,34.6
Lemak Sapi,100 g,902.0,0.0,100.0,0.0
Steak Daging Sapi,100 g,252.0,0.0,15.01,27.29
Babat Sapi,100 g,94.0,1.99,4.05,11.71
Daging Sapi Giling,100 g,276.0,0.0,18.58,25.35
Sapi Ala Jepang,100 g,255.56,6.67,16.67,17.78
Kari Daging Sapi,100 g,184.0,5.8,12.96,11.69
Dendeng Daging Sapi,100 g,410.0,11.0,25.6,33.2
Punggung Sapi,100 g,342.0,0.0,26.15,24.84
Paru Sapi,100 g,92.0,0.0,2.5,16.2
Usus Sapi,100 g,130.0,1.5,7.2,14.0
"Daging Sapi Sirloin Atas (Diiris Hingga 0.3 Cm Lemak, Kelas Tinggi)",100 g,214.0,0.0,14.28,19.92
Bakso Sapi,100 g,270.83,9.17,5.0,13.33
Kornet Daging Punggung Sapi  (Diawetkan),100 g,198.0,0.14,14.9,14.68
Abon Sapi,100 g,480.0,52.0,20.0,16.0
Sapi Iris Limau,100 g,400.0,11.25,32.5,16.25
Enchilada Dengan Keju Dan Daging Sapi,100 g,168.0,15.87,9.19,6.21
Sapi Panggang,100 g,533.33,53.33,30.0,6.67
"Daging Sapi T-Bone Steak (Bagian Tanpa Lemak, Diiris Hingga 0 Cm Lemak, Dimasak, Dipanggang)",100 g,189.0,0.0,8.69,25.99
Burger Sapi,100 g,181.82,18.18,6.06,12.12
"Daging Sapi Top Sirloin (Hanya Bagian Yang Tanpa Lemak, Diiris Hingga 0.3 Cm Lemak)",100 g,127.0,0.0,3.54,22.27
Rolade Sapi,100 g,156.63,9.64,7.23,12.05
Kaldu Sapi,100 g,375.0,0.0,1.88,93.75
Daging Sapi Muda,100 g,229.0,0.0,11.3,29.85
Mie Gelas Rasa Baso Sapi,100 g,428.57,64.29,14.29,10.71
Sosis Sapi,100 g,133.33,3.33,3.33,23.33
"Daging Sapi Top Sirloin (Diiris Hingga 0.3 Cm Lemak, Kualitas Menengah)",100 g,201.0,0.0,12.71,20.3
Kornet Daging Sapi,100 g,160.0,8.0,9.0,12.0
Hati Sapi,100 g,165.0,0.15,4.73,28.48
Daging Sapi Luncheon,100 g,200.0,10.0,12.0,10.0
Sozzis Sapi,100 g,180.0,18.0,7.0,10.0
Daging Sapi Ekstra Tanpa Lemak,100 g,248.0,0.0,15.35,25.71
Daging Sapi Panggang (Hanya Bagian Tanpa Lemak Yang Dimakan),100 g,198.0,0.0,8.52,28.32
Rasa Baso Sapi,100 g,467.53,63.64,19.48,9.09
Daging Sapi T-Bone Steak (Diiris Hingga 0.5 Cm Lemak),100 g,212.0,0.0,14.31,19.39
Daging Sapi Asap (Diawetkan),100 g,146.0,0.0,5.82,21.8
Daging Sapi Top Sirloin (Diiris Hingga 0.3 Cm Lemak),100 g,189.0,0.0,11.13,20.68
Steak Daging Sapi (Hanya Bagian Yang Tidak Berlemak Yang Dimakan),100 g,187.0,0.0,6.63,29.81
Daging Sapi Tenderloin (Diiris Hingga 0.3 Cm Lemak),100 g,247.0,0.0,18.16,19.61
Daging Sapi Top Loin (Diiris Hingga 0.3 Cm Lemak),100 g,228.0,0.0,15.49,20.61
Limpa Sapi,100 g,105.0,0.0,3.0,18.3
Kailan Sapi,100 g,104.0,5.0,6.0,8.0
Lidah Sapi,100 g,224.0,3.68,16.09,14.9
Enchilada Dengan Daging Sapi Dan Keju,100 g,202.0,15.78,11.37,10.02
Enchilada Dengan Daging Sapi,100 g,187.0,17.99,8.7,10.02
Gelas Baso Sapi,100 g,14000.0,1800.0,600.0,200.0
Semur Daging,100 g,141.0,4.34,8.0,12.7
Empal Daging,100 g,212.0,7.47,10.29,22.31
Oseng Mercon Daging,100 g,293.33,10.67,22.67,10.67
Daging,100 g,287.0,0.0,19.29,26.41
Daging Sapi (75% Tanpa Lemak / 25% Lemak),100 g,293.0,0.0,25.0,15.76
Daging Lada Hitam,100 g,269.23,38.46,11.54,7.69
Potongan Daging Domba (Daging Dan Lemak Dimakan),100 g,314.0,0.0,24.37,22.03
Daging Babi,100 g,271.0,0.0,17.04,27.34
Daging Domba Panggang,100 g,266.0,0.0,18.15,23.93
Soyburger Tanpa Daging,100 g,179.0,13.4,5.97,17.91
"Irisan Daging Babi (Biasa, Kira-Kira 11% Lemak)",100 g,163.0,3.83,8.6,16.6
Bakso Daging Sapi,100 g,107.69,4.62,2.31,18.46
Daging Rusa Besar,100 g,111.0,0.0,1.45,22.95
Daging Sapi Cincang,100 g,167.86,25.0,5.0,6.07
Potongan Daging Domba (Hanya Daging Yang Dimakan),100 g,215.0,0.0,10.48,28.17
Daging Domba,100 g,292.0,0.0,20.77,24.32
Steak Daging Babi Atau Potongan Daging,100 g,248.0,0.0,14.25,28.0
Daging Analog Cincang,100 g,375.0,37.5,0.0,52.5
Irisan Daging Babi (Ekstra Tanpa Lemak),100 g,110.0,2.63,2.86,17.28
Daging Kambing Goreng,100 g,153.0,0.0,4.52,26.46
Potongan Daging Babi,100 g,250.0,0.0,14.57,27.91
Bakso Tanpa Daging,100 g,197.0,8.0,9.0,21.0
"Daging Babi (Pinggang Bagian Atas, Tanpa Tulang)",100 g,144.0,0.0,5.89,21.35
Daging Menjangan/Rusa Rebus,100 g,190.0,0.0,3.93,36.08
Daging Isi Tortelini,100 g,193.0,17.36,7.65,12.64
Salad Pasta Atau Makaroni Dengan Daging,100 g,172.0,17.94,8.15,6.66
Daging Analog Irisan,100 g,350.0,30.0,2.5,52.5
Daging Menjangan/Rusa Yang Diawetkan,100 g,187.0,0.0,4.08,35.11
Potongan Daging Babi Panggang,100 g,240.0,0.0,13.8,27.09
Daging Menjangan/Rusa,100 g,190.0,0.0,3.93,36.08
"Daging Sapi Top Sirloin (Hanya Bagian Yang Tanpa Lemak, Diiris Hingga 0.3 Cm Lemak, Kualitas Tinggi)",100 g,131.0,0.0,4.08,22.09
Daging Punggung Sapi (Hanya Bagian Tanpa Lemak Yang Dimakan),100 g,230.0,0.0,11.53,29.63
Calzone Dengan Daging Dan Keju,100 g,348.0,30.9,18.12,14.62
Ikan,100 g,84.0,0.0,0.92,17.76
Ikan Tongkol Goreng,100 g,200.0,2.38,11.41,20.95
Ikan Kembung,100 g,167.0,0.0,9.36,19.32
Ikan Mujair Goreng,100 g,169.0,2.22,6.92,24.55
Ikan Kembung Balado,100 g,163.0,2.0,7.37,21.13
Ikan Panggang,100 g,126.0,0.33,3.44,21.94
Ikan Layang,100 g,112.0,0.0,1.75,22.72
Gulai Ikan,100 g,100.0,1.9,4.59,12.4
Ikan Tongkol,100 g,110.0,0.0,0.92,23.87
"Nila (Ikan) (Dimasak, Panas Kering)",100 g,128.0,0.0,2.65,26.15
Ikan Tongkol Asampadeh,100 g,119.0,6.1,3.5,15.7
Ikan Bandeng Goreng,100 g,233.0,2.38,16.4,18.08
Ikan Cakalang,100 g,132.0,0.0,1.29,28.21
Kakap (Ikan) (Spesies Campuran),100 g,100.0,0.0,1.34,20.51
Ikan Tuna,100 g,108.0,0.0,0.95,23.38
Nila (Ikan),100 g,96.0,0.0,1.7,20.08
Ikan Bawal,100 g,84.0,0.0,1.22,17.21
Ikan Mujair,100 g,88.0,0.0,1.34,18.66
Ikan Pindang,100 g,157.0,0.0,2.8,28.0
Ikan Kuah Kuning,100 g,116.0,3.15,2.63,19.16
Ikan Patin,100 g,89.0,0.0,2.96,14.91
Ikan Kerapu,100 g,92.0,0.0,1.02,19.38
Ikan Salem,100 g,158.0,0.0,7.89,20.07
Ikan Asin,100 g,195.0,0.0,1.59,42.16
Ikan Mas,100 g,87.0,0.0,2.08,16.01
Ikan Gurame Asam Manis,100 g,194.0,12.44,10.16,12.54
Ikan Tenggiri,100 g,121.0,0.0,3.3,21.4
Ikan Putih,100 g,172.0,0.0,7.51,24.47
Ikan Todak,100 g,121.0,0.0,4.01,19.8
Lele Goreng,100 g,105.0,0.0,2.85,18.47
Ikan Wader,100 g,84.0,0.0,2.27,14.88
Ikan Belanak,100 g,117.0,0.0,3.79,19.35
Ikan Bawal Goreng,100 g,113.0,0.0,2.69,20.78
Tuna Bumbu Kari,100 g,90.0,3.0,2.5,13.0
Ikan Kembung Goreng,100 g,167.0,0.0,9.36,19.32
Sardines Dalam Saus Extra Pedas,100 g,100.0,6.0,2.0,18.0
Ikan Bandeng,100 g,148.0,0.0,6.73,20.53
Ikan Selar,100 g,100.0,0.0,2.21,18.76
Ikan Lemuru,100 g,112.0,0.0,2.98,20.0
Ikan Kuwe,100 g,74.0,0.0,2.42,12.2
Pepes Tongkol,100 g,105.0,7.1,1.27,15.93
Olahan Ikan,100 g,150.0,27.0,3.5,3.0
Makarel,100 g,128.57,4.29,2.14,22.86
Fish Snack,100 g,350.0,60.0,0.0,25.0
Fish Nugget,100 g,170.0,32.0,1.5,8.0
Ikan Shisamo,100 g,165.0,0.0,8.37,21.14
Pepes Ikan Mas,100 g,98.0,0.16,4.63,13.21
Ikan Tuna Bumbu Pepes,100 g,110.0,6.0,4.5,12.0
Nila Bakar,100 g,130.0,0.6,3.05,25.38
Sardines In Tomato Sauce,100 g,171.43,1.43,11.43,15.71
Tuna Sirip Biru (Ikan),100 g,144.0,0.0,4.9,23.33
Ikan Baung,100 g,144.0,5.2,5.8,17.8
Tuna Sirip Kuning (Ikan),100 g,108.0,0.0,0.95,23.38
Ikan Todak Masak,100 g,177.0,0.49,8.23,23.8
Dimasak Hidup-Hidup,100 g,133.0,0.41,4.24,22.0
Salmon Kalengan,100 g,144.0,0.0,6.28,20.57
Tuna Chunk In Vegetable Oil,100 g,130.0,1.0,4.0,22.0
Fish Shumai,100 g,195.12,18.29,8.54,10.98
Ikan Pecak Atlantik Dan Pacifik,100 g,110.0,0.0,2.29,20.81
Keecho,100 g,200.0,12.0,10.0,16.0
Fish Dumpling Cheese,100 g,125.0,10.0,5.0,10.0
Sarden Dengan Saus Tomat (Campuran),100 g,186.0,0.74,10.46,20.86
Salmon Asap,100 g,117.0,0.0,4.32,18.28
Siomay Ikan,100 g,160.0,18.0,5.0,5.0
Ikan Baronang,100 g,78.0,0.0,0.64,16.96
Ikan Kembung Atlantik,100 g,205.0,0.0,13.89,18.6
Chikuwa,100 g,125.0,25.0,0.0,8.33
Crab Flavored Stick,100 g,133.33,20.0,0.0,6.67
Crab Stick,100 g,93.75,18.75,0.0,6.25
Ikan Senangin,100 g,88.0,0.0,2.11,16.22
Katsuobushi,100 g,340.0,2.34,2.26,76.8
Ikan Gindara,100 g,126.0,0.0,6.91,14.9
Ikan Kembung Kukus,100 g,201.0,2.31,12.0,20.21
Ikan Kod Panggang,100 g,122.0,0.41,3.59,20.91
Ikan Salmon,100 g,146.0,0.0,5.93,21.62
Fish Bites,100 g,260.42,21.88,13.54,11.46
Steamboat,100 g,150.0,20.0,5.0,10.0
Chinese Blackpepper Fish With Cu Chao Mian + Fuyunghai,100 g,946.0,98.0,26.0,80.0
Bakso Ikan,100 g,107.0,11.72,1.23,11.27
Gurame,100 g,125.0,0.0,5.49,17.48
Sarden Saus Sambal,100 g,183.33,8.33,11.67,11.67
Ikan Salmon Atlantik (Ditambak),100 g,183.0,0.0,10.85,19.9
Ikan Kod Atlantik,100 g,82.0,0.0,0.67,17.81
Ikan Kod Pacifik,100 g,82.0,0.0,0.63,17.9
Ikan Dori,100 g,84.0,0.0,4.11,11.02
Terasi,100 g,155.0,9.9,2.9,22.3
Udang,100 g,144.0,1.24,2.35,27.59
Udang Goreng,100 g,287.0,27.57,14.64,10.58
Udang Asam Manis,100 g,269.0,25.12,16.84,6.56
Udang Kukus Atau Rebus,100 g,138.0,1.19,2.26,26.5
Udang Goreng Tepung,100 g,245.0,11.77,12.26,20.7
Sambal Udang,100 g,137.0,24.59,2.47,4.78
Udang Panggang,100 g,154.0,1.17,5.03,24.47
Udang Goreng Mentega,100 g,202.0,12.0,7.0,19.0
Udang Kupas,100 g,62.5,0.0,0.89,11.61
Udang Rebon,100 g,284.0,3.33,3.75,59.15
Udang Crispy,100 g,466.67,26.67,30.0,26.67
Udang (Karang) Rebus Atau Kukus,100 g,81.0,0.0,1.19,16.63
Udang Karang (Udang),100 g,72.0,0.0,0.97,14.85
Kroket Udang,100 g,150.0,26.67,1.67,6.67
Salted Egg Prawn Roll,100 g,535.71,57.14,28.57,14.29
Seafood Platter,100 g,180.0,28.0,5.0,8.0
Ebi Fry,100 g,150.0,20.0,1.25,10.0
Udang Keju,100 g,370.0,27.0,26.0,6.0
Udang Lapis Tepung (Ebi Furai),100 g,150.0,23.0,2.0,10.0
Lumpia Udang,100 g,259.15,5.21,20.7,10.7
Ayam Udang Kribo,100 g,222.22,16.67,10.0,16.67
Siomay Udang,100 g,185.19,18.52,6.48,12.96
Terasi Udang Matang,100 g,250.0,25.0,2.5,40.0
Ebi Furai,100 g,181.82,29.55,1.14,11.36
Naget Udang Ebi Katsu,100 g,170.0,26.0,4.0,8.0
Prawn Crackers,100 g,433.33,76.67,11.67,6.67
Shrimp Creamy Tom Yum Flavour,100 g,67.22,2.22,0.67,0.28
Kaldu Udang,100 g,430.77,60.0,15.38,9.23
Sponge Crunch Cheddar Cheese,100 g,583.33,58.33,37.5,8.33
Spicy Cheese Dumpling,100 g,200.0,14.44,11.11,11.11
Shumai,100 g,175.0,27.5,5.0,7.5
Shrimp Shumai,100 g,158.54,19.51,4.27,9.76
Sambal Uleg Udang,100 g,437.5,12.5,37.5,12.5
Udang Popcorn Lapis Tepung,100 g,150.0,23.0,2.0,11.0
Kerupuk Udang Rasa Kari,100 g,466.67,66.67,20.0,0.0
Shrimp Roll,100 g,222.22,20.0,11.11,8.89
Petis,100 g,127.0,1.94,2.3,23.78
Shrimp Wonton Soup,100 g,261.9,42.86,5.95,8.33
Shrimp Crackers,100 g,500.0,64.29,25.0,7.14
Bola Udang,100 g,160.0,17.0,6.0,9.0
Terasi Udang,100 g,125.0,0.0,0.0,25.0
Petis Udang,100 g,350.0,60.0,2.5,25.0
Shrimp Hakau,100 g,162.16,22.97,4.05,6.76
Pangsit Udang,100 g,226.19,36.9,5.36,8.33
Golden Money Bag,100 g,145.83,25.0,0.0,8.33
Kekian,100 g,750.0,100.0,0.0,75.0
Siomay,100 g,206.06,10.91,13.03,10.91
Kerupuk Udang Nusantara,100 g,350.0,75.0,0.0,10.0
Sambal Ijo,100 g,409.09,9.09,36.36,9.09
Bakso Udang,100 g,120.0,18.0,2.0,7.0
Mini Wonton,100 g,320.0,34.0,14.0,10.0
Kerupuk Udang,100 g,120.0,80.0,0.0,10.0
Udang Scampi,100 g,212.0,0.01,15.83,16.87
Quick Bites Odeng Kue Ikan,100 g,216.67,23.33,8.33,10.0
Cumi-Cumi,100 g,92.0,3.08,1.38,15.58
Cumi Saus Padang,100 g,160.0,7.12,8.02,14.67
Cumi Asin,100 g,173.0,2.52,8.19,20.92
Cumi Goreng,100 g,125.0,9.9,2.17,15.13
Cumi Kukus Atau Rebus,100 g,91.0,3.05,1.37,15.45
Cumi Sambalado,100 g,199.5,3.0,11.5,16.0
Squid Ball Bakso Cumi,100 g,100.0,12.0,0.0,12.0
Imitation Squid Flower,100 g,133.33,10.0,5.56,10.0
Moricle Moringa Latte,100 g,400.0,56.0,12.0,20.0
Kerang Hijau,100 g,171.0,6.15,5.02,23.71
Kerang,100 g,217.0,10.49,10.96,18.14
Kerang Kukus Atau Rebus,100 g,106.0,2.33,3.09,16.18
Sate Kerang,100 g,155.0,10.8,3.69,19.58
Kerang (Spesies Campuran),100 g,88.0,2.36,0.76,16.78
Kerang Panggang,100 g,132.0,2.92,3.86,20.22
Pancake (Campuran Kering),100 g,194.0,36.7,2.5,5.2
Tapioka Mutiara Kering,100 g,358.0,88.69,0.02,0.19
Kelapa Kering,100 g,660.0,23.65,64.53,6.88
Spaghetti Kering,100 g,371.0,74.67,1.51,13.04
"Saus Kari (Kering, Dikeringkan)",100 g,427.0,50.62,23.1,9.38
"Jamur (Kering Padat, Kaleng)",100 g,25.0,5.09,0.29,1.87
Biji Wijen Kering Utuh,100 g,573.0,23.45,49.67,17.73
Roti Isi (Campu Kering),100 g,386.0,76.2,3.4,11.0
Salami Babi (Kering Atau Keras),100 g,407.0,1.6,33.72,22.58
Kacang Sangrai Kering (Dengan Garam),100 g,585.0,21.51,49.66,23.68
"Roti Isi (Campur Kering, Komersial)",100 g,178.0,21.7,8.6,3.2
Cranberry Kering (Dimaniskan),100 g,308.0,82.36,1.37,0.07
Kacang Pinus Kering,100 g,673.0,13.08,68.37,13.69
Biji Bunga Matahari Kering (Tanpa Garam),100 g,582.0,24.07,49.8,19.33
Kacang Kemiri Sangrai Kering (Dengan Tambahan Garam),100 g,710.0,13.55,74.27,9.5
"Biskuit Tawar Atau Mentega (Campuran Kering, Siap)",100 g,335.0,48.4,12.1,7.3
Biji Bunga Matahari Kering,100 g,570.0,18.76,49.57,22.78
Pasta Gandum Utuh Kering,100 g,348.0,75.03,1.4,14.63
"Halibut (Ikan) Atlantik Dan Pasifik (Dimasak, Panas Kering)",100 g,140.0,0.0,2.94,26.69
"Kacang Hijau (Kering Padat, Kaleng)",100 g,69.0,12.58,0.35,4.42
Kacang Sangrai Kering (Tanpa Garam),100 g,585.0,21.51,49.66,23.68
"Kacang Campuran Sangrai Kering (Dengan Kacang Tanah, Dengan Tambahan Garam)",100 g,594.0,25.35,51.45,17.3
Almond Sangrai Kering (Dengan Tambahan Garam),100 g,597.0,19.29,52.83,22.09
Roti Jagung (Muffin Jagung) (Campuran Kering),100 g,418.0,69.5,12.2,7.0
Kacang Almond Panggang Kering (Tanpa Tambahan Garam),100 g,597.0,19.29,52.83,22.09
Kacang Kemiri Kering Sangrai (Tanpa Tambahan Gula),100 g,710.0,13.55,74.27,9.5
Kacang Macadamia Sangrai Kering (Dengan Tambahan Garam),100 g,716.0,12.83,76.08,7.79
Muesli (Kering Buah-Buahan Dan Kacang-Kacangan),100 g,340.0,77.8,4.9,9.7
Biji Bunga Matahari  Sangrai Kering(Dengan Tambahan Garam),100 g,582.0,24.07,49.8,19.33
"Ikan Tuna Ringan (Kering Padat Dalam Air, Kalengan)",100 g,116.0,0.0,0.82,25.51
"Ikan Putih Tuna (Kering Padat Dalam Air, Kalengan)",100 g,128.0,0.0,2.97,23.62
Aprikot Kering,100 g,241.0,62.64,0.51,3.39
Jamur Merang,100 g,28.0,4.86,0.4,2.79
Air Keran,100 g,0.0,0.0,0.0,0.0
Rumput Laut Kering,100 g,298.0,52.39,4.01,31.84
Apel Kering,100 g,243.0,65.89,0.32,0.93
Cranberry Kering,100 g,308.0,82.36,1.37,0.07
Prune Kering,100 g,240.0,63.88,0.38,2.18
Kering Tempe,100 g,259.0,26.94,12.93,13.6
Kering Kentang,100 g,317.0,33.54,16.54,10.46
Kacang Asin Sangrai Kering,100 g,585.0,21.51,49.66,23.68
Buncis Kering Dimasak,100 g,236.0,27.55,10.7,8.77
Campuran Buah Kering,100 g,244.0,64.81,0.44,2.19
Kacang Mete Sangrai Kering,100 g,574.0,32.69,46.35,15.31
Kacang Campuran Sangrai Kering,100 g,594.0,25.35,51.45,17.3
Kacang Tawar Sangrai Kering,100 g,585.0,21.51,49.66,23.68
Biji Bunga Matahari (Yang) Dikuliti Sangrai Kering,100 g,582.0,24.07,49.8,19.33
Makaroni Atau Mie Dengan Keju (Campuran Kering),100 g,219.0,25.74,10.06,6.25
Kentang Tumbuk (Dari Kentang Kering),100 g,105.0,12.22,5.56,2.02
Biskuit Kering,100 g,500.0,66.67,23.33,6.67
Soes Kering,100 g,500.0,62.5,25.0,12.5
Kuetiaw Kering,100 g,360.0,82.0,0.0,7.0
Roti Kering,100 g,388.89,77.78,0.0,11.11
Soes Kering Cheese,100 g,625.0,37.5,43.75,12.5
Mie Kering Gandum,100 g,375.0,77.21,1.47,11.76
Buah Plum Kering,100 g,300.0,66.67,0.0,0.0
Mie Kering Shirataki,100 g,120.0,28.0,0.0,2.0
Soes Kering Original,100 g,571.43,42.86,35.71,14.29
Mie Kering Pipih,100 g,378.57,77.14,1.79,12.14
Kembang Tahu Kering,100 g,380.0,23.3,13.8,49.0
Sambal Rebon Kering,100 g,333.33,33.33,16.67,33.33
Mayonais Kurang Lemak,100 g,360.0,28.0,24.0,0.0
Ikan Teri Kering,100 g,170.0,0.0,3.0,33.4
Broker Brownies Kering,100 g,540.0,58.0,30.0,8.0
Bagelen Kering Rasa Keju,100 g,500.0,60.0,25.0,10.0
Singles Light 25% Kurang Lemak,100 g,205.88,5.88,11.76,17.65
Tahu,100 g,78.0,2.1,4.95,7.97
Tahu Kukus,100 g,78.0,1.93,4.34,7.97
Oseng Tahu,100 g,232.0,9.42,18.64,10.19
Sup Tahu,100 g,63.0,4.09,3.0,5.02
Tahu Kuning,100 g,80.0,0.8,4.7,10.9
Tahu Cabe Garam,100 g,153.0,23.22,3.33,7.89
Tahu Kecap,100 g,144.0,9.03,9.06,9.37
Tahu Bakso,100 g,167.0,27.0,3.0,8.0
Tahu Aci,100 g,217.0,18.18,14.07,6.39
Tahu Telur Tomat,100 g,100.0,5.0,8.0,8.0
Tahu Putih,100 g,120.0,3.33,7.33,10.67
Egg Tofu,100 g,70.0,1.0,7.0,5.0
Tahu Original,100 g,110.0,2.0,7.0,10.0
Tahu Susu,100 g,89.74,1.28,5.13,8.97
Tahu Bakar,100 g,118.0,4.04,7.08,12.06
Pepes Tahu Jamur,100 g,103.0,5.87,5.95,8.38
Tahu Gejrot,100 g,98.0,1.81,8.04,6.05
Tofu Tempe Delight,100 g,168.0,4.0,12.67,10.67
Seafood Tofu,100 g,200.0,10.0,16.0,8.0
Tahu Sutra Silken Tofu,100 g,115.0,2.0,8.0,9.0
Agedashi Tofu,100 g,100.0,8.0,5.0,5.0
Sapo Tahu,100 g,76.0,1.63,4.0,8.3
Tofu Telur,100 g,71.43,4.29,2.14,10.0
Chicken Tofu,100 g,400.0,7.5,25.0,35.0
Tahu Sutera,100 g,110.0,6.0,5.0,10.0
Mori-Nu Silken Tofu Organic,100 g,52.94,1.18,2.35,4.71
Sotong Tahu Bulat,100 g,346.0,50.72,14.02,4.55
Japanese Silken Tofu,100 g,115.0,2.0,8.0,9.0
Silken Tofu,100 g,80.0,2.4,3.2,10.4
Mangkok Tahu,100 g,710.0,6.0,65.0,26.0
Silken Egg Tofu,100 g,130.0,4.0,7.0,12.0
Tofu Telur Ayam,100 g,85.71,2.86,4.29,10.0
Tofu Rasa Udang,100 g,85.71,0.0,4.29,10.0
Tahu Sutera Telur,100 g,130.0,4.0,7.0,12.0
Tahu Kocek,100 g,203.0,10.11,14.04,13.19
Kembang Tahu,100 g,380.0,23.3,13.8,48.9
Mapo Tofu With Mushroom Szechuan Sauce,100 g,103.85,3.08,6.15,9.23
Kung Pao Fish With Yang Chow Fried Rice,100 g,189.2,18.8,5.2,16.8
Tofu Telur Veggie,100 g,85.71,4.29,4.29,8.57
Tempe,100 g,193.0,9.39,10.8,18.54
Tempe Rebus,100 g,196.0,9.35,11.38,18.19
Tempe Orek,100 g,175.0,15.6,8.2,13.11
Tempe Mendoan,100 g,200.0,12.69,12.78,11.18
Tempe Balado,100 g,242.0,11.47,17.05,14.69
Tempe Kecap,100 g,189.0,11.06,12.09,12.02
Oseng Buncis Tempe,100 g,210.0,32.3,6.45,7.94
Tempe Penyet,100 g,198.0,12.84,11.43,15.68
Keripik Tempe,100 g,534.0,58.41,31.92,5.15
Tempe Gembus,100 g,65.0,12.11,0.2,3.46
Steak Tempe,100 g,179.0,13.99,9.25,11.76
Buncis Orek Tempe,100 g,211.11,12.22,13.33,8.89
Tempe Chips Original,100 g,560.0,50.0,30.0,15.0
Krumpe,100 g,500.0,55.0,25.0,15.0
Keripik Tempe Rasa Tempe Orek,100 g,550.0,35.0,35.0,25.0
Tempeh Chips (Spicy Balado),100 g,560.0,52.0,36.0,12.0
Tempe Rasa Original,100 g,550.0,40.0,35.0,20.0
Tempe Chips Sour Cream,100 g,560.0,48.0,32.0,16.0
Tempe Chips,100 g,266.47,33.88,11.53,8.76
Tempe Chicken Onion,100 g,550.0,60.0,30.0,10.0
Tempe Himalayan Salt,100 g,600.0,46.67,40.0,13.33
Yc Nasi Yummy Daging Sapi Suwir,100 g,181.48,25.93,6.3,5.19
Fish Ma La Xiang Guo With Salted Fish Fried Rice + Kungpao Tempe,100 g,433.0,45.0,13.0,32.0
Semur Telur,100 g,130.0,5.27,7.81,9.7
Maklor,100 g,225.0,25.07,10.07,8.2
Putih Telur,100 g,52.0,0.73,0.17,10.9
Telur Puyuh Rebus,100 g,157.0,0.41,11.05,13.0
Telur Tomat,100 g,82.0,4.02,4.66,5.65
Telur Ceplok,100 g,92.0,0.4,7.04,6.27
Telur Rebus,100 g,452.94,3.29,31.06,36.82
Telur Kukus,100 g,144.0,3.26,7.85,14.26
Telur Ayam Kampung,100 g,140.0,1.67,9.0,13.67
Martabak,100 g,315.0,40.6,14.65,8.15
Quail Egg,100 g,162.5,0.88,12.25,12.5
Martabak Telur,100 g,185.0,18.52,7.68,9.9
Fu Yung Hai,100 g,131.0,3.61,9.71,7.55
Telur,100 g,174.0,1.2,14.0,10.8
Telur Omega,100 g,100.0,1.0,6.0,4.0
Telur Ayam Omega 3,100 g,150.0,1.67,10.0,11.67
Gudeg Original,100 g,190.0,10.0,12.0,11.0
Healthy Japanese Chicken Ramen + Korean Mayak Egg,100 g,468.0,48.0,12.0,42.0
Kacang Telur,100 g,560.0,52.0,36.0,4.0
Telur Ayam Negeri Rendah Kolestrol,100 g,158.73,0.0,14.29,11.11
Telur Pitan,100 g,171.0,5.1,11.0,12.15
Kuning Telur,100 g,322.0,3.59,26.54,15.86
Nasi Goreng Spesial,100 g,230.0,22.0,13.0,7.0
Aice Chocolate,100 g,90.0,14.0,4.0,2.0
Nata De Coco,100 g,66.67,16.44,0.0,0.0
Telur Asin,100 g,214.06,1.69,15.98,14.86
Roti Martabak,100 g,247.0,29.91,8.65,11.74
"Salad Selada Dengan Telur, Keju, Tomat Dan / Atau Wortel",100 g,52.0,3.14,3.14,3.33
Telur Dadar Atau Telur Orak-Arik Dengan Daging Babi (Asap),100 g,184.0,1.48,13.05,14.22
Ayam Bawang Telur,100 g,480.52,58.44,23.38,7.79
Pengganti Telur (Cair),100 g,84.0,0.64,3.31,12.0
Sayur Campuran,100 g,60.0,13.09,0.15,2.86
Sayur Campur Tumis,100 g,120.0,0.0,0.0,0.0
Sayuran Rebus (Tanpa Daging),100 g,56.0,9.73,0.97,2.65
Sayur Bening Bayam,100 g,36.0,7.64,0.37,1.79
"Sayuran Campur Matang (Jagung, Kacang Lima, Kacang Polong, Kacang Hijau Dan Wortel)",100 g,81.0,12.74,2.12,2.78
Sayur Tahu Toge,100 g,86.0,12.91,1.93,5.93
Sayur Nangka,100 g,66.0,8.7,3.5,1.3
Sayur Pakis,100 g,34.0,5.54,0.4,4.55
Sayur Toge,100 g,114.0,0.0,0.0,3.4
Bumbu Racik Sayur Asem,100 g,312.5,75.0,0.0,12.5
Sayur Gedi,100 g,51.0,10.0,0.88,3.06
Panzerotti Dengan Sayuran Dan Keju,100 g,250.0,18.19,16.74,6.75
Jus Campuran Sayuran (Sayuran Lain Selain Tomat),100 g,7100.0,1493.0,59.0,367.0
Siomay Ayam Sayur,100 g,195.4,25.29,5.75,9.2
Prenagen Buah Dan Sayur,100 g,42.42,11.82,0.0,0.0
Promina Sup Mi Ayam Sayur,100 g,425.0,62.5,15.0,12.5
Bumbu Sayur Asem,100 g,250.0,42.86,3.57,0.0
Jus Sayur Koktail (Kalengan),100 g,4600.0,1101.0,22.0,152.0
"Sup Ayam (Dan) Sayur (Dengan Volume Air Yang Sama, Kalengan)",100 g,7500.0,858.0,284.0,362.0
Sup Mi Daging Sayur,100 g,464.29,64.29,16.07,12.5
Pengganti Krim (Cair),100 ml,138.0,11.54,10.11,1.01
Krekers Sayur,100 g,500.0,70.0,20.0,10.0
Ikan Layur,100 g,88.0,0.38,1.02,18.04
Mandu Isi Daging Dan Sayur,100 g,200.0,26.0,8.0,8.0
Sayuran Campur (Beku),100 g,64.0,13.46,0.52,3.33
Lontong Isi Sayur,100 g,139.0,23.22,4.12,2.39
Bumbu Kuah Sayur Sop,100 g,200.0,40.0,0.0,0.0
Bumbu Kuah Sayur Asem,100 g,312.5,75.0,0.0,0.0
Sup Krim Sayur & Bawang,100 g,400.0,66.67,6.67,6.67
Tuna Dalam Minyak Sayur,100 g,150.0,1.0,6.0,22.0
Sayur Brongkos,100 g,142.0,12.21,3.67,14.87
Bumbu Racik Sayur Lodeh,100 g,200.0,40.0,0.0,0.0
Risol Sayur,100 g,208.0,25.15,10.03,4.64
Bumbu Racik Sayur Sop,100 g,200.0,20.0,0.0,20.0
Malkist Sayur,100 g,500.0,65.0,20.0,10.0
Sayur Umbut Kelapa,100 g,67.0,5.18,2.89,5.57
Sup Mi Ayam Sayur,100 g,444.44,66.67,14.81,12.96
Sup Sayuran,100 g,446.15,61.54,16.92,9.23
Makaroni Rasa Sup Sayuran,100 g,325.0,67.5,1.25,12.5
Bayam Dimasak (Dari Segar),100 g,40.0,3.68,2.25,2.88
Bayam,100 g,23.0,3.63,0.39,2.86
Tumis Bayam,100 g,86.0,4.68,6.81,3.3
Keripik Bayam,100 g,537.0,49.22,36.48,3.06
"Bayam Dimasak (Dari Beku, Lemak Tidak Ditambahkan Dalam Masakan)",100 g,32.0,5.13,0.5,3.99
"Bayam (Cincang Atau Daun, Beku)",100 g,31.0,4.33,0.75,3.94
Green Delight,100 ml,40.0,9.2,0.0,0.4
Daily Greens,100 ml,36.0,8.8,0.0,0.0
Bayam Brazil,100 g,23.0,3.63,0.39,2.86
Mie Bayam,100 g,370.0,82.0,0.0,11.0
Spinach Noodle,100 g,370.0,82.0,0.0,11.0
Sun Bubur Ayam Kampung & Bayam,100 g,400.0,75.0,5.0,10.0
Tropic Green,100 ml,48.0,11.2,0.0,0.8
Daging Dan Kulit Sayap Ayam (Ayam Pedaging),100 g,14.22,0.0,1.03,1.18
Kuah/Kaldu Ayam (Kalengan),100 g,79.0,5.42,5.71,1.93
Salad Ayam,100 g,132.0,7.31,4.94,14.5
Ayam Penyet,100 g,199.0,5.29,8.53,25.05
Taquitos Dengan Ayam,100 g,245.0,19.02,12.63,14.49
Koloke Ayam,100 g,261.0,17.9,9.52,24.09
Tumis Kangkung,100 g,98.0,3.99,8.71,2.56
Kangkung,100 g,20.0,3.18,0.34,2.51
Brokoli Dimasak (Dari Segar),100 g,54.0,6.98,2.69,2.3
Brokoli,100 g,34.0,6.64,0.37,2.82
Brokoli Dimasak (Lemak Tidak Ditambahkan Dalam Masakan),100 g,35.0,7.14,0.41,2.37
"Brokoli Dimasak (Dari Segar, Lemak Tidak Ditambahkan Dalam Masakan)",100 g,35.0,7.14,0.41,2.37
Brokoli Dimasak (Dari Beku),100 g,45.0,5.24,2.06,3.01
Brokoli Sultan,100 g,100.0,11.0,5.0,2.0
"Brokoli Dimasak (Dari Beku, Lemak Tidak Ditambahkan Dalam Masakan)",100 g,28.0,5.32,0.11,3.08
Brokoli Cina (Dimasak),100 g,22.0,3.81,0.72,1.14
"Brokoli (Tusuk, Beku)",100 g,29.0,5.35,0.34,3.06
Beef Stew With Carrot,100 g,400.0,70.0,7.0,16.0
Wortel Dimasak,100 g,54.0,7.99,2.48,0.74
Wortel,100 g,41.0,9.58,0.24,0.93
Kue Wortel Tanpa Lapisan (Gula),100 g,416.0,49.09,23.24,4.22
Nasi Tim Ayam Tomat Wortel,100 g,400.0,76.0,8.0,12.0
Red Rocket,100 ml,36.0,7.6,0.0,0.8
Tropic Golden,100 ml,40.0,8.8,0.0,1.2
Glowing Calamansi,100 ml,44.0,10.0,0.0,0.8
Pepaya,100 g,39.0,9.81,0.14,0.61
Melon,100 g,34.0,8.16,0.19,0.84
Buah Naga,100 g,51.0,12.38,0.38,0.78
Semangka Merah,100 g,30.0,7.55,0.15,0.61
Buah Pir,100 g,58.0,15.46,0.12,0.38
Nanas,100 g,48.0,12.63,0.12,0.54
Pisang,100 g,89.0,22.84,0.33,1.09
Mangga,100 g,65.0,17.0,0.27,0.51
Super Fruit Mix,100 g,320.0,84.0,0.0,0.0
Rujak Buah,100 g,213.0,14.96,15.1,8.53
Stroberi,100 g,32.0,7.68,0.3,0.67
Apel (Tanpa Kulit),100 g,48.0,12.76,0.13,0.27
Jambu Biji,100 g,68.0,14.32,0.95,2.55
Duku,100 g,68.0,17.06,0.43,0.85
Jambu Kristal,100 g,49.0,12.2,0.3,0.9
Nangka,100 g,94.0,24.01,0.3,1.47
Labu Siam,100 g,17.0,3.9,0.13,0.82
Murbei,100 g,43.0,9.8,0.39,1.44
Blewah Melon,100 g,34.0,8.16,0.19,0.84
"Blueberry (Manis, Beku)",100 g,81.0,21.95,0.13,0.4
"Labu Siam (Buah, Dengan Garam, Dikeringkan, Direbus, Dimasak)",100 g,24.0,5.09,0.48,0.62
Pare,100 g,29.0,6.82,0.22,1.12
Terong Belanda,100 g,48.0,8.64,1.15,2.1
Jambu Monyet,100 g,43.0,11.41,0.14,0.21
Timun Suri,100 g,16.0,3.65,0.12,0.65
Jeruk Kimkit,100 g,43.0,11.93,0.27,0.81
Asam Jawa,100 g,239.0,62.5,0.6,2.8
Jambu Jamaika,100 g,48.0,9.99,0.66,1.78
Buah Ara,100 g,74.0,19.18,0.3,0.75
Mangga Muda,100 g,59.0,15.32,0.24,0.46
Fitbar Fruits Delight,100 g,450.0,75.0,17.5,10.0
Pisang Single,100 g,90.0,22.0,0.0,1.0
Buah Srikaya,100 g,94.0,23.64,0.29,2.06
Jeruk Mandarin (Kaleng Atau Beku),100 g,61.0,16.19,0.1,0.45
Kedondong,100 g,41.0,10.0,0.27,0.88
Apel Braeburn,100 g,52.0,13.81,0.17,0.26
Nangka Muda,100 g,54.0,11.89,0.36,2.3
Rasberi Beku,100 g,103.0,26.16,0.16,0.7
Stroberi Beku,100 g,87.0,23.46,0.14,0.52
Belimbing,100 g,31.0,6.73,0.33,1.04
"Nanas Potongan (Manis, Beku)",100 g,86.0,22.2,0.1,0.4
Ceri Merah Asam,100 g,50.0,12.18,0.3,1.0
Manggis,100 g,73.0,17.91,0.58,0.41
Sirsak,100 g,66.0,16.84,0.3,1.0
Jeruk (Dengan Kulit),100 g,63.0,15.5,0.3,1.3
Pisang Kepok,100 g,104.0,27.44,0.26,0.97
Semangka Kuning,100 g,30.0,7.55,0.15,0.61
Rasberi Beku Tanpa Pemanis,100 g,52.0,11.94,0.65,1.2
"Jeruk Keprok (Jeruk Mandarin,  Sirup Ringan Kemasan, Kalengan)",100 g,15400.0,4080.0,25.0,113.0
Mix Fruit,100 ml,100.0,22.86,0.0,0.0
Kismis (Tanpa Biji),100 g,299.0,79.18,0.46,3.07
Sukun,100 g,103.0,27.12,0.23,1.07
Pisang Kepok Rebus,100 g,115.0,30.08,0.35,1.23
Matoa,100 g,87.0,21.4,0.49,1.05
Jamblang,100 g,60.0,15.56,0.23,0.72
Rasberi,100 g,52.0,11.94,0.65,1.2
Beri,100 g,33.0,7.98,0.3,0.68
Stroberi Beku Tanpa Pemanis,100 g,35.0,9.13,0.11,0.43
"Blueberry (Tanpa Pemanis, Beku)",100 g,51.0,12.17,0.64,0.42
Kesemek,100 g,70.0,18.59,0.19,0.58
Durian,100 g,147.0,27.09,5.33,1.47
Apel Granny Smith,100 g,52.0,13.81,0.17,0.26
Stroberi Dalam Sirup (Dimasak Atau Kalengan),100 g,92.0,23.53,0.26,0.56
Jeruk Bali (Merah Dan Merah Muda),100 g,42.0,10.66,0.14,0.77
Apel Fuji,100 g,52.0,13.81,0.17,0.26
Jambu Air,100 g,46.0,11.66,0.27,0.5
Banana,100 g,91.3,23.39,0.35,1.13
Pisang Mas,100 g,90.0,23.27,0.33,1.1
Pisang Raja,100 g,122.0,30.73,0.34,0.97
Pisang Uli,100 g,143.0,35.55,0.56,1.08
Pisang Barangan,100 g,107.0,27.87,0.35,1.21
Pisang Tanduk,100 g,122.0,31.89,0.37,1.3
Pisang Susu,100 g,94.0,23.03,0.33,1.42
Pisang Lampung,100 g,99.0,25.65,0.34,1.15
Pisang Raja Direbus Matang,100 g,115.0,30.96,0.18,0.78
Pisang Nugget,100 g,300.0,35.0,15.0,4.0
Pisang Keju,100 g,250.0,25.53,13.64,8.62
Jantung Pisang,100 g,123.0,31.83,0.35,1.4
Keripik Pisang,100 g,519.0,58.4,33.6,2.3
Pisang Bolen Cokelat,100 g,400.0,40.0,24.0,8.0
Lapis Kukus Pisang Cokelat,100 g,380.0,42.0,22.0,6.0
Sale Pisang,100 g,276.0,66.51,0.9,2.87
Carang Gesing,100 g,81.0,13.44,2.36,2.78
Cavendish Banana Chips,100 g,600.0,53.33,40.0,3.33
Coklat Pisang,100 ml,72.0,12.8,1.6,1.6
Getuk Pisang,100 g,142.0,34.12,0.44,1.14
Pisang Molen,100 g,275.0,39.05,11.68,3.91
Puding Pisang,100 g,127.0,21.2,3.6,2.4
Pisang Goroho,100 g,111.0,28.04,0.27,1.53
Sanggara Belanda,100 g,242.0,36.71,10.83,3.58
Yogurt Banana Berries,100 g,85.71,12.86,2.86,2.86
Nutrijell Rasa Pisang,100 g,400.0,70.0,15.0,0.0
Es Kul Kul Pisang,100 g,90.0,23.15,0.47,1.28
Roti Isi Pisang Coklat,100 g,342.86,54.29,10.0,8.57
Soft Cake Choco Banana,100 g,400.0,52.0,18.67,5.33
Yoghurt Drink Low Fat Banana,100 ml,79.17,16.25,1.04,1.67
Lada Pisang,100 g,27.0,5.35,0.45,1.66
Low Fat Banana,100 ml,80.0,15.2,0.8,2.8
Chocolate H1Gh,100 ml,132.0,14.4,4.8,8.8
Susu Pisang,100 g,72.0,12.0,2.0,2.4
Tepung Pisang Crispy,100 g,350.0,80.0,0.0,5.0
Cavendish Banana Chips Chocolate,100 g,550.0,55.0,35.0,5.0
Banana Blast,100 ml,73.68,11.58,2.37,2.11
Banana Milk,100 ml,66.67,9.44,1.94,2.22
Peach Berry,100 ml,36.0,9.2,0.0,0.0
Good To Go Banana Strawberry (250Ml),100 ml,68.0,11.6,1.4,2.4
Roti Manis Cokelat Pisang,100 g,344.44,53.33,10.0,7.78
Roti Isi Rasa Cokelat-Pisang,100 g,345.45,58.18,8.18,7.27
Pisang Goreng,100 g,263.16,43.16,8.42,3.16
Roti Manis Isi Pisang Cokelat,100 g,270.0,43.0,8.0,5.0
Susu Uht Rasa Pisang,100 g,140.0,22.0,4.5,4.0
Squeeze Yogurt Cavendish Banana,100 g,100.0,14.29,2.86,4.29
Susu Rasa Pisang,100 ml,94.74,12.63,2.63,3.16
Yogurt Drink Banana,100 ml,125.0,38.0,2.0,7.0
Good To Go Cereal Milk Banana,100 ml,68.0,11.6,1.4,2.4
Sun Bubur Susu Sereal Pisang,100 g,400.0,80.0,7.5,10.0
Oatmeal Instan Rasa Pisang & Madu,100 g,400.0,80.0,6.67,10.0
Prime Duo Custard Pisang & Cokelat,100 g,345.45,52.73,12.73,9.09
Roti Sandwich Funwari Pisang Susu,100 g,274.73,48.35,6.59,6.59
Nasi Padang Rendang,100 g,181.48,17.59,10.19,5.19
Swiss Roll Strawberry,100 g,388.89,61.11,16.67,5.56
Serealfit,100 g,130.0,25.0,2.5,2.0
Salju Kreker Rasa Original,100 g,500.0,70.0,20.0,0.0
Muffin Cup Cake,100 g,444.44,50.0,22.22,5.56
Britobar,100 g,454.55,63.64,18.18,9.09
Jus Apel,100 g,11700.0,2897.0,27.0,15.0
Green3St,100 ml,28.0,5.6,0.0,1.2
Greenfield Organic,100 g,357.14,85.71,0.0,14.29
Fruit Tea Apel,100 ml,32.0,7.6,0.0,0.0
Pai Apel,100 g,265.0,37.1,12.5,2.4
Jus Apel (Kaleng Atau Botol),100 g,11700.0,2897.0,27.0,15.0
Jus Cranberry-Apel (Botol),100 g,15400.0,3883.0,27.0,0.0
Apple Cider Vinegar,100 ml,0.0,0.0,0.0,0.0
Minuman Jus Apel,100 g,12500.0,3227.0,7.0,5.0
Frestea Apel,100 g,40.0,9.6,0.0,0.0
Pai Apel (Satu Kerak),100 g,242.0,39.02,9.25,1.81
Lychee & Apple Tea,100 ml,44.0,10.8,0.0,0.0
Sari Apel,100 ml,49.0,12.24,0.12,0.06
Saus Apel Tanpa Pemanis,100 g,43.0,11.29,0.05,0.17
Teajus Apel,100 g,357.14,100.0,0.0,0.0
Minuman Sari Buah Apel,100 g,5000.0,1300.0,0.0,0.0
"Jus Apel (Berkonsentrasi Beku, Diencerkan Dengan Air)",100 g,11200.0,2758.0,24.0,33.0
Frestea Apel (Botol),100 ml,44.0,11.2,0.0,0.0
Saus Apel Dengan Gula,100 g,76.0,19.91,0.18,0.18
Bontea Green Original,100 g,333.33,100.0,0.0,0.0
Lovy Cookies Chocobutter,100 g,450.0,70.0,17.5,10.0
Lovy Cookies Coffeeccino,100 g,500.0,60.0,25.0,5.0
Jeruk Santang,100 g,47.0,11.75,0.12,0.94
Jeruk Sunkist,100 g,51.95,12.34,0.0,0.65
Jus Jeruk Peras Segar,100 g,11200.0,2579.0,50.0,174.0
Jeruk,100 g,51.95,12.34,0.0,0.65
Jeruk Bali,100 g,32.0,8.08,0.1,0.63
Jus Jeruk,100 g,11200.0,2579.0,50.0,174.0
"Jus Jeruk (Dingin, Termasuk Dari Konsentrat)",100 g,11000.0,2505.0,67.0,199.0
Jeruk Peras,100 g,357.14,100.0,0.0,0.0
Floridina Coco,100 ml,51.43,12.0,0.0,0.0
Isi 2 Soto Koya Jeruk Nipis,100 g,464.29,65.18,18.75,8.93
Refresh Rasa Jeruk,100 g,10000.0,2500.0,0.0,0.0
Soda Jeruk,100 ml,51.14,13.07,0.0,0.0
Nasi Daun Jeruk Ayam Sambal Matah,100 g,590.0,69.0,26.0,20.0
Minum Jus Jeruk,100 g,13400.0,3339.0,0.0,50.0
Pulpy Orange,100 ml,43.33,11.33,0.0,0.0
Fanta Orange,100 ml,20.0,4.4,0.0,0.0
Jeju Orange,100 g,357.14,100.0,0.0,0.0
Jus Jeruk Beku (Dilarutkan Dengan Air),100 g,11200.0,2714.0,15.0,169.0
Jeruk Extra Manis,100 g,363.64,90.91,0.0,0.0
Sunkist,100 ml,52.31,12.62,0.0,0.0
Jus Jeruk Bali,100 g,9400.0,2213.0,25.0,128.0
Jus Jeruk Bali Merah Muda,100 g,9600.0,2272.0,25.0,124.0
Jus Jeruk Bali Segar,100 g,9600.0,2272.0,25.0,124.0
American Sweet Orange,100 g,5000.0,1300.0,0.0,0.0
Orange Flavor,100 ml,53.85,11.54,0.0,0.77
Jeruk Nipis Jahe,100 g,409.09,100.0,0.0,0.0
Jeruk Nipis,100 g,363.64,100.0,0.0,0.0
Permen Jeruk,100 g,400.0,93.33,0.0,0.0
Squeezed Orange Less Sugar,100 ml,30.0,7.5,0.0,0.0
Daun Jeruk,100 g,12.0,4.05,0.08,0.27
Madurasa Jeruk Nipis,100 g,320.0,80.0,0.0,0.0
"Jeruk Keprok (Jeruk Mandarin, Jus Kemasan, Kalengan)",100 g,9200.0,2383.0,7.0,154.0
Tropic Calamansi,100 ml,40.0,9.2,0.0,0.4
Coconut Water Rasa Jeruk,100 g,32.0,8.4,0.0,0.0
Squash Delight Jeruk Florida,100 ml,137.93,34.48,0.0,0.0
Pulpy 4X Extra Vit C,100 ml,30.0,7.67,0.0,0.0
Jus Jeruk Bali Putih,100 g,9600.0,2272.0,25.0,124.0
Squash Orange,100 ml,200.0,46.67,0.0,0.0
Golden Orange,100 ml,48.0,10.8,0.0,0.8
Lofet Kacang Rasa Daun Jeruk,100 g,600.0,20.0,44.0,32.0
Orange Water C,100 ml,24.0,6.4,0.0,0.0
Sari Buah Jeruk,100 ml,40.0,9.5,0.0,1.0
Rasa Jeruk,100 ml,40.0,8.67,0.67,0.33
Cerelac Apel Jeruk Pisang,100 g,420.0,66.0,9.0,16.0
Keripik Talas Pedas Daun Jeruk,100 g,500.0,65.0,25.0,5.0
Bumbu Sachet Nasi Daun Jeruk,100 g,400.0,60.0,20.0,0.0
Susu Uht Full Cream (250Ml),100 ml,60.0,4.8,3.2,3.2
Susu,100 g,12200.0,1149.0,488.0,803.0
Kental Manis,100 g,250.0,57.5,10.0,2.5
Ultra Mimi Full Cream,100 ml,64.0,4.8,3.2,3.2
Susu Uht Full Cream (200Ml),100 ml,60.0,5.0,3.0,3.0
Uht Full Cream Milk,100 g,16000.0,1100.0,900.0,800.0
Susu Murni,100 ml,62.0,4.66,3.35,3.32
Susu Uht Low Fat High Calcium,100 ml,44.0,5.2,1.2,3.2
Susu Uht Full Cream,100 ml,60.0,5.0,3.0,3.0
Susu Low Fat,100 g,10000.0,1200.0,300.0,700.0
Susu Uht Rasa Stroberi,100 ml,75.0,11.0,2.25,3.0
Purefarm Full Cream,100 g,13000.0,1000.0,700.0,700.0
Low Fat Milk,100 g,11000.0,1200.0,300.0,900.0
Susu Coklat,100 g,19000.0,2888.0,525.0,770.0
Choco Malt,100 ml,90.0,13.5,3.5,1.0
Non Fat Milk,100 ml,35.0,5.5,0.0,3.0
Susu Kental Manis,100 g,325.0,57.5,10.0,2.5
Dancow Full Cream,100 g,444.44,40.74,29.63,22.22
Susu Bear Brand,100 ml,63.49,4.76,3.7,3.17
Fresh Milk Choco Sea Salt,100 ml,100.0,13.2,3.6,3.2
Ultra Mimi Kids Full Cream,100 ml,64.0,4.8,3.2,3.2
Hi-Calcium Skimmed Milk,100 g,9000.0,1100.0,0.0,1100.0
Oat Milk,100 ml,59.0,6.6,3.0,1.0
Prostar 100% Casein Protein,100 g,909.09,116.67,9.09,83.33
Nutrive Benecol Strawberry,100 ml,60.0,8.0,2.0,1.0
Susu Rasa Sereal Stroberi,100 ml,64.0,11.2,2.0,0.8
Milky Strawberry,100 g,11000.0,1500.0,450.0,400.0
Susu Evaporasi,100 g,125.0,12.5,6.25,5.0
Susu Uht Rasa Cokelat,100 ml,75.0,11.5,2.25,2.0
Susu Putih Manis,100 ml,77.78,8.89,3.33,3.33
Soy Milk Unsweetened,100 ml,31.2,0.4,2.2,1.88
Uht Milk Low Fat High Calcium,100 ml,40.0,4.5,1.25,3.0
Almond Milk,100 ml,26.0,1.5,2.1,0.6
Susu Uht Rasa Coklat,100 ml,88.0,11.2,3.6,4.0
Wrp On The Go,100 ml,75.0,12.0,1.5,3.5
Susu Cappuccino,100 ml,45.0,3.5,2.5,2.5
Double Belgian Chocolate With Pistachio Milk,100 ml,25.0,2.22,1.67,0.56
Fresh Milk,100 ml,65.0,4.5,4.0,3.0
Cereal Chocolate Milk Drinks,100 ml,85.0,15.0,2.0,1.5
Almond Breeze Original,100 ml,25.0,3.33,1.11,0.56
Goalll!,100 ml,105.88,14.12,5.88,1.18
Susu (2% Rendah Lemak Dengan Tambahan Vitamin A),100 g,12200.0,1142.0,481.0,805.0
Haenam Goguma,100 ml,66.67,9.44,1.94,2.22
Almond Breeze Latte,100 ml,33.33,4.44,1.11,1.11
Purefarm Kacang Hijau,100 g,62.22,9.78,1.33,2.67
Skim Milk Plain Fiber Pro,100 g,346.15,57.69,0.0,26.92
Rasa Kacang Hijau,100 g,428.57,77.14,10.0,8.57
Soya Bean Milk,100 ml,69.0,7.6,3.0,2.7
Bulgarian Style Yogurt Mango,100 ml,88.0,14.4,2.0,2.4
Susu Vanila,100 g,400.0,55.0,10.0,25.0
Yogurt Rasa Stroberi,100 ml,100.0,14.4,3.6,2.4
Carnivor,100 g,335.14,21.62,0.0,62.16
Susu Pasteurisasi Rasa Vanilla,100 g,13000.0,2200.0,300.0,400.0
Gold Plus,100 g,328.57,48.57,1.43,28.57
Daily Formula,100 g,25000.0,4200.0,400.0,1200.0
Whey Protein,100 g,15000.0,2100.0,200.0,1200.0
Fresh Milk Low Fat,100 g,9000.0,1100.0,250.0,600.0
Susu Uht Coklat,100 ml,85.0,13.0,2.5,2.0
V-Soy Multi-Grain,100 ml,69.0,7.6,3.0,2.7
Susu Kental Manis Cokelat,100 g,325.0,55.0,11.25,2.5
Lose Weight,100 g,388.89,61.11,2.78,25.93
Susu (Susu Murni),100 g,14600.0,1103.0,793.0,786.0
Thai Milk Green Tea,100 ml,52.0,10.0,2.4,1.6
1% Lemak Susu,100 g,10200.0,1218.0,237.0,822.0
Matcha Green Tea Latte With Walnut Milk,100 ml,33.33,1.67,2.78,0.56
Susu Dengan Lemak Yang Telah Dikurangi,100 g,12200.0,1142.0,481.0,805.0
Susu Kedelai,100 ml,54.0,5.1,1.99,4.64
Hi-Calcium Low Fat Milk,100 ml,40.0,4.5,1.25,3.0
Susu Tawar,100 ml,58.0,5.0,3.0,2.8
Chocolate Taro (Botol),100 ml,35.0,7.5,0.0,1.0
Topping Kental Manis,100 ml,350.0,120.0,0.0,0.0
Uht Full Cream,100 ml,60.0,5.0,3.0,3.0
Dairy Milk Chocolate,100 ml,550.0,60.0,30.0,10.0
Sereal 2 In 1,100 g,416.67,83.33,8.33,4.17
Susu Uht Low Fat,100 g,4500.0,550.0,125.0,350.0
Low Fat Source Of Calcium (200Ml),100 ml,65.0,10.0,1.0,3.5
Susu Almond Manis,100 g,5900.0,633.0,351.0,148.0
Susu Uht Vanilla,100 ml,57.89,7.89,2.11,2.11
Susu Kental Manis Tiga Sapi,100 g,120.0,22.0,3.5,1.0
Avocado Strawberry Sundae,100 ml,100.0,16.0,3.5,1.0
Susu Almond,100 g,4000.0,140.0,358.0,151.0
Skm Coklat,100 g,333.33,57.14,9.52,2.38
2% Lemak Susu,100 g,50.0,4.68,1.97,3.3
Chil-Go Pisang,100 ml,67.86,10.0,2.14,2.14
Minuman Serbuk Kedelai,100 g,440.0,62.0,12.0,22.0
Teen Vanilla Caramel,100 g,16000.0,2800.0,250.0,600.0
Susu (Tanpa Lemak Dengan Tambahan Vitamin A Dan Protein),100 g,10100.0,1368.0,62.0,974.0
Keju Cheddar,100 g,403.0,1.28,33.14,24.9
Keju Slice,100 g,294.12,5.88,20.59,17.65
Gold Cheddar,100 g,333.33,20.83,25.0,4.17
Cheddar Cheese,100 g,300.0,10.0,25.0,10.0
Quick Melt (Keju Cepat Leleh),100 g,300.0,13.33,23.33,16.67
Keju Serbaguna,100 g,300.0,26.67,20.0,6.67
Mozzarella & Cheddar,100 g,333.33,13.33,26.67,13.33
Saus Keju,100 g,174.0,6.83,13.29,6.71
Quick Melt,100 g,375.0,12.5,31.25,6.25
Slice Melt,100 g,375.0,6.25,28.12,18.75
Cheese Spread,100 g,300.0,6.67,30.0,6.67
Singles,100 g,305.88,11.76,20.59,17.65
Belcube,100 g,260.0,4.6,20.0,12.0
Cheddar,100 g,300.0,5.0,25.0,20.0
Keju Gouda Atau Edam,100 g,357.0,1.67,27.69,24.98
Cheese Stick Bbq,100 g,291.67,16.67,20.83,16.67
Rich Cheese,100 g,300.0,13.33,23.33,13.33
Keju Ricotta (Susu Murni),100 g,174.0,3.04,12.98,11.26
Mozarella,100 g,350.0,10.0,30.0,15.0
Keju Kambing (Agak Lembut),100 g,364.0,2.54,29.84,21.58
Rendah Lemak (1-2% Lemak) Keju Cottage,100 g,72.0,2.72,1.02,12.39
Milky Soft,100 g,333.33,10.0,26.67,10.0
Ricotta Cheese,100 g,200.0,4.0,18.0,8.0
Spready,100 g,350.0,20.0,30.0,5.0
Baked Cheese Tart,100 g,402.22,42.22,22.22,8.89
Singkong Serut Rasa Keju,100 g,550.0,65.0,30.0,0.0
Finger Cheese Biskuit,100 g,440.0,72.0,10.0,12.0
Keju Ricotta,100 g,156.0,4.09,10.44,11.32
Singles Bbq Chicken,100 g,352.94,17.65,23.53,11.76
Mozza Cheese Slice,100 g,333.33,13.33,26.67,13.33
The Big Cheez,100 g,514.0,53.0,35.0,7.0
Keju Amerika (Kemasan Dingin),100 g,331.0,8.32,24.46,19.66
Raclette Cheese Flavour,100 g,550.0,55.0,35.0,5.0
Keju Cottage (Rendah Lemak 2% Lemak Susu),100 g,90.0,3.63,1.93,13.74
Sagu Keju,100 g,500.0,66.67,16.67,0.0
Keju Parmesan Keras,100 g,392.0,3.22,25.83,35.75
Bisvit Selimut Keju,100 g,450.0,60.0,20.0,10.0
Cedda Cheese Slice,100 g,300.0,20.0,23.33,6.67
Cream Cheese Light,100 g,180.0,2.0,14.0,10.0
Keju Cottage,100 g,103.0,2.68,4.51,12.49
Keju Romano,100 g,387.0,3.63,26.94,31.8
Keju Mozzarella (Tanpa Lemak),100 g,149.0,3.5,0.0,31.7
Zuperrr Keju Malkist,100 g,523.81,61.9,23.81,4.76
Keju Krim (Bebas Lemak ),100 g,96.0,5.8,1.36,14.41
Keju Feta,100 g,264.0,4.09,21.28,14.21
Super Ring,100 g,571.43,50.0,42.86,7.14
Pasta Keju,100 g,625.0,50.0,37.5,0.0
Keju Cottage (Rendah Lemak 1% Lemak Susu),100 g,72.0,2.72,1.02,12.39
Keju Alami,100 g,363.0,2.47,27.77,25.48
Cream Cheese Wafer,100 g,450.0,70.0,20.0,10.0
Keju Edam,100 g,357.0,1.43,27.8,24.99
Keju Kambing (Lembut),100 g,268.0,0.89,21.08,18.52
Mozza Cheese,100 g,333.33,6.67,26.67,13.33
Bocconcini Cheese,100 g,212.12,3.03,18.18,15.15
Cream Cheese,100 g,133.33,3.33,8.33,10.0
Cheese Triangles,100 g,388.89,11.11,33.33,16.67
Cheese Stick Rasa Pizza,100 g,291.67,20.83,20.83,8.33
Shred Cheese,100 g,300.0,33.33,20.0,0.0
Gourmet Slices,100 g,305.88,2.94,24.71,17.06
Keju Camembert,100 g,300.0,0.46,24.26,19.8
Mild Cheese,100 g,300.0,20.0,20.0,6.67
Babybel Mini Original Cheese,100 g,350.0,0.0,25.0,20.0
Smokey Bbq Slices,100 g,323.53,6.47,25.29,17.06
Mini Babybel Tasty Cheddar,100 g,309.09,2.27,24.09,23.18
Cheese Cake,100 g,363.64,43.64,18.18,7.27
Shoops,100 g,228.57,25.71,12.86,2.86
Cheese Stick,100 g,291.67,20.83,18.75,8.33
Cheddar Singles,100 g,300.0,6.67,20.0,13.33
Keju Singles 40% Kurang Lemak,100 g,233.33,6.67,13.33,20.0
Singles Reguler,100 g,300.0,6.67,20.0,13.33
Keju Cheddar Atau Colby (Rendah Lemak),100 g,173.0,1.91,7.0,24.35
Gold Cake Original Japanese Cake,100 g,281.25,31.25,12.5,9.38
Roti Sisir Keju,100 g,371.43,54.29,14.29,5.71
Yogurt Plain,100 g,10000.0,1400.0,250.0,400.0
Yogurt Polos,100 g,63.0,7.04,1.55,5.25
Squeeze Yogurt Blueberry,100 g,83.33,14.17,2.5,2.5
Squeeze Yogurt Original,100 ml,100.0,17.14,2.86,2.86
Greek Yogurt,100 g,100.0,3.75,7.5,3.75
Original Yogurt,100 g,112.0,17.6,3.6,3.2
Greek Yogurt Original,100 g,113.0,6.25,7.5,5.0
Blueberry Yogurt,100 ml,90.0,14.0,2.0,3.0
Yogurt,100 g,100.0,24.29,4.29,4.29
Strawberry Yoghurt,100 ml,100.0,18.0,0.5,4.0
Yogurt Drink Strawberry,100 ml,71.43,14.29,0.0,2.86
Cimory Squeeze,100 ml,100.0,14.29,2.86,4.29
Yogurt Polos (Susu Murni),100 g,61.0,4.66,3.25,3.47
Yogurt Drink,100 ml,80.0,15.2,0.8,2.8
Greek Yogurt Classic,100 ml,55.0,7.5,2.0,2.0
Greek Yogurt Mango,100 g,162.5,12.5,6.25,6.25
Yogurt Drink No Added Sugar,100 ml,37.5,9.17,0.62,1.67
Strawberry Yogurt,100 ml,72.0,11.6,2.0,2.0
Yogurt Strawberry (200Ml),100 ml,50.0,8.5,1.0,2.0
Bulgarian Style Yogurt Original,100 ml,72.0,11.2,1.6,1.6
Biokul Topping Mocha Granola,100 g,230.0,27.0,9.0,10.0
Bulgarian Style Yogurt Drink Slim Berries,100 ml,80.0,14.5,1.5,2.0
Bulgarian Style Yogurt Blueberry,100 ml,82.5,14.0,2.0,2.0
Plain Yogurt (Low Fat),100 ml,87.5,15.0,0.62,5.0
Yogurt Stick Blueberry,100 g,112.5,17.5,3.75,2.5
Yogurt Drink Lychee,100 ml,83.33,15.42,0.83,2.5
Peach Yoghurt,100 g,100.0,16.25,1.88,5.0
Tummy Yogurt Drink Blueberry Redbeet,100 ml,88.89,17.78,1.39,1.67
Yogurt Strawberry Flavor,100 ml,87.5,16.25,0.62,5.0
Banana Yogurt,100 g,83.0,17.3,0.6,2.1
Yogurt Drink Blueberry,100 ml,64.0,15.2,0.0,0.8
Yoghurt,100 ml,85.71,15.71,1.43,2.86
Yogurt Rasa Aprikot,100 ml,100.0,20.0,0.0,4.0
Natural Plain Skim Yoghurt,100 g,56.0,8.0,0.0,5.6
"Yoghurt Buah (Rendah Lemak,11 Gr Protein  Per 240 Gr)",100 g,105.78,18.76,1.42,4.9
Strawberry Yogurt (125G),100 g,14000.0,2300.0,400.0,400.0
Bulgarian Style Yogurt Blueberry (Botol),100 ml,80.0,13.6,2.0,2.4
Yo! Junior Yogurt,100 ml,80.0,14.0,1.75,1.5
Coffee Cream,100 ml,80.0,15.0,1.5,1.5
Apricot Yogurt,100 ml,80.0,8.0,3.5,5.0
Choco Nut Crunch Yoghurt,100 g,120.0,13.0,6.0,3.0
Oats & Multi Grains Yogurt Bar Berries,100 g,520.0,64.0,24.0,4.0
Cherry Yogurt,100 ml,90.0,15.0,0.5,5.0
Set Yogurt Plain Rendah Lemak,100 ml,70.0,10.0,1.0,5.0
Yogurt Polos Susu Murni,100 g,60.0,4.6,3.21,3.43
Tummy Yogurt Coconut Almond With Coconut Slices,100 g,112.5,21.25,1.88,3.75
Mango Yogurt Drink,100 ml,76.0,12.4,2.4,2.0
Yogurt Strawberry (125Ml),100 ml,56.0,10.4,0.8,1.6
Creamix Thick Yogurt Blueberry,100 g,90.91,13.64,3.18,2.73
Yogurt Stick Strawberry,100 g,112.5,17.5,3.75,5.0
Creamy Yogurt Series Honey Granola,100 g,133.33,16.67,5.56,3.33
Greek Style Yogurt With Strawberry,100 g,170.0,18.0,9.0,5.0
Blueberry Yoghurt,100 g,8000.0,1300.0,100.0,400.0
Greek Yogurt Plain,100 g,140.0,8.0,8.0,6.0
Yogurt Polos Tanpa Lemak,100 g,56.0,7.68,0.18,5.73
Set Yogurt Plain,100 ml,70.0,10.0,1.0,5.0
Yoguruto Blackcurrant (200Ml),100 ml,45.0,8.5,1.0,2.0
Yogurt Blueberry,100 ml,100.0,16.25,0.62,6.25
Mango Yogurt,100 g,90.91,14.55,2.73,2.73
Mixed Berry Yogurt,100 g,109.09,17.27,3.18,2.73
Natural Plain Yoghurt,100 g,100.0,10.0,4.0,5.0
Yofit Probiotic,100 ml,61.11,8.33,0.0,5.0
Mango Fruits Yogurt,100 g,92.0,17.2,1.5,2.2
Yoguruto Less Sugar Passionfruit,100 ml,40.0,9.6,0.0,0.8
Greek Style Yoghurt,100 ml,100.0,14.0,2.0,5.0
Greek Yogurt Blueberry,100 g,125.0,12.5,6.25,6.25
Tummy Yogurt Stirred Original,100 g,112.5,21.25,1.88,3.75
Delicyo Strawberry & Banana,100 ml,48.0,9.6,0.4,0.8
Blueberry Redbeet,100 ml,100.0,18.0,2.0,2.0
"Yoghurt Buah (Rendah Lemak, 9 Gr Protein  Per 240 Gr)",100 g,99.0,18.64,1.15,3.98
Yogurt Rasa Mangga,100 ml,110.0,21.0,1.5,4.0
Yoghurt Plain,100 ml,96.0,14.4,3.2,2.8
Tummy Yogurt Lemon,100 g,64.0,10.4,1.2,3.2
Greek Yoghurt Original,100 g,140.0,17.0,4.0,7.0
0% Fat Yogurt Strawberry,100 g,40.8,6.08,0.08,3.2
Greek Yogurt Strawberry,100 g,160.0,16.0,8.0,6.0
Probiotic Drink,100 ml,76.92,16.92,0.0,1.54
Original,100 ml,65.0,14.5,0.0,1.0
Greek Style Yogurt,100 ml,88.0,12.0,3.2,3.2
Yogurt Polos (Rendah Lemak ),100 g,63.0,7.04,1.55,5.25
Yogurt Beku,100 g,107.0,19.62,1.47,4.7
Roti Isi Coklat,100 g,280.0,40.0,10.0,5.0
Roti Tawar (2),100 g,270.27,47.3,4.05,8.11
Roti Isi Krim Coklat,100 g,350.0,53.33,11.67,6.67
Roti Isi Keju,100 g,307.69,46.15,10.77,9.23
Roti Isi Krim Coklat (50G),100 g,360.0,48.0,16.0,8.0
Roti Isi Krim Susu,100 g,293.1,50.0,6.9,6.9
Roti Sobek Coklat,100 g,327.1,53.27,9.35,7.48
Roti Isi Selai Stroberi,100 g,291.67,59.72,4.17,5.56
Roti Isi Cokelat,100 g,220.0,32.0,8.0,4.0
Roti Isi Srikaya,100 g,310.34,53.45,7.76,6.9
Roti Abon Ayam Mayo Pedas,100 g,333.33,46.67,11.67,10.0
Roti Mini Isi Krim Keju,100 g,350.0,42.5,15.0,7.5
Roti Kacang,100 g,217.0,42.4,2.17,6.28
Roti Sandwich Isi Coklat,100 g,285.71,45.24,8.33,7.14
Roti Isi Krim Meses,100 g,375.0,52.5,15.0,7.5
Roti O,100 g,430.0,49.0,23.0,6.0
Roti Isi Selai Cokelat,100 g,340.0,56.0,12.0,8.0
Roti Sisir Mentega,100 g,345.45,45.45,16.36,7.27
Roti Isi Coklat Keju,100 g,339.62,49.06,11.32,7.55
Roti Multigrain,100 g,251.0,46.4,3.8,10.0
Roti Goreng,100 g,320.0,47.69,11.36,7.18
Roti Manis Pandan Srikaya,100 g,316.67,55.0,6.67,6.67
Roti Tawar Gandum (2),100 g,271.43,47.14,5.0,8.57
Roti Manis Kasur Coklat,100 g,264.44,53.33,5.56,8.89
Sausage Bun,100 g,368.0,40.0,10.0,16.0
Roti Isi Chicken Teriyaki,100 g,277.78,47.22,6.94,9.72
Roti Manis Kasur,100 g,325.0,55.0,8.75,8.75
Bagelen Cheese,100 g,500.0,60.0,25.0,10.0
Roti Tawar Kupas,100 g,250.0,42.5,5.0,7.5
Selai Srikaya,100 g,350.0,45.0,17.5,5.0
Roti Sandwich,100 g,288.89,55.56,3.33,8.89
Roti Burger,100 g,300.0,50.0,8.0,10.0
Roti,100 g,371.43,60.0,7.14,8.57
Cheese Danish Bread,100 g,320.0,54.0,7.0,8.0
Roti Panggang Mix Fruit,100 g,323.08,60.0,6.15,6.15
Roti Panggang Rasa Durian,100 g,369.23,52.31,15.38,7.69
Roti Kasur Susu,100 g,314.81,53.7,7.41,9.26
Roti Panggang Rasa Coklat,100 g,375.0,52.5,12.5,12.5
Roti Sobek Coklat Keju,100 g,327.1,47.66,11.21,8.41
Roti Isi Daging Ayam,100 g,280.0,45.33,6.67,9.33
Bagelen,100 g,500.0,70.0,20.0,10.0
Roti Isi Krim Rasa Blueberry,100 g,340.0,58.0,8.0,8.0
Roti Coklat Keju,100 g,157.5,23.5,6.38,5.75
Sandwich Margarin Manis,100 g,375.0,42.5,20.0,5.0
Roti Isi Selai Nanas,100 g,342.86,60.0,7.14,8.57
Focaccia,100 g,292.0,40.64,11.11,6.89
Banh Mi,100 g,200.0,29.0,7.0,13.0
Roti Sandwich Funwari Cokelat Pisang,100 g,285.71,45.05,8.79,6.59
Roti Panggang Rasa Susu Vanila,100 g,631.58,52.63,15.79,7.89
Roti Kasur Coklat Keju,100 g,333.33,50.0,13.33,7.78
Roti Tawar Gandum,100 g,150.0,51.43,5.71,10.0
Roti Krim Keju,100 g,333.33,51.67,11.67,5.0
Roti Manis Kasur Kombinasi,100 g,333.33,53.33,8.89,8.89
Krim Moka,100 g,303.03,45.45,10.61,7.58
Roti Stik Abon Ayam,100 g,342.86,52.86,11.43,10.0
Roti Abon,100 g,430.0,40.0,24.0,11.0
Roti Panggang Coklat,100 g,323.08,60.0,6.15,6.15
Roti Tawar Gandum (1),100 g,257.14,44.29,5.0,8.57
Boti Isi Margarin Meses,100 g,357.14,50.0,14.29,7.14
Multigrain Bread,100 g,300.0,47.5,7.5,10.0
Klasik Pan Pandan,100 g,275.0,57.5,1.25,10.0
Dorayaki Custard Coklat,100 g,309.09,58.18,6.36,7.27
Croiss With Cocoa Cream,100 g,400.0,53.33,20.0,6.67
Butter Croissant,100 g,403.23,41.94,22.58,8.06
Roti Sandwich Rasa Pandan Isi Sarikaya,100 g,265.31,46.94,6.12,6.12
Roti Sandwich Isi Spicy Crab Mayo,100 g,211.54,36.54,4.81,5.77
Roti Tawar,100 g,242.11,46.32,3.16,7.37
Roti Tawar Pandan Kupas,100 g,340.91,59.09,5.68,11.36
Sobek Keju,100 g,333.33,55.0,10.0,8.33
Roti Sandwich Funwari Coklat Stroberi,100 g,263.74,47.25,5.49,5.49
Roti Sandwich Isi Keju,100 g,285.71,38.1,11.9,7.14
Roti Sandwich Funwari Mangga Cheesecake,100 g,274.73,46.15,7.69,6.59
Roti Isi Krim Vanilla,100 g,380.0,48.0,16.0,8.0
Sandwich Gandum Cokelat Hazelnut,100 g,325.0,45.0,12.5,7.5
Roti Sandwich Isi Tuna Mayo Spicy,100 g,211.54,34.62,5.77,7.69
Kue Bolu,100 g,297.0,57.7,4.3,7.3
Kue Coklat (Dengan Campuran Coklat),100 g,367.0,54.6,16.4,4.1
Tart,100 g,278.0,41.55,11.35,3.05
Kue Beras,100 g,224.0,48.69,0.77,4.64
Kue Bolu Coklat,100 g,297.0,54.68,6.05,8.25
Marble Cake,100 g,339.0,61.38,10.89,3.94
Lapis Legit,100 g,415.0,25.26,33.65,5.11
Gold Cake Double Chocolate,100 g,318.18,36.36,15.91,4.55
Kue Tambang,100 g,462.0,54.34,24.13,7.08
Bolu Tape,100 g,324.0,49.69,11.43,5.01
Kue Pia 100 Rasa Pandan,100 g,360.0,68.0,12.0,8.0
Cream Cake Strawberry,100 g,450.0,50.0,25.0,0.0
Graker Richberry Cheese,100 g,450.0,70.0,17.5,5.0
Cream Cake Brownis Isi Krim Strawberry,100 g,400.0,60.0,15.0,0.0
Kuriimu,100 g,368.42,52.63,15.79,5.26
Chocolate Coated Wafer,100 g,500.0,66.67,25.0,8.33
Srikaya Ketan,100 g,264.0,49.07,6.49,2.88
Marshmallow,100 g,416.67,83.33,8.33,0.0
Awug,100 g,90.0,18.17,0.89,1.12
Koya Suuk,100 g,460.0,62.0,17.0,14.0
Bingka,100 g,272.0,39.32,10.68,5.2
Tiramisu,100 g,283.0,24.41,18.2,4.77
Caramelrama,100 g,500.0,70.0,25.0,0.0
Chocolate Strawberry Layer Cake,100 g,400.0,43.75,21.88,6.25
Mug Cake Cokelat,100 g,357.14,50.0,14.29,2.38
Bolu Kukus,100 g,297.0,56.85,4.57,7.01
Japanese Cheese Cake,100 g,303.03,30.3,15.15,9.09
Fresh Cream Dorayaki,100 g,323.94,40.85,14.08,5.63
Red Velvet Cake,100 g,488.64,53.41,29.55,4.55
Steam Cake Strawberry Flavor,100 g,375.0,53.75,15.0,5.0
Kue Mangkok Dengan Campuran (Rendah Lemak),100 g,305.0,67.2,3.7,4.3
New York Cheesecake,100 g,388.43,30.0,27.02,6.2
Nextar,100 g,450.0,70.0,20.0,0.0
Toast Slices,100 g,540.0,56.0,30.0,8.0
Nastar,100 g,433.33,63.33,20.0,3.33
Fluffy Cream Roll,100 g,316.46,30.38,18.99,6.33
Yangko,100 g,256.0,58.04,1.1,3.08
Kaliadrem,100 g,338.0,54.28,12.03,3.35
Lapis Bogor Full Talas,100 g,360.0,40.0,18.0,6.0
Lapis Bogor Blackforest,100 g,420.0,44.0,24.0,6.0
Chocolate Butter Cookies,100 g,550.0,58.33,31.67,6.67
Kue Bikang,100 g,188.0,38.34,2.85,2.13
Kue Cincin,100 g,434.0,64.47,18.22,3.33
Bolu Susu Lembang Rasa Coklat,100 g,380.0,42.0,20.0,6.0
Bakpia Kukus Original Cokelat,100 g,400.0,44.0,22.0,6.0
Kue Lapis Kukus Rasa Blackforest,100 g,380.0,42.0,22.0,6.0
Mooncake Kacang Hijau,100 g,400.0,65.0,13.33,5.0
Kue Ku,100 g,357.0,75.79,2.3,6.67
Kue Gambang,100 g,390.0,68.0,10.0,6.0
Kue Keju,100 g,321.0,25.5,22.5,5.5
Wajik,100 g,304.0,68.43,1.36,3.98
Kue Coklat Keju,100 g,389.0,38.44,24.75,6.6
Chokoreto Cookies,100 g,520.0,64.0,24.0,4.0
Nextar Brownies,100 g,450.0,70.0,20.0,0.0
Kacang Tanah,100 g,567.0,16.13,49.24,25.8
Kacang Panggang,100 g,151.0,21.39,5.15,5.54
Kacang Panjang Hijau Dimasak (Dari Segar),100 g,59.0,7.61,3.1,1.82
Kacang Rebus,100 g,318.0,21.26,22.01,13.5
Kacang Bawang Jumbo,100 g,640.0,16.0,52.0,24.0
Kacang Garing,100 g,600.0,16.0,48.0,32.0
Kacang Polong,100 g,42.0,7.55,0.2,2.8
Kacang Kapri,100 g,98.0,17.59,0.44,6.64
Kacang Atom,100 g,555.56,50.0,33.33,11.11
Kacang Koro,100 g,45.0,56.0,16.0,20.0
Kacang Mete,100 g,581.0,30.16,47.77,16.84
Rosta Kacang Panggang,100 g,433.33,53.33,16.67,16.67
Kacang Kriuk,100 g,615.0,433.0,30.0,14.0
Kacang Tolo,100 g,114.0,20.67,0.58,7.38
Kacang Bumbu,100 g,530.0,39.0,30.0,24.0
Kacang Kedelai,100 g,471.0,33.55,25.4,35.22
Ultra Sari Kacang Ijo,100 ml,44.0,10.4,0.0,0.8
Permen Ting Ting,100 g,600.0,40.0,40.0,20.0
Sukro Kedele,100 g,500.0,50.0,28.57,14.29
Teri Kacang Balado,100 g,260.0,32.08,11.08,10.77
Kacang Koro Rasa Rumput Laut,100 g,444.44,66.67,13.89,16.67
Red Kidney Beans,100 g,80.0,13.0,0.5,5.0
Cashew Butter,100 g,562.5,31.25,46.88,15.62
Pilus Mie Goreng,100 g,500.0,64.29,28.57,0.0
Kuaci Fuzo Original,100 g,615.38,15.38,46.15,30.77
Unsweetened Crunchy Peanut Butter,100 g,566.67,40.0,33.33,23.33
Peanut Cream Messes,100 g,425.0,57.5,17.5,5.0
Kacang Polong (Polong),100 g,42.0,7.55,0.2,2.8
Sohun,100 g,351.0,86.09,0.06,0.16
Kacang Komak,100 g,344.0,60.76,1.69,23.9
Cashew Honey Butter Flavor,100 g,560.0,48.0,36.0,12.0
13 Bean Soup Mix,100 g,363.64,65.45,1.82,21.82
Kacang Panjang Hijau,100 g,31.0,7.13,0.12,1.82
"Kacang Hitam (Biji Matang, Dengan Garam, Dimasak, Direbus)",100 g,132.0,23.71,0.54,8.86
Chocolate Peanut,100 g,583.33,45.83,37.5,12.5
"Kedelai (Biji Matang, Dengan Garam, Dimasak, Direbus)",100 g,173.0,9.93,8.97,16.64
Sukro Original,100 g,400.0,65.0,22.5,5.0
Sandwich Kacang,100 g,346.94,40.82,14.29,12.24
Daun Kecipir,100 g,74.0,14.1,1.1,5.85
Selai Kacang Halus (Lemak Yang Telah Dikurangi),100 g,520.0,35.65,34.0,25.9
Kacang Atom Pedas,100 g,500.0,60.0,26.67,6.67
Mix Nut,100 g,566.67,33.33,40.0,23.33
Selai Kacang,100 g,600.0,40.0,35.0,20.0
Baked Beans,100 g,90.0,20.0,0.5,1.0
Bubur Kacang Hijau,100 g,108.0,17.76,3.06,3.54
Kacang Garbanzo,100 g,180.0,29.98,2.99,9.54
Kacang Hijau,100 g,81.0,14.46,0.4,5.42
Kacang Jepang Spicy Flavor,100 g,520.0,44.0,32.0,12.0
Buncis,100 g,31.0,7.13,0.12,1.82
Kedelai Dimasak (Lemak Tidak Ditambahkan Dalam Masakan),100 g,172.0,9.87,8.92,16.54
"Kacang Merah (Dengan Garam, Dimasak, Direbus)",100 g,127.0,22.8,0.5,8.67
Kacang Koro Kupas,100 g,435.0,47.9,14.78,27.61
"Kedelai (Matang, Tanpa Garam, Dimasak, Direbus)",100 g,173.0,9.93,8.97,16.64
Kacang Medan,100 g,560.0,43.0,34.0,19.0
Kacang Koro Broad Beans,100 g,500.0,57.14,14.29,21.43
Kacang Kemiri,100 g,691.0,13.86,71.97,9.17
Sari Roti Sandwich Kacang,100 g,346.94,42.86,14.29,12.24
Funwari Roll Kacang Merah Mentega,100 g,328.36,49.25,10.45,5.97
Mix Nuts Aneka Kacang,100 g,500.0,33.33,40.0,23.33
Bumbu Pecel,100 g,440.0,46.0,20.0,18.0
Sukro Kacang Bersalut Bbq,100 g,444.44,66.67,19.44,5.56
Selai Kacang Mete Original,100 g,646.67,32.0,56.67,33.33
Kacang Panggang Boston,100 g,155.0,22.04,5.06,6.04
Natto,100 g,212.0,14.36,11.0,17.72
"Kedelai (Biji Dewasa, Dikukus, Dimasak)",100 g,81.0,6.53,4.45,8.47
Edamame Deluxe Original,100 g,100.0,8.0,4.0,10.0
Kacang Koro Pedas,100 g,500.0,71.43,21.43,21.43
Kacang Hitam,100 g,91.0,16.56,0.29,6.03
Kacang Arab,100 g,364.0,60.65,6.04,19.3
Kacang Koro Kulit,100 g,125.0,13.0,6.0,5.0
Crunchy Peanut Butter,100 g,566.67,33.33,40.0,23.33
Sukro Kacang Bersalut Original,100 g,520.0,64.0,24.0,8.0
Kacang Kulit,100 g,600.0,16.0,48.0,32.0
Kacang Mede Asin,100 g,625.0,27.5,47.5,20.0
Kacang Emas,100 g,491.0,60.26,24.6,7.15
Sukro Oven Rasa Bawang,100 g,545.45,54.55,31.82,18.18
Kacang Almond Lapis Madu,100 g,600.0,24.0,48.0,24.0
Sambal Pedas,100 g,175.0,20.0,10.0,5.0
Sambal Terasi Uleg,100 g,217.39,26.09,13.04,4.35
Sambal Rawit,100 g,125.0,15.0,7.5,5.0
Sambal Terasi,100 g,187.5,25.0,6.25,0.0
Sambal Terasi Rebus,100 g,73.0,11.02,3.05,1.84
Sambal Bawang,100 g,312.5,25.0,18.75,0.0
Sambal Geprek,100 g,312.5,25.0,18.75,0.0
Saus Sambal,100 g,100.0,26.67,0.0,0.0
Sambal Korek,100 g,225.0,32.5,11.25,2.5
Sambal Cumi,100 g,125.0,4.33,6.02,12.89
Sambal Roa,100 g,87.0,2.5,3.15,10.5
Sambel Pecel,100 g,440.0,46.0,20.0,18.0
Sambal Rumahan Balado Merah,100 g,230.77,23.08,15.38,0.0
Sambal Pecel Pedas,100 g,1250.0,90.0,80.0,40.0
Sambal Pedas Dahsyat,100 g,208.33,41.67,0.0,0.0
Sambal Bajak,100 g,250.0,25.0,12.5,0.0
Sambal Teri,100 g,375.0,37.5,18.75,12.5
Sambal Bangkok,100 g,230.77,61.54,0.0,0.0
Sarden Sambal Balado,100 g,115.38,1.28,1.28,23.08
Sambal Ekstra Pedas,100 ml,100.0,26.67,0.0,0.0
Sarden Dalam Sambal Bangkok,100 g,116.67,10.0,3.33,13.33
Sambal Kecombrang,100 g,375.0,12.5,37.5,0.0
Sarden Sambal Hijau,100 g,116.67,1.67,4.17,18.33
Homestyle Sambal Terasi,100 g,277.78,44.44,8.33,5.56
Sambal Asli Abc,100 g,100.0,26.67,0.0,0.0
Bakmi Sambal Matah,100 g,402.88,43.88,20.14,12.23
Sambal Rawit Bawang,100 g,300.0,20.0,20.0,0.0
Sambal Gado Gado,100 g,200.0,26.67,6.67,6.67
Bumbu Racik Nasi Goreng Sambal Matah,100 g,200.0,40.0,0.0,0.0
Sambal Balado,100 g,200.0,20.0,10.0,0.0
Choco Pillow,100 g,450.0,70.0,15.0,10.0
Sambal Goreng Kentang,100 g,102.0,10.15,3.02,8.72
Sambal Pedas Manis,100 g,166.67,41.67,0.0,0.0
Sambal Tabur,100 g,333.33,33.33,0.0,0.0
Sambal Nusantara Rendang,100 g,250.0,38.89,8.33,5.56
Cabai Tabur Jambal,100 g,333.33,33.33,0.0,33.33
Saus Sambal Ekstra Pedas,100 ml,133.33,33.33,0.0,0.0
Sambal Pedas Uleg,100 g,175.0,20.0,10.0,5.0
Sambal Pedas Indofood,100 g,111.11,33.33,0.0,0.0
Sambal Kemiri,100 g,225.0,15.0,17.5,5.0
Sambal Uleg Kemiri,100 g,225.0,15.0,17.5,5.0
Bumbu Nasi Goreng Rasa Sambal Matah,100 g,333.33,33.33,0.0,0.0
Soya Bean Sauce With Chillies (Sambal Kecap),100 g,600.0,78.57,28.57,7.14
Sambal Ijo Uleg,100 g,225.0,20.0,15.0,5.0
Sambal Goreng Ati,100 g,250.0,35.71,10.71,7.14
Sambal Fried Chicken,100 g,0.0,12.5,0.0,0.0
Sambal Nusantara Teri,100 g,194.44,33.33,5.56,5.56
Sambal Nusantara Geprek,100 g,138.89,16.67,8.33,5.56
Sambal Nusantara Hijau,100 g,138.89,22.22,5.56,0.0
Piattos Sambal Geprek,100 g,533.33,66.67,23.33,6.67
Sambal Extreme Pedas,100 ml,133.33,33.33,0.0,0.0
Sambal Nusantara Terasi Khas Jawa Barat,100 g,250.0,38.89,8.33,5.56
Sambal Bawang Pedas,100 ml,125.0,25.0,0.0,0.0
Sambal Extra Pedas,100 g,133.33,26.67,0.0,0.0
Mie Sambal Goreng,100 g,465.91,63.64,18.18,10.23
Oatmeal,100 g,416.67,63.89,13.89,11.11
Oatmeal Muesli,100 g,450.0,72.5,12.5,7.5
Sambal Rendang,100 g,250.0,37.5,12.5,0.0
Sambal Terasi Ala Sunda,100 g,200.0,30.0,10.0,0.0
Sambal Matah Grilled Chicken,100 g,1411.43,111.43,110.57,100.86
Kerupuk Rasa Bawang,100 g,250.0,85.0,0.0,0.0
Krupuk Bawang,100 g,266.67,3.33,23.33,10.0
Kerupuk Goreng Pasir,100 g,357.0,83.52,1.78,1.46
Kerupuk Ikan,100 g,520.0,64.0,28.0,4.0
Kerupuk Seblak,100 g,561.0,54.0,36.0,6.0
Kerupuk Mie Kuning,100 g,475.0,69.73,20.77,0.49
Kerupuk Kulit Sapi,100 g,350.0,0.02,4.19,80.12
Opak,100 g,365.0,74.9,3.63,5.95
Kerupuk Ikan Sanggul,100 g,520.0,64.0,28.0,4.0
Kerupuk Koin Pedas,100 g,460.0,19.0,20.0,9.0
Kerupuk Kemplang Panggang,100 g,700.0,160.0,0.0,20.0
Kerupuk Udang Goreng,100 g,500.0,70.0,20.0,0.0
Kerupuk Keriting,100 g,350.0,85.0,0.0,0.0
Emping Melinjo,100 g,350.0,69.79,1.49,12.11
Lanting Getuk,100 g,425.0,80.07,10.06,0.8
Rice Crackers Mixed Berries,100 g,375.0,90.0,0.0,5.0
Lemon Crackers Sandwich,100 g,473.68,68.42,21.05,7.89
Peyek Kacang,100 g,486.0,57.12,26.37,6.33
Snack Red,100 g,450.0,80.0,12.5,10.0
Peanut Butter Sandwich,100 g,500.0,63.33,23.33,10.0
Egg Roll,100 g,400.0,80.0,7.5,10.0
Popped Rice Crackers Sea Salt,100 g,400.0,80.0,0.0,8.57
Malkist Cappuccino,100 g,500.0,66.67,22.22,5.56
Kerupuk Udang Rasa Barbeque,100 g,466.67,66.67,23.33,0.0
Malkist Kornet,100 g,444.44,72.22,13.89,11.11
Oat Krunch Chunky Hazelnut,100 g,500.0,65.38,23.08,7.69
Siip Bite Roasted Corn,100 g,500.0,50.0,37.5,0.0
Stik Tenggiri,100 g,475.0,60.0,20.0,15.0
Siip Net,100 g,600.0,50.0,40.0,10.0
Kremesan,100 g,475.0,62.63,24.48,1.5
Peanut Crackers,100 g,520.0,64.0,24.0,8.0
Flying Fish Biscuits,100 g,466.67,70.0,16.67,6.67
Sugar Crackers,100 g,466.67,66.67,20.0,10.0
Pang Pang Jagung Bakar,100 g,447.0,71.27,16.45,3.36
Milkies,100 g,565.22,56.52,30.43,8.7
Kerupuk Keju,100 g,600.0,50.0,45.0,5.0
Milk Chocolate,100 g,440.0,80.0,8.0,8.0
Lemon Cream Crown Biscuit,100 g,500.0,66.67,23.33,10.0
Malkist Cokelat Kelapa,100 g,526.32,57.89,26.32,10.53
Lovely Cream Sandwich Lemon,100 g,480.0,64.0,24.0,8.0
Cheese Flavoured Rings,100 g,500.0,65.0,25.0,5.0
Chicken Flavoured Crackers,100 g,500.0,66.67,23.33,3.33
Siip Chicken Flavour,100 g,500.0,50.0,37.5,0.0
Superco,100 g,500.0,50.0,11.11,5.56
Biskies,100 g,526.32,63.16,28.95,5.26
Lemonia,100 g,500.0,65.0,25.0,5.0
Plain Crackers With Sesame,100 g,438.46,70.77,11.92,11.92
Biskies Chocolate,100 g,500.0,55.0,25.0,5.0
Amplang,100 g,506.0,57.14,27.19,8.07
Kerupuk Udang Rasa Rumput Laut,100 g,500.0,70.0,25.0,0.0
Hokkaido Milk,100 g,440.0,80.0,8.0,8.0
Plain Crackers,100 g,461.54,73.08,13.46,11.54
Malkist Crackers (2),100 g,444.44,72.22,16.67,11.11
Cream Crackers,100 g,483.87,64.52,22.58,9.68
Kerupuk Kulit Kerbau,100 g,422.0,0.0,4.0,83.0
Fugu & Friends,100 g,450.0,70.0,20.0,10.0
Tater Thins Potato Snack Truffle Flavor,100 g,550.0,60.0,30.0,5.0
Onion Chicken,100 g,400.0,80.0,8.0,8.0
Klik Crackers,100 g,500.0,66.67,25.0,8.33
Cream Wafers Strawberry,100 g,480.0,72.0,20.0,4.0
Popped Rice Crackers Roasted Corn,100 g,400.0,80.0,8.0,8.0
Malkist Tabur Keju (3),100 g,470.59,58.82,20.59,11.76
Madeleine Crackers,100 g,554.55,54.55,36.36,9.09
Basreng Pedas,100 g,526.0,55.22,31.02,6.36
Vege Biscuit,100 g,500.0,63.33,23.33,10.0
Pepper Crackers,100 g,500.0,63.33,20.0,10.0
Klapis,100 g,500.0,66.67,27.78,5.56
Choco Sourdough Cracker,100 g,488.0,64.0,20.0,8.0
Crispy Crackers,100 g,500.0,71.43,17.86,7.14
Malkist Sweet Crackers,100 g,476.19,71.43,16.67,9.52
Popped Rice Crackers Umami Seaweed,100 g,400.0,80.0,8.0,8.0
Makaroni Ulir Pedas,100 g,493.0,69.6,23.39,1.06
Biskies Vanilla,100 g,500.0,61.11,27.78,5.56
Vege Crackers,100 g,466.67,66.67,20.0,6.67
Original Sourdough Cracker,100 g,488.0,64.0,20.0,12.0
Cizzring,100 g,470.59,76.47,17.65,0.0
Biskuit Kelapa Kopyor,100 g,500.0,75.0,20.0,5.0
Trenz,100 g,500.0,70.0,20.0,0.0
Dimsum Goreng Keju,100 g,280.0,15.04,18.01,14.06
Sukun Goreng,100 g,223.0,30.64,12.29,1.21
Jukut Goreng,100 g,181.0,16.14,12.16,2.63
Getuk Goreng,100 g,359.0,74.06,6.68,1.31
Ikan Mas Goreng,100 g,117.0,0.17,4.39,18.16
Tape Goreng,100 g,217.0,40.0,5.31,2.04
Ikan Pindang Goreng,100 g,189.0,0.71,10.0,23.09
Pangsit Goreng,100 g,433.33,32.41,29.26,9.63
Ikan Layang Goreng,100 g,220.0,0.61,13.19,24.01
Teh Gelas,100 g,4500.0,1100.0,0.0,0.0
Mi Goreng Kriuk Pedas,100 g,444.44,66.67,15.56,10.0
Mi Goreng Spesial,100 g,487.5,66.25,22.5,7.5
Ikan Belanak Goreng,100 g,169.0,2.51,9.2,18.0
Kentang Goreng French Fries 2000,100 g,450.0,80.0,15.0,0.0
Mie Goreng Rasa Bulgogi,100 g,455.56,68.89,15.56,7.78
Potongan Daging Babi Goreng,100 g,279.0,0.0,18.5,26.41
Sambal Matah,100 g,482.35,60.0,23.53,9.41
Minyak Goreng,100 ml,818.18,0.0,90.91,0.0
Ayam Goreng Bawang Putih,100 g,276.0,5.04,18.06,23.02
Indomie Goreng,100 g,447.06,63.53,16.47,9.41
Kentang Goreng,100 g,180.0,31.0,4.5,4.0
Kentang Goreng (Buatan) Rumah,100 g,185.0,23.39,9.64,2.17
Bawang Merah Goreng,100 g,500.0,50.0,30.0,10.0
Mi Goreng Ayam Geprek,100 g,482.35,57.65,23.53,10.59
Mi Goreng Aceh,100 g,477.78,61.11,21.11,10.0
Mie Goreng Sedaaap,100 g,444.44,67.78,14.44,11.11
Mie Goreng Spesial,100 g,475.0,56.25,25.0,7.5
Fit Active,100 ml,27.27,6.36,0.0,0.3
Bumbu Nasi Goreng Rendang,100 g,375.0,75.0,0.0,0.0
Tango Wafer,100 g,500.0,70.0,20.0,10.0
Goreng Pedes Gledek,100 g,493.33,60.0,24.0,8.0
Extra Pedas Goreng Jalapeno,100 g,447.06,63.53,16.47,9.41
Kol Goreng,100 g,90.0,10.62,4.72,2.76
Bumbu Racik Tempe Goreng,100 g,250.0,50.0,0.0,0.0
Mie Goreng Rasa Rendang,100 g,461.54,59.34,20.88,9.89
Sarden Goreng Dalam Sambal Balado,100 g,183.33,5.0,11.67,13.33
Bihunku Goreng,100 g,383.33,78.33,6.67,3.33
Goreng Special,100 g,383.33,78.33,6.67,3.33
Mi Goreng Rasa Sambal Matah,100 g,482.35,60.0,23.53,9.41
Toge Goreng,100 g,94.0,14.22,2.8,5.25
Mi Goreng Rasa Iga Penyet,100 g,437.5,65.0,16.25,10.0
Spix Mi Goreng,100 g,533.33,60.0,26.67,6.67
Soto Betawi,100 g,135.0,11.44,8.85,4.05
Bumbu Soto Ayam,100 g,200.0,20.0,10.0,10.0
Soto Bandung,100 g,42.0,2.51,1.71,4.48
Soto Padang,100 g,126.99,11.09,6.69,5.86
Rasa Soto Ayam,100 g,467.53,58.44,20.78,10.39
Lemonilo Soto Koya,100 g,366.67,68.33,5.0,11.67
Tongseng Khas Solo,100 g,269.23,38.46,11.54,0.0
Mi Rebus Soto,100 g,57.14,8.57,1.43,0.0
Mie Gaga 100 Extra Pedas Kuah Soto,100 g,440.0,60.0,17.33,12.0
Indomie Soto Koya Pedas Dower,100 g,460.53,60.53,19.74,9.21
Soto Spesial,100 g,440.0,58.67,18.67,9.33
Rasa Soto Ayam Dengan Nasi,100 g,466.67,64.0,20.0,9.33
Soto Koya Nagih,100 g,460.53,60.53,19.74,10.53
Racik Bumbu Spesial Soto Ayam,100 g,222.22,22.22,11.11,11.11
Rawon,100 g,119.0,3.48,7.4,9.6
Bumbu Nasi Goreng Soto,100 g,250.0,50.0,0.0,0.0
Nasi Goreng Soto,100 g,250.0,50.0,0.0,0.0
Mie Instan Kuah Rasa Soto Koya,100 g,366.67,68.33,5.0,11.67
Vegan Noodle Rasa Soto,100 g,458.82,60.0,20.0,8.24
Sarimi Isi 2 Rasa Soto,100 g,407.08,54.87,17.7,7.96
Sarimi Gelas Rasa Soto Ayam,100 g,466.67,53.33,23.33,10.0
Fitmee Rasa Soto,100 g,65.22,10.87,2.17,0.0
Super Bubur Dengan Kuah Soto,100 g,413.04,76.09,8.7,8.7
Pake Nasi Rasa Soto Ayam,100 g,466.67,64.0,20.0,9.33
Mi Instan Konyaku Rasa Soto,100 g,65.22,10.87,2.17,0.0
Mie Sedaap Cup Soto,100 g,480.52,55.84,24.68,11.69
Mie Sukses Isi 2 Rasa Soto,100 g,450.45,63.06,16.22,11.71
Pop Mie Mini Rasa Soto Mie,100 g,435.9,56.41,20.51,7.69
Mie Rasa Soto Koya Pedas Dower,100 g,460.53,60.53,19.74,9.21
Jiwa Pagi Rasa Soto,100 g,369.23,63.08,6.15,15.38
Rasa Soto Madura,100 g,463.41,59.76,19.51,10.98
Baked Soto,100 g,381.58,72.37,5.92,9.21
Bihunku Seduh Rasa Soto Ayam,100 g,333.33,79.17,0.0,0.0
Oatmeal Rasa Soto Ayam,100 g,392.86,64.29,7.14,14.29
Rasa Soto Padang,100 g,440.0,58.67,18.67,10.67
Soto Banjar Limau Kuit,100 g,453.33,60.0,18.67,9.33
Mie Rasa Soto Lamongan,100 g,450.0,60.0,17.5,12.5
Bihun Rasa Soto Ayam,100 g,363.64,9.09,0.0,0.0
Soto Daging,100 g,200.0,20.0,5.0,10.0
Soto Medan,100 g,442.86,60.0,17.14,10.0
Bumbu Praktis Soto Ayam,100 g,125.0,25.0,0.0,0.0
Nasindo Rasa Soto,100 g,107.69,21.54,1.54,1.54
Supermi Extra Rasa Soto Daging,100 g,440.0,65.0,15.0,9.0
Mie Gelas Rasa Soto Ayam,100 g,480.0,60.0,24.0,12.0
Mi Coto Makassar,100 g,440.0,61.33,17.33,10.67
Mi Instan Rasa Soto Mi,100 g,453.33,62.67,18.67,9.33
Mi Instan Kuah Rasa Soto,100 g,362.5,56.25,10.0,11.25
Sate Padang,100 g,161.0,6.79,6.63,18.01
Beef Broccoli Fried Rice,100 g,223.33,21.67,10.0,10.83
Ayam Spesial Jamur,100 g,162.0,15.0,2.0,20.0
Lemon Pepper Chicken,100 g,113.33,0.83,0.83,23.33
Kurma Khalas,100 g,325.0,76.0,0.4,4.4
Hongkong Soya Chicken,100 g,144.17,3.33,3.33,23.33
Ayam Kungpao,100 g,297.78,15.56,13.33,25.56
Thai Basil Chicken,100 g,186.67,7.78,4.44,26.67
Ayam Krim Italia,100 g,133.33,5.56,5.56,15.56
Ceciwis Jamur,100 g,68.0,13.0,1.0,3.0
Mooyam Steak,100 g,140.0,4.0,4.67,20.0
Kurma Khenaizi,100 g,325.0,44.0,0.24,1.5
Ayam Ala Jepang,100 g,122.22,5.56,3.33,17.78
Ayam Sambal Matah,100 g,215.83,4.17,14.17,15.83
Mooyam Garlic,100 g,120.0,2.0,1.5,24.0
Cumi Cabe Hijau,100 g,304.0,10.0,21.0,17.0
Garlic Lime Rice,100 g,142.5,0.0,0.0,0.0
Ayam Kecombrang,100 g,202.5,2.5,7.5,28.75
Kacang Panjang Sapi,100 g,107.0,11.0,5.0,4.0
Truffle Mushroom Chicken,100 g,185.0,4.0,7.0,20.0
Creamy Miso Udon,100 g,240.0,33.0,9.0,6.0
Aglio Olio Pasta,100 g,132.5,6.67,11.67,0.83
Honey Garlic Chicken Bites,100 g,200.0,18.89,7.78,13.33
Mooyam Spicy,100 g,123.08,4.62,0.77,25.38
Pakcoy Tahu,100 g,60.0,5.0,1.5,5.0
Mie Goreng Jawa,100 g,190.83,35.0,4.17,9.17
Claypot Egg Tofu,100 g,125.0,10.0,7.0,6.0
Sapi Ala Mongolia,100 g,395.0,5.0,26.25,35.0
Stir Fried Tofu And Mushroom,100 g,139.0,8.0,11.0,3.0
Butter Spam Fried Rice,100 g,162.5,0.0,0.0,0.0
Italian Pesto Chicken,100 g,163.0,3.0,5.0,24.0
Honey Mustard Chicken,100 g,148.33,0.83,5.83,23.33
Kurma Lulu,100 g,325.0,76.0,0.4,4.4
Tini Wini Biti Rasa Sate Ayam,100 g,500.0,66.67,20.83,8.33
Kimchi Fried Rice,100 g,222.0,27.0,9.0,6.0
Sake,100 ml,132.0,4.92,0.0,0.49
Jeju Choco Late,100 ml,66.67,8.89,2.22,2.22
Biskuit Rasa Sate,100 g,470.59,70.59,17.65,5.88
Mooyam Original,100 g,130.43,0.0,2.17,26.96
Mooyam Tomato Chili,100 g,140.0,7.33,2.67,21.33
Coffee-Mate,100 g,500.0,60.0,30.0,0.0
Cajun Butter Chicken,100 g,145.0,0.83,4.17,23.33
Dada Ayam Asap,100 g,130.0,0.0,2.0,27.0
Mooyam Meatballs,100 g,120.0,3.0,6.0,15.0
Pentol,100 g,269.0,17.23,15.88,13.74
Bakso Kuah,100 g,134.62,4.81,3.85,20.19
Bakso Urat,100 g,123.08,12.31,3.85,12.31
Bakso Sapi Kuah,100 g,158.33,10.0,7.5,11.67
Bakso Polos,100 g,138.46,4.62,4.62,20.0
Bakso Sapi Kasar/Urat,100 g,160.0,12.0,9.0,10.0
Bakso Ayam,100 g,160.0,12.0,8.0,9.0
Bakso Sapi & Ayam,100 g,121.21,6.06,3.03,21.21
Bakso,100 g,325.0,9.2,2.5,4.1
Baso Ikan,100 g,100.0,15.0,0.0,10.0
Swedish Meatballs,100 g,240.51,5.06,17.72,13.92
Bakso Gochujang,100 g,127.27,7.27,4.55,16.36
Bakso Keju,100 g,183.33,6.67,6.67,21.67
Bakso Hot,100 g,163.64,10.91,7.27,14.55
Rasa Bakso Sapi,100 g,360.0,80.0,4.0,4.0
Bakso Daging Ayam Keju (Ready To Go),100 g,116.67,6.67,5.83,11.67
Probites Bakso Sweet & Spicy,100 g,116.67,8.33,3.33,11.67
Fish Roll,100 g,160.0,22.0,3.0,10.0
Bakso Daging Ayam,100 g,270.0,21.0,17.0,8.0
Fish Scallop,100 g,208.33,33.33,8.33,8.33
Fish Ball,100 g,125.0,15.0,5.0,5.0
Bakso Ikan Besar,100 g,125.0,15.0,5.0,10.0
Chikuwa Mini,100 g,150.0,20.0,2.5,15.0
Bakso Original,100 g,145.83,8.33,9.38,16.67
Scallop,100 g,100.0,16.0,1.0,10.0
Bakso Daging Ayam Saus Barbekiu,100 g,140.0,10.0,6.0,14.0
Bakso Serba Guna,100 g,107.69,4.62,2.31,18.46
Bakso Ikan Dan Udang,100 g,166.67,16.67,12.5,8.33
Baso Ikan Dan Udang,100 g,166.67,16.67,12.5,8.33
Bola Lobster,100 g,170.0,18.0,7.0,8.0
Bakso Bayam,100 g,219.0,29.0,8.0,11.0
Bakso Ikan Pedas,100 g,177.78,13.33,10.0,8.89
Bakso Cumi,100 g,175.0,20.0,7.5,10.0
Tofu Fish Cake,100 g,225.0,15.0,17.5,10.0
Bakso Ayam Keju,100 g,191.67,11.67,9.17,14.17
Bakso Ikan Kuah,100 g,108.33,17.5,0.0,10.83
Bakso Sosis,100 g,160.0,9.0,8.0,13.0
Bumbu Kuah Bakso,100 g,200.0,20.0,10.0,6.67
Yong Tofu,100 g,150.0,10.0,9.0,8.0
Bakso Sb Premium,100 g,138.46,3.08,5.38,21.54
Chicken Ball,100 g,160.0,12.0,8.0,9.0
Bola Kepiting,100 g,170.0,19.0,7.0,8.0
Cuanki,100 g,520.0,52.0,32.0,4.0
Tepung Bakso Goreng,100 g,257.14,60.0,0.0,2.86
Baso Spesial,100 g,467.53,54.55,22.08,11.69
Baso Aci Geprek,100 g,368.0,50.16,14.97,8.12
Bakso Daging Sapi Dan Ayam Kombinasi,100 g,160.0,14.0,7.0,10.0
Bubur Sumsum,100 g,174.0,33.79,3.57,1.97
Bubur Candil,100 g,84.0,18.53,1.05,0.46
Bubur Ketan Hitam,100 g,241.0,45.37,5.39,2.97
Bubur Instan Rasa Ayam,100 g,377.78,71.11,6.67,6.67
Bubur Spesial 3 Kombinasi,100 g,39.97,6.0,1.0,2.0
Bubur Ayam,100 g,69.18,10.68,1.76,2.15
Bubur Sereal Multigrain,100 g,406.25,84.38,3.12,9.38
Susu Bubuk Full Cream,100 g,320.0,40.0,28.0,20.0
Coklat Bubuk,100 g,400.0,50.0,13.33,20.0
Susu Bubuk Cokelat,100 g,16000.0,2500.0,500.0,500.0
Kakao Bubuk,100 g,400.0,53.33,10.0,23.33
Bubur Tim Salmon Norwegia,100 g,400.0,80.0,6.0,12.0
Bubur Bayi Pisang Susu,100 g,400.0,70.0,7.5,15.0
Sun Bubur Beras Merah,100 g,400.0,80.0,5.0,10.0
Lada Putih Bubuk,100 g,333.33,66.67,0.0,0.0
Bubur Shirataki (Keju),100 g,60.0,8.0,3.0,0.0
Mp-Asi Bubur Bayi,100 g,400.0,70.0,5.0,15.0
Cabe Bubuk,100 g,500.0,66.67,0.0,0.0
Bubur Bayi,100 g,425.0,72.5,10.0,12.5
Super Bubur Dengan Kuah Kari,100 g,413.04,78.26,7.61,6.52
Bubuk Protein,100 g,401.0,49.0,9.0,31.0
Bubur Shirataki Rasa Ayam Jamur,100 g,60.0,8.0,2.0,2.0
Bubur Aneka Kacang,100 g,120.0,21.5,2.25,3.5
Susu Skim Bubuk,100 g,366.67,56.67,0.0,30.0
Kopi Bubuk,100 g,500.0,100.0,0.0,0.0
Bubuk Kedelai Murni,100 g,400.0,46.0,7.0,28.0
Kakao Bubuk (Tanpa Gula),100 g,229.0,54.3,13.7,19.6
Matcha Bubuk,100 g,400.0,93.33,0.0,6.67
Super Bubur,100 g,422.22,71.11,6.67,6.67
Susu Bubuk,100 g,425.0,67.5,8.75,17.5
Super Bubur Rasa Ayam,100 g,377.78,71.11,6.67,6.67
Susu Bubuk Kompleta,100 g,371.43,65.71,4.29,14.29
Kacang Kedelai Bubuk,100 g,450.0,30.0,22.5,40.0
Super Bubur Rasa Abon Sapi,100 g,387.76,69.39,9.18,6.12
Ubur-Ubur (Dikeringkan Asin),100 g,36.0,0.0,1.4,5.5
Susu Bubuk Coklat,100 g,450.0,67.5,12.5,12.5
Terasi Bubuk,100 g,250.0,0.0,0.0,25.0
Buryam,100 g,363.64,81.82,0.0,9.09
Santan Bubuk,100 g,500.0,60.0,30.0,0.0
Selai Kacang Bubuk,100 g,384.62,61.54,7.69,30.77
Selai Chocolate Bubuk,100 g,384.62,61.54,7.69,30.77
Bubur Dengan Kuah Kari,100 g,413.04,78.26,7.61,6.52
Bubur Tim Daging Dan Brokoli,100 g,400.0,80.0,6.0,12.0
Minuman Rasa Limun Dengan Gula (Dibuat Dengan Bubuk Campuran),100 g,9200.0,2252.0,0.0,0.0
Susu Bubuk Full Cream Plain,100 g,13000.0,1100.0,700.0,600.0
Bubur Instan,100 g,375.0,71.88,6.25,7.81
Susu Bubuk Kompleta Rasa Vanila,100 g,400.0,63.33,8.33,13.33
Susu Bubuk Skim,100 g,400.0,60.0,0.0,33.33
Susu Bubuk Purefarm Full Cream,100 g,480.0,40.0,28.0,24.0
Agar-Agar Bubuk Hallow,100 g,357.14,85.71,0.0,0.0
Daun Kelor Bubuk,100 g,333.33,53.33,6.67,20.0
Organik Susu Kacang Bubuk,100 g,450.0,30.0,17.5,0.0
Organic Coklat Belgia Bubuk,100 g,512.5,51.25,32.5,8.75
Jahe Merah Ekstrak Bubuk,100 g,450.0,80.0,10.0,10.0
Susu Bubuk Instan Rasa Cokelat,100 g,447.37,65.79,15.79,13.16
Sosis Bakar,100 g,160.0,2.0,10.0,14.0
Ikan Kembung Bakar,100 g,169.0,3.2,8.01,20.46
Bumbu Bakar Pedas,100 g,300.0,70.0,0.0,0.0
Terong Bakar,100 g,20.0,4.67,0.16,0.83
Ikan Patin Bakar,100 g,144.0,2.22,6.61,17.78
Rasa Jagung Bakar,100 g,500.0,60.0,30.0,10.0
Akar Teratai,100 g,74.0,17.23,0.1,2.6
Bumbu Rasa Jagung Bakar,100 g,250.0,100.0,0.0,0.0
Kris Bee Krunchy Rasa Jagung Bakar Mentega,100 g,450.0,80.0,10.0,10.0
Bumbu Kentang Goreng Rasa Jagung Bakar,100 g,375.0,75.0,0.0,0.0
Sosis Lauk Rasa Ayam Bakar,100 g,140.0,12.0,3.0,16.0
Rumput Laut Panggang Rasa Jagung Bakar,100 g,500.0,20.0,40.0,20.0
Ikan Bawal Bakar,100 g,144.0,0.0,5.04,23.0
Ubi Bakar Cilembu,100 g,86.0,20.12,0.05,1.57
Ayam Bakar Bumbu Rujak,100 g,250.0,33.33,8.33,8.33
Sukro Oven Jagung Bakar,100 ml,520.0,52.0,28.0,16.0
Roti Gandum,100 g,277.78,45.56,6.67,8.89
Sosis Bakar Mini,100 g,250.0,15.0,17.0,10.0
Jagung Bakar (15G),100 g,333.33,40.0,20.0,6.67
Roti Jagung,100 g,309.09,54.55,10.91,7.27
Roti Bakar,100 g,307.0,53.71,5.62,12.84
Jagung Bakar Pedas,100 g,416.67,50.0,25.0,8.33
Roti Sandwich Tanpa Kulit Gandum,100 g,277.78,45.56,6.67,8.89
Sosis Bakar Jumbo,100 g,250.0,13.0,18.0,10.0
Momogi Jagung Bakar,100 g,500.0,60.0,30.0,10.0
Twistko Rasa Jagung Bakar,100 g,500.0,70.0,25.0,10.0
Nasi Bakar,100 g,166.67,25.15,4.55,6.67
Snack Nugget Rasa Jagung Bakar Pedas,100 g,500.0,70.0,20.0,10.0
Tortilla Chips Rasa Jagung Bakar,100 g,500.0,64.29,21.43,10.71
Sosis Rasa Ayam Bakar,100 g,170.0,18.0,6.0,10.0
Pocket Sandwich Chocolate,100 g,320.0,44.0,12.0,8.0
Milk Bread,100 g,300.0,52.5,5.0,10.0
Keripik Singkong Rasa Keju Bakar,100 g,400.0,56.0,20.0,0.0
Potato Bun With Custard Filling,100 g,314.29,50.0,10.0,7.14
Nasi Bakar Ayam,100 g,166.67,25.15,4.55,6.67
Popcorn Keju Bakar,100 g,433.33,76.67,13.33,3.33
Potato Bun With Chocolate Filling,100 g,328.57,48.57,10.0,7.14
Yoritos Rasa Jagung Bakar,100 g,500.0,70.0,25.0,10.0
Roti Kok,100 g,437.0,74.8,10.0,11.1
Pocket Sandwich Peanut,100 g,360.0,42.0,16.0,10.0
Mie Goreng Ayam Bakar Limau,100 g,449.44,68.54,15.73,8.99
Strawberry Roll,100 g,327.27,52.73,10.91,7.27
Red Bean Bun,100 g,327.27,52.73,9.09,7.27
Nasi Bakar Ikan Cakalang,100 g,196.23,31.7,4.53,7.17
Kaya Bun,100 g,311.11,57.78,8.89,6.67
Roti Balok Rasa Cokelat,100 g,360.0,50.0,14.0,8.0
Iga Bakar,100 g,254.0,0.94,19.0,19.1
Roti Susu,100 g,300.0,52.5,5.0,10.0
Corntoz Rasa Jagung Bakar,100 g,1200.0,140.0,70.0,10.0
Ayam Bakar Limau,100 g,449.44,68.54,15.73,8.99
Jagung Bakar (18G),100 g,555.56,61.11,33.33,5.56
Sapi Bumbu Bakar,100 ml,500.0,55.0,30.0,10.0
Chocolate Bun,100 g,311.11,51.11,10.0,6.67
Potabee Ayam Bakar,100 g,533.33,50.0,33.33,6.67
Rasa Sosis Bakar,100 g,444.44,77.78,8.33,5.56
Chimi Keripik Ubi Jagung Bakar,100 g,560.0,56.0,32.0,4.0
Roti Bakar Rasa Coklat,100 g,381.82,52.73,16.36,7.27
Snack Bakso Rasa Udang Bakar,100 g,533.33,73.33,23.33,0.0
Kentang Rebus,100 g,87.0,20.13,0.1,1.87
Singkong Rebus,100 g,146.0,34.76,0.26,1.24
Pop Mie Rasa Ayam,100 g,426.67,61.33,14.67,12.0
Daun Ubi Tumbuk,100 g,102.0,6.56,8.01,3.49
Rawon Pedas Mercon,100 g,466.67,61.33,20.0,10.67
Sarimi Isi 2 Ayam Bawang,100 g,443.48,60.87,17.39,11.3
Ramen Kuah Shoyu Rasa Ayam,100 g,439.02,67.07,17.07,7.32
Rawit Bingit Ayam Jerit,100 g,454.55,55.84,19.48,12.99
Lodeh Terong,100 g,106.0,6.36,8.39,3.03
Tongseng,100 g,169.0,6.43,11.83,10.81
Mi Goreng Rendang,100 g,483.52,62.64,21.98,8.79
Shabu Shabu Combo,100 g,240.0,22.0,14.0,8.0
Mie Rebus Rasa Soto Ayam,100 g,485.71,60.0,24.29,8.57
Jagung Rebus,100 g,93.0,22.33,0.74,3.11
Mi Rebus Kari Ayam,100 g,66.67,14.67,0.67,0.0
Tumis Buncis,100 g,65.0,8.15,3.45,1.97
Tumis Kacang Panjang Dan Tempe,100 g,140.0,9.65,8.54,8.97
Tumis Tauge,100 g,57.0,9.45,1.18,4.58
Tumis Labu Siam,100 g,46.0,7.34,1.72,1.42
Tumis Pakcoy,100 g,30.0,5.57,0.52,1.85
Tumis Kol,100 g,45.0,6.15,2.23,1.39
Tumis Pakis,100 g,75.0,7.01,4.54,3.55
Tumis Pepaya Muda,100 g,52.0,8.97,1.93,0.73
Tumis Genjer,100 g,35.0,7.39,0.27,1.99
Tumis Daun Pepaya,100 g,95.0,12.01,2.0,8.05
Tumis Daun Singkong,100 g,85.0,7.52,5.22,3.59
Bumbu Racik Tumis,100 g,300.0,60.0,0.0,20.0
Tumis Oncom,100 g,105.0,12.62,4.04,5.84
Tumis Pare,100 g,46.0,5.74,2.45,1.25
Kentang Panggang (Kulit Tidak Dimakan),100 g,92.0,21.39,0.1,1.95
Kacang Panggang Vegetarian,100 g,94.0,21.14,0.37,4.75
Ikan Tuna Panggang,100 g,153.0,0.41,3.96,27.3
Ikan Trout Panggang,100 g,188.0,0.41,9.16,24.37
Bolu Panggang,100 g,444.44,51.11,24.44,4.44
Muffin Inggris Panggang,100 g,270.0,52.65,2.02,10.32
Jamur Portabella (Panggang),100 g,35.0,5.08,0.75,4.09
Iga Babi Panggang Dengan Saus,100 g,310.0,4.2,22.33,21.44
Kentang Panggang (Lemak Tidak Ditambahkan Dalam Masakan),100 g,95.0,21.52,0.11,2.49
Rasa Ayam Panggang,100 g,600.0,60.0,35.0,10.0
Daging Babi Panggang,100 g,247.0,0.0,14.59,26.98
Proffle Sapi Panggang,100 g,400.0,55.0,10.0,25.0
Rumput Laut Kering Panggang (Nori) Pedas,100 g,500.0,40.0,30.0,20.0
Rosta Kacang Panggang Rasa Pedas,100 g,545.45,54.55,22.73,18.18
Corntoz Sapi Panggang,100 g,500.0,60.0,25.0,10.0
Roti Panggang,100 g,368.42,52.63,15.79,7.89
Rumput Laut Panggang,100 g,500.0,33.33,50.0,33.33
Rumput Laut Kering Panggang (Nori) Korean Bbq,100 g,500.0,20.0,40.0,20.0
Rumput Laut Kering Panggang (Nori) Rasa Telur Asin,100 g,500.0,20.0,40.0,20.0
Kentang Panggang (Kulit Dimakan),100 g,109.0,20.53,2.2,2.43
Kentang Panggang,100 g,149.0,20.06,7.0,2.32
Roti Asam Adonan Panggang,100 g,298.0,56.4,3.3,9.6
Makaroni Panggang,100 g,489.0,66.0,22.0,7.0
Garuda Rosta Kacang Panggang Rasa Bawang,100 g,545.45,54.55,27.27,18.18
Babi Panggang (Hanya Daging Yang Dimakan),100 g,208.0,0.0,9.57,28.45
Kacang Almond Panggang,100 g,600.0,16.67,56.67,20.0
Pilus Keju Panggang,100 g,500.0,65.0,25.0,5.0
Ikan Lele Panggang,100 g,184.0,0.41,11.71,18.16
Kepiting Panggang,100 g,136.0,0.11,6.24,18.91
Pilus Sapi Panggang,100 g,500.0,71.43,28.57,0.0
Bagel Panggang,100 g,288.0,57.11,1.72,11.14
Kacang Asin Panggang,100 g,629.63,18.52,51.85,29.63
Ikan Salmon Panggang,100 g,171.0,0.49,7.56,23.97
Daging Menjangan/Rusa Panggang,100 g,190.0,0.0,3.93,36.08
Japota Sapi Panggang,100 g,571.43,50.0,35.71,7.14
Malkist Keju Panggang,100 g,500.0,65.0,20.0,10.0
Piattos Sapi Panggang,100 g,533.33,66.67,26.67,6.67
Kacang Pistachio Panggang,100 g,640.0,20.0,52.0,24.0
Rasa Sapi Panggang,100 g,550.0,65.0,30.0,5.0
Rumput Laut Panggang (Nori),100 g,600.0,20.0,50.0,20.0
Ayam Panggang Bawang,100 g,136.92,5.77,4.08,19.23
Chitato Sapi Panggang,100 g,550.0,55.0,30.0,10.0
Kuah Gulai,100 g,135.0,6.74,12.43,1.78
Cap Cay Kuah,100 g,67.0,9.67,2.59,1.58
Kwetiau Kuah Rasa Ayam Bawang,100 g,373.13,67.16,6.72,13.43
Mi Instan Kuah Rasa Ayam Bawang,100 g,386.67,62.67,8.0,16.0
Kuah Rasa Ramen Jepang,100 g,366.67,70.0,5.0,10.0
Mie Instan Kuah Rasa Ayam Bawang,100 g,383.33,65.0,8.33,11.67
Muffin Buah Dan/Atau Kacang-Kacangan,100 g,277.0,48.0,6.5,5.5
Mie Kuah Jalapeno,100 g,440.0,57.33,17.33,12.0
Mie Kuah Rasa Ayam Cabe,100 g,462.5,61.25,20.0,8.75
Buah Lontar,100 g,27.0,6.75,0.18,0.34
Batagor Kuah,100 g,469.0,52.4,19.3,21.3
Mi Kuah Rasa Cakalang,100 g,440.0,65.33,14.67,10.67
Smoothie Buah (Dibuat Dengan Buah Atau Jus Buah Saja),100 g,13000.0,3352.0,29.0,88.0
Kuah Pedes Dower,100 g,480.0,61.33,21.33,8.0
Buah Persik,100 g,39.0,9.54,0.25,0.91
Koktail Buah Tanpa Pemanis Dalam Kemasan Air (Dimasak Atau Kalengan),100 g,7800.0,2085.0,12.0,103.0
Keju Cottage Dengan Buah,100 g,21900.0,1042.0,870.0,2416.0
Es Buah,100 g,24700.0,6292.0,0.0,77.0
Bihun Kuah,100 g,372.55,70.59,6.86,7.84
Minuman Smoothie Buah (Dengan Jus Buah Dan Produk Susu),100 g,19800.0,4115.0,323.0,341.0
Super Bihun Kuah,100 g,372.55,70.59,4.9,7.84
Punch Buah  (Dibuat Dengan Jus Buah Dan Soda),100 g,10800.0,2651.0,15.0,44.0
Minum Smoothie Buah,100 g,16200.0,3668.0,176.0,214.0
Minuman Buah (Beralkohol),100 g,7400.0,785.0,3.0,14.0
Koktail Buah Atau Campuran,100 g,9300.0,2424.0,30.0,102.0
"Minuman Buah (Berkonsentrasi Beku, Dengan Air)",100 g,11400.0,2880.0,0.0,15.0
Mi Instan Kuah Rasa Kari Ayam,100 g,400.0,70.0,7.5,10.0
Buah Delima,100 g,68.0,17.17,0.3,0.95
Mie Kuah Pedas Gurih,100 g,400.0,72.31,7.69,10.77
Mie Oven Mie Kuah Rasa Iga Sapi,100 g,600.0,58.0,14.0,12.0
Super Bihun Kuah Baso Sapi,100 g,352.94,68.63,4.9,9.8
Mi Instan Konnyaku Kuah Rasa Ayam Bawang,100 g,42.25,9.86,0.0,0.0
Corn Bihun Kuah Rasa Ayam Bawang,100 g,393.44,81.97,6.56,1.64
Buah Kecapi,100 g,82.0,20.11,0.56,0.4
Pie Buah,100 g,316.0,42.6,16.1,3.0
Buah Kenitu,100 g,67.0,16.78,0.21,1.43
Jus Buah Naga,100 g,13600.0,3595.0,17.0,92.0
Yum Yum Mi Instan Rasa Tom Yum Udang Kuah Creamy,100 g,485.71,67.14,21.43,7.14
Buah Kundur,100 g,16.0,3.67,0.2,0.46
Instant Kua Chap,100 g,360.0,72.0,4.0,4.0
Kua Chap Thai Tom Yum,100 g,340.0,80.0,0.0,6.0
"Kentang Goreng (Seperti Waktu Beli, Ditambahi Garam, Beku)",100 g,174.0,29.92,5.05,2.12
Kaki Ayam Goreng Tanpa Pelapis (Kulit Dimakan),100 g,250.0,0.0,14.78,27.31
Mie Goreng Wortel Bit,100 g,149.25,25.37,2.99,4.48
Mie Goreng Rendang Jumbo,100 g,460.87,59.13,20.0,10.43
Mi Goreng Chitato,100 g,500.0,61.0,24.0,9.0
Mie Goreng Pedas Korea,100 g,367.65,69.12,6.62,8.82
Makaroni Krispi Level 15,100 g,450.0,60.0,20.0,10.0
Mi Goreng Jumbo,100 g,418.6,57.36,17.83,8.53
Isi 2 Mi Goreng Rasa Ayam Kecap,100 g,444.44,61.11,19.05,7.94
Mie Goreng Black Pepper Seafood,100 g,500.0,62.5,23.75,8.75
Mi Goreng Cakalang,100 g,439.02,67.07,14.63,9.76
"Ayam Goreng Kalasan, Paha",100 g,275.0,1.3,12.2,37.4
Mie Goreng Original,100 g,494.12,61.18,23.53,8.24
Korean Spicy Cheese,100 g,506.85,60.27,26.03,8.22
Belut Goreng,100 g,221.0,8.62,11.36,20.09
Terong Goreng,100 g,148.0,11.58,10.75,2.4
Kentang Mustofa,100 g,317.0,39.33,17.76,4.01
Mie Goreng Rasa Ayam Kecap,100 g,460.32,62.7,19.05,9.52
Paru Sapi Goreng,100 g,484.0,0.62,36.5,39.61
Ampela Goreng,100 g,262.0,9.45,11.15,32.05
Minyak Goreng Sawit,100 ml,800.0,0.0,90.0,0.0
Super Bihun Goreng,100 g,369.23,66.15,9.23,7.69
Intip Goreng,100 g,474.0,67.06,20.29,5.36
Minyak Goreng 2X Penyaringan,100 ml,777.78,0.0,88.89,0.0
Mi Goreng Sambal Belacan,100 g,493.33,61.33,24.0,8.0
Mie Goreng Rasa Ayam Panggang Kecap,100 g,466.67,63.33,20.0,8.89
Mie Goreng Korea Konnyaku,100 g,192.31,37.18,5.13,1.28
Ikan Lidah Goreng,100 g,104.0,2.43,3.03,15.75
Mie Goreng Rasa Sapi,100 g,169.01,40.85,0.0,1.41
Classic,100 g,250.0,50.0,0.0,0.0
Cappuccino,100 g,440.0,84.0,10.0,4.0
Kopi,100 ml,72.73,13.18,1.82,1.36
Caramel Macchiato (Grande),100 g,52.85,7.4,1.48,2.11
Salted Caramel Macchiato,100 g,65.0,9.5,2.25,1.5
Coffeemix 3 In 1,100 g,450.0,85.0,10.0,5.0
Special Mix,100 g,400.0,92.0,4.0,4.0
Americano Zero Sugar,100 g,250.0,0.0,0.0,0.0
Gula Aren,100 g,454.55,81.82,11.36,4.55
Caffe Latte (Grande),100 ml,40.17,3.81,1.48,2.54
Butterscotch Latte,100 g,35000.0,4500.0,1400.0,1200.0
Kopi Susu,100 g,419.35,87.1,8.06,3.23
Caramel Frappe,100 ml,70.83,11.67,2.08,1.25
Vanilla Latte (Tall),100 g,56.34,7.89,1.41,2.54
Kopi Susu Tetangga,100 ml,105.0,12.5,5.5,2.0
Chococinno,100 g,9000.0,1700.0,200.0,100.0
Hanya Untukmu Black Aren,100 ml,63.64,12.73,1.14,1.36
White Koffie Original,100 g,450.0,85.0,10.0,5.0
Top Coffee Gula Aren,100 g,454.55,81.82,11.36,4.55
Iced Caffe Latte (Grande),100 ml,26.0,2.6,0.9,1.6
White Coffee Less Sugar,100 g,457.14,70.29,21.43,2.86
Lokalate Kopi Gula Aren,100 g,466.67,73.33,16.67,6.67
Kopi Lo-Kal,100 ml,70.4,13.0,0.8,2.76
Doubleshot Espresso & Cream,100 ml,72.92,9.38,3.12,2.08
Kopi Plus Gula,100 g,388.89,94.44,0.0,5.56
Latte Kaleng,100 ml,50.0,8.64,1.36,0.91
Cool Coconut,100 ml,50.0,9.5,1.25,0.5
Choco Banana Latte,100 ml,59.09,9.09,1.59,1.82
Moccachino,100 g,450.0,80.0,12.5,5.0
Soy Latte,100 g,466.67,73.33,20.0,6.67
Top Avocado Coffe,100 g,454.55,77.27,15.91,4.55
Rock Salt Caramello,100 g,500.0,70.0,22.5,5.0
White Coffee,100 ml,45.0,9.0,1.25,0.5
Kopi Susu Keluarga,100 ml,60.0,10.0,2.0,1.0
Kopi Fine Blend,100 g,250.0,50.0,0.0,0.0
Gilus Mix Aroma Vanila,100 g,391.3,91.3,2.17,4.35
Kopi Jahe,100 g,423.08,65.38,7.69,0.0
Cafe Latte,100 ml,68.0,9.2,2.8,1.6
Kopi 7 Elemen,100 g,452.17,78.26,13.04,4.35
Gilus Mix Gula Aren,100 g,391.3,91.3,0.0,4.35
Pumpkin Spice Latte (Tall),100 ml,92.31,12.31,3.38,3.38
Thai Milk Coffee,100 ml,63.64,10.91,1.59,1.36
White Coffee Hazelnut,100 g,440.0,64.0,16.57,3.71
The Original,100 g,450.0,85.0,10.0,5.0
Cold Brew Coffe Brown Sugar,100 ml,62.0,11.2,1.6,0.8
Cold Brew (Grande),100 ml,1.06,0.0,0.0,0.0
Black Coffee,100 ml,27.78,7.22,0.0,0.0
Indo Creamer,100 g,500.0,66.67,33.33,0.0
Caramel Latte,100 g,473.68,73.68,21.05,5.26
3 In 1 Diet,100 g,3900.0,478.0,194.0,53.0
Starbucks Via Ready Brew Sweetened Iced Coffee,100 g,357.14,78.57,0.0,7.14
Lucky Day,100 ml,72.22,9.44,3.33,1.67
Fresco Cappuccino,100 g,11000.0,2200.0,200.0,100.0
Coffe Candy,100 g,333.33,66.67,0.0,0.0
Green Coffee Blend,100 g,450.0,75.0,12.5,0.0
Robusta Gold,100 g,450.0,70.0,10.0,10.0
Coffee Candy White Coffee,100 g,333.33,66.67,0.0,0.0
Less Sugar,100 g,428.57,66.67,21.43,4.76
Creamy Blend,100 g,454.55,77.27,18.18,0.0
Mighty Celery,100 g,18.0,3.6,0.0,1.2
Protein Mix Coffee,100 g,363.64,51.52,1.52,36.36
Original Blend,100 g,250.0,50.0,0.0,0.0
Signature Original Black Coffee (Botol),100 ml,50.0,9.5,1.0,0.5
French Vanilla,100 ml,50.0,10.0,1.39,0.56
Vanilla Sweet Cream Cold Brew (Grande),100 g,18.64,2.37,1.02,0.17
Luwak White Coffee,100 ml,130.0,23.0,2.0,4.0
Caffe Mocha (Tall),100 ml,64.97,9.04,1.69,2.82
Ovalccino,100 g,440.0,84.0,8.0,4.0
Flavacino Black Forest Cappuccino,100 g,476.19,71.43,16.67,4.76
Blend & Brew,100 g,400.0,80.0,10.0,0.0
Pumpkin Spice Latte (Grande),100 ml,80.34,10.99,2.96,2.96
Tora Cafe Iced Milky Latte,100 ml,50.0,7.78,1.94,0.56
Teh Manis,100 g,5500.0,1436.0,0.0,0.0
Es Teh,100 g,9000.0,2344.0,0.0,2.0
Teh Asli,100 g,0.0,0.0,0.0,0.0
Teh Hijau,100 g,250.0,0.0,0.0,0.0
Teh,100 ml,20.0,5.14,0.0,0.0
Es Teh Tawar,100 g,200.0,67.0,0.0,2.0
Teh Melati,100 g,0.0,0.0,0.0,0.0
Teh Botol Kemasan Kotak,100 ml,30.0,7.5,0.0,0.0
Lu Ve Litee Green Tea Ice Cream,100 ml,100.0,20.91,1.82,0.91
Taro Milk Tea,100 ml,79.8,14.0,2.4,0.4
Teh Pucuk Harum Less Sugar,100 ml,18.75,5.0,0.0,0.0
Ichi Ocha Teh Hijau,100 g,32.0,8.4,0.0,0.0
Garantea,100 ml,0.0,0.5,0.0,0.0
Milk Tea,100 ml,55.0,9.5,1.75,1.0
Hazelnut Milk Tea,100 ml,48.8,7.2,2.1,0.2
Nrg,100 ml,0.0,0.0,0.0,0.0
Allure Green Tea Latte,100 g,458.33,70.83,18.75,4.17
Green Tea Jasmine,100 g,0.0,0.0,0.0,0.0
Iced Lemon Tea,100 ml,159.0,39.6,0.0,0.0
Teh Kotak Less Sugar,100 ml,23.33,6.33,0.0,0.0
Teh Kotak,100 ml,35.0,8.5,0.0,0.0
Teh Javana Gula Batu,100 ml,34.29,8.0,0.0,0.0
Honeyed Chrysanthemum Tea,100 g,6000.0,1800.0,0.0,0.0
Nu Green Tea Madu,100 ml,40.0,9.5,0.0,0.0
Tesona,100 g,400.0,100.0,0.0,0.0
Jasmine Tea Original,100 ml,60.0,15.0,0.0,0.0
Teh Sosro Celup,100 g,0.0,0.0,0.0,0.0
Lemon Tea,100 g,428.57,100.0,0.0,0.0
Ichi Ocha Teh Melati,100 ml,30.3,7.58,0.0,0.0
Frestea Green,100 g,32.0,8.0,0.0,0.0
Fruit Tea (500Ml),100 g,44.0,11.2,0.0,0.0
Ichi Ocha Green Tea Honey,100 ml,36.0,8.8,0.0,0.0
Teh Pucuk Harum,100 ml,29.17,7.5,0.0,0.0
Jasmine Tea,100 ml,35.0,8.5,0.0,0.0
Teh Oolong,100 ml,26.67,7.11,0.0,0.0
Caáya,100 ml,22.73,5.91,0.0,0.0
Thai Tea,100 ml,70.0,12.0,2.0,0.0
Iced Hibiscus Tea Lemonade,100 g,21.75,5.37,0.0,0.0
Nu Green Tea Less Sugar,100 ml,20.0,5.2,0.0,0.0
Teh Bunga Kekwa,100 g,44.0,10.8,0.0,0.0
Fruit Tea (200Ml),100 ml,40.0,11.0,0.0,0.0
Teh Rio,100 ml,36.84,8.95,0.0,0.0
Teh Botol (Botol),100 ml,20.0,7.71,0.0,0.0
Green Tea,100 ml,40.0,9.71,0.0,0.0
Green Tea Honey Lemon,100 ml,47.62,11.43,0.0,0.0
Chocolate Green Tea Spread,100 g,600.0,60.0,35.0,5.0
Tematik Instant Teh Tarik,100 g,416.67,83.33,6.25,4.17
Liang Cha,100 ml,20.0,4.86,0.0,0.0
Tapioca Tea Latte Ice Bar,100 ml,171.88,23.44,7.81,1.56
Teh Gelas Less Sugar,100 ml,20.0,5.0,0.0,0.0
Thai Milk Tea,100 ml,60.0,9.6,2.0,0.8
Teh Tarik,100 g,10000.0,1600.0,400.0,0.0
Mango Tea,100 ml,48.0,12.0,0.0,0.0
Milk Green Tea,100 ml,67.74,8.06,1.94,1.29
Fruit Tea Freeze,100 ml,34.29,8.29,0.0,0.0
Tebs Sparkling Mix Fruit,100 ml,39.39,10.3,0.0,0.0
My Tea Less Sugar,100 ml,17.78,4.0,0.0,0.0
Frestea Lychee,100 g,32.0,8.0,0.0,0.0
Slimming Tea Double Strength,100 g,239.0,70.0,0.0,2.0
Slimming Tea,100 ml,213.0,70.0,0.0,3.0
Iced Tea Peach,100 g,7000.0,1700.0,0.0,0.0
Natsbee Honey Lemon,100 ml,40.0,9.6,0.0,0.0
Tematik Instant Matcha Latte,100 g,440.0,80.0,14.0,4.0
Bakmi Mewah Goreng Rasa Bulgogi,100 g,400.0,48.0,18.0,12.0
Honey Citron Tea,100 g,300.0,70.0,0.0,0.0
Matcha Red Bean Smoothie,100 ml,76.8,13.4,2.1,0.9
Teh Kotak Melati,100 ml,35.0,8.5,0.0,0.0
Milk Tea Caramel,100 g,434.78,78.26,13.04,4.35
Pearl Milk Tea,100 ml,74.8,13.4,2.2,0.2
Tebs,100 ml,40.0,10.0,0.0,0.0
Yuzu Tea,100 ml,40.0,9.71,0.0,0.0
Pure Matcha,100 g,375.0,75.0,0.0,25.0
Rasa Apel,100 ml,50.0,12.0,0.0,0.0
Apple Tea,100 g,9000.0,2300.0,0.0,0.0
Teh Hijau Celup,100 g,500.0,100.0,0.0,0.0
Rosella Hibiscus Tea,100 g,5.0,2.0,0.0,0.0
Nasi Tim,100,120.0,26.0,0.4,2.4
Bihun Goreng Instan,100,381.0,80.3,3.9,6.1
"Bihun Jagung, Mentah",100,354.0,87.4,0.3,0.5
"Jagung Nasi, Mentah",100,357.0,79.5,0.5,8.8
"Jagung Muda, Rebus",100,142.0,30.3,0.7,5.0
"Jagung Kuning, Tepung",100,355.0,73.7,3.9,9.2
"Jagung Kuning Pipil, Rebus",100,154.0,28.4,3.5,3.8
"Jagung, Tepung Putih",100,355.0,73.7,3.9,9.2
"Ketan Putih, Tapai",100,172.0,37.5,0.5,3.0
"Maizena, Tepung",100,341.0,85.0,0.0,0.3
"Makaroni, Mentah",100,353.0,78.7,0.4,8.7
Mi Basah,100,88.0,14.0,3.3,0.6
Mi Kering,100,339.0,6.3,1.7,10.0
Misoa,100,345.0,78.0,2.2,8.5
Roti Putih,100,248.0,50.0,1.2,8.0
Amparan Tatak,100,191.0,34.0,5.5,1.3
"Apang Kukus, Kue",100,202.0,46.7,0.3,3.0
"Apem, Kue",100,148.0,33.9,0.5,2.0
Biskuit,100,458.0,75.1,14.4,6.9
"Bakpia, Kue",100,272.0,44.1,6.7,8.7
Bakwan,100,280.0,39.0,10.2,8.2
Bantal,100,190.0,43.5,0.3,3.3
Baruasa,100,417.0,79.3,8.2,6.5
Batar Daan,100,107.0,19.6,2.2,2.2
Bika Ambon,100,199.0,44.4,1.5,2.1
Bobengka,100,225.0,45.2,2.6,5.3
Bolu Peca,100,197.0,35.6,4.6,3.3
Brem,100,249.0,58.0,0.4,3.4
Bubur Tinotuan (Manado),100,156.0,15.6,0.2,2.3
Cake Tape,100,323.0,50.1,11.5,4.9
Cangkuning,100,204.0,31.4,7.5,2.8
Dodol Bali,100,298.0,65.9,2.1,3.7
Dodol Galamai,100,348.0,76.1,3.8,0.4
Dodol Kedondong,100,331.0,63.8,7.6,1.9
Dodol Manado,100,373.0,51.9,16.5,4.3
Emping Beras,100,403.0,85.3,2.2,10.6
Gemblong,100,274.0,55.5,5.4,1.7
Gendar Goreng,100,407.0,32.0,28.2,6.4
Jagung Gerontol,100,156.0,33.3,1.3,2.7
Jagung Titi,100,374.0,79.1,2.2,9.4
Japilus,100,500.0,67.3,25.1,1.2
Kakicak,100,296.0,36.7,15.1,3.4
Kambose,100,164.0,32.6,2.4,3.0
Kapusa,100,158.0,27.8,3.2,4.4
Keddo Bodong,100,290.0,55.2,5.7,4.6
"Kelepon, Kue",100,215.0,41.8,3.7,3.7
Kereput,100,580.0,51.1,39.6,4.8
Ketoprak,100,153.0,13.0,7.7,7.9
Ketupat Kandangan,100,109.0,13.4,5.2,2.2
Koya,100,366.0,77.5,4.3,4.2
Koya Mirasa,100,370.0,82.2,1.0,8.0
Koyabu,100,241.0,47.2,4.3,3.4
Kue Ali,100,440.0,64.5,18.5,3.8
Kue Bangen,100,442.0,74.2,14.7,3.3
Kue Gelang,100,448.0,70.0,16.1,5.8
Kue Jahe,100,425.0,84.6,8.8,1.6
Kue Kelapa,100,591.0,47.5,42.1,5.6
Kue Koa,100,340.0,79.3,0.4,4.8
Kue Ku Temu,100,214.0,49.6,0.2,3.5
Kue Lumpur,100,291.0,44.1,11.1,3.6
Kue Pelita,100,141.0,17.6,5.5,5.3
Kue Putu Cangkir,100,304.0,54.9,7.0,5.3
Kue Sus,100,221.0,24.8,10.2,7.5
Kue Thipan,100,247.0,49.5,4.2,2.9
Laksa/Putu Mayang,100,121.0,21.1,3.4,1.7
Lupis Ketan,100,164.0,34.5,2.1,1.8
Manan Samin,100,379.0,50.6,18.1,3.4
Martabak India,100,153.0,24.3,4.2,4.5
Martabak Mesir,100,278.0,45.0,8.6,5.1
Masekat,100,369.0,74.1,7.0,2.1
Mie Aceh Rebus,100,113.0,18.1,3.2,3.0
Mie Ayam,100,102.0,10.5,3.9,6.2
Mie Bakso,100,114.0,16.4,3.0,5.3
Mie Celon,100,102.0,17.8,2.1,3.0
Mie Pangsit Basah,100,105.0,9.4,4.9,5.9
Nasi Gemuk,100,192.0,24.4,8.8,3.8
Onde Onde,100,,,,
Nasi Gurih,100,190.0,26.0,7.5,4.7
Nasi Minyak,100,207.0,37.1,5.0,3.5
Nasi Rames,100,155.0,19.1,4.2,10.3
Nopia Spesial,100,387.0,74.3,7.6,5.3
Onde-Onde,100,336.0,57.9,9.8,4.0
Padamaran,100,171.0,18.8,8.9,3.9
Pastel,100,307.0,42.4,13.3,4.5
Pulut,100,216.0,44.4,3.1,2.6
Pundut Nasi,100,104.0,15.1,4.1,1.9
Putri Hijau,100,189.0,37.2,2.1,5.4
Putri Selat,100,163.0,23.8,6.5,2.2
Putu Sopa,100,215.0,41.1,4.1,3.3
Renggi Goreng,100,471.0,64.1,21.8,4.7
Roti Warna Sawo Matang,100,249.0,49.7,1.5,7.9
Sarimuka,100,166.0,32.9,2.8,2.3
Spaghetti,100,139.0,22.6,2.1,7.4
Sunduk Lawang,100,181.0,32.4,1.3,1.9
Suwir-Suwir,100,347.0,84.2,0.9,0.5
Tipa-Tipa,100,355.0,79.8,1.2,6.2
Wajit Camilan,100,303.0,63.3,2.7,6.3
Widaran,100,424.0,80.7,10.7,1.3
Wingko Babat,100,355.0,51.4,15.1,3.2
"Arrowroot, Segar",100,102.0,24.1,0.2,1.0
"Batatas Gembili, Segar",100,76.0,16.0,0.9,1.1
"Batatas Kelapa, Ubi, Segar",100,89.0,21.0,0.1,1.1
"Belitung, Talas, Segar",100,145.0,34.2,0.4,1.2
"Bengkuang, Segar",100,59.0,12.8,0.2,1.4
"Bentul (Komba), Talas, Segar",100,98.0,20.9,0.7,1.6
"Gadeng/Gadung, Kering",100,322.0,76.6,0.6,2.4
"Gadung, Ubi, Segar",100,100.0,23.5,0.3,0.9
"Ganyong, Segar",100,77.0,18.4,0.2,0.6
"Gembili, Ubi, Segar",100,131.0,31.3,0.2,1.1
"Hofa/Ubi Hutan, Segar",100,127.0,29.5,0.5,1.2
"Kaburan, Ubi, Segar",100,133.0,32.2,0.2,1.0
"Kentang, Segar",100,62.0,13.5,0.2,2.1
"Kentang Hitam, Segar",100,142.0,33.7,0.4,0.9
"Keribang, Ubi, Segar",100,137.0,29.8,1.1,1.3
"Ketela Pohon/ Singkong, Segar",100,154.0,36.8,0.3,1.0
Lepok/Ubi Rumput,100,181.0,39.8,1.2,2.8
"Sagu Aren, Kering",100,355.0,85.6,1.1,0.6
"Sagu Aren, Segar",100,231.0,56.6,0.2,0.6
Sagu Kasbi Segar,100,230.0,56.5,0.2,0.6
Sagu Lempeng,100,347.0,85.2,0.3,0.9
"Sagu Singkong, Kering",100,362.0,86.9,0.3,0.5
"Sente, Talas, Segar",100,353.0,84.7,0.2,0.7
"Suweg, Talas, Segar",100,74.0,17.2,0.1,1.4
"Talas Bogor, Segar",100,108.0,25.0,0.4,1.4
"Talas Pontianak, Segar",100,163.0,36.4,0.5,2.3
"Talas Viqueque, Segar",100,115.0,25.9,0.5,1.8
"Ubi Jalar, Kuning, Segar",100,119.0,25.1,0.4,0.5
"Ubi Jalar Manis, Segar",100,83.0,18.8,0.2,1.5
"Ubi Jalar Merah, Segar",100,151.0,35.4,0.3,1.6
"Ubi Jalar Putih, Segar",100,88.0,20.6,0.4,0.4
Ubi Jalar Tinta/ Kemayung,100,108.0,25.6,0.4,0.5
"Umbi Uwi, Segar",100,120.0,82.3,0.5,2.8
"Batatas Kelapa, Ubi, Bakar",100,110.0,23.4,1.1,1.4
"Batatas Kelapa, Ubi, Kukus",100,92.0,21.0,0.3,1.2
"Batatas Tali, Ubi, Rebus",100,182.0,42.2,0.4,2.4
"Belitung, Talas, Kukus",100,145.0,34.2,0.4,1.2
"Bentul, Talas, Kukus",100,71.0,15.4,0.3,2.3
"Gadung, Ubi, Kukus",100,88.0,20.9,0.3,0.6
"Ganyong, Rebus",100,100.0,23.8,0.2,0.8
Ketela Pohon/ Singkong Kukus,100,153.0,36.4,0.3,1.2
"Suweg, Talas, Kukus",100,93.0,21.9,0.1,1.5
"Talas Bogor, Kukus",100,120.0,28.2,0.3,1.5
"Ubi Jalar, Kuning, Kukus",100,100.0,23.8,0.3,0.7
Ubi Jalar Tinta/ Kemayung Kukus,100,165.0,39.8,0.2,0.9
Bagea Kelapa Asin,100,450.0,78.1,13.9,3.2
Bagea Kelapa Manis,100,452.0,80.6,13.8,1.3
Bagea Kenari Asin,100,529.0,63.6,29.1,3.2
Bagea Kenari Manis,100,523.0,64.2,28.2,3.2
Bagea Kw 1,100,416.0,76.3,9.4,6.5
Bagea Kw 2,100,382.0,87.2,3.5,0.3
Beras Cerdas,100,350.0,82.3,1.1,2.7
Beras Ganyong,100,364.0,86.3,0.7,3.4
Beras Siger,100,344.0,28.3,0.2,1.1
Biji Nangka/Biji Salak,100,262.0,51.1,5.4,2.3
Bubur Sagu,100,167.0,33.0,4.0,0.2
Cassavastick,100,460.0,17.2,18.7,0.8
Ceriping Getuk Singkong,100,462.0,67.7,20.7,1.2
Gatot,100,347.0,83.8,0.7,1.3
Geblek,100,195.0,44.4,1.7,0.4
Getuk Singkong,100,204.0,47.4,1.4,0.5
Gurandil,100,218.0,48.5,2.5,0.5
Kabuto,100,250.0,35.4,2.5,2.6
Kapurung,100,41.0,7.8,0.3,2.0
Kecimpring Singkong Goreng,100,464.0,73.0,18.6,1.2
Keremes,100,475.0,64.4,25.2,1.6
Keripik Gadung,100,446.0,76.0,14.5,2.8
Keripik Kentang,100,448.0,67.1,18.8,2.7
Keripik Singkong,100,478.0,72.0,20.7,0.9
Keripik Singkong Berbumbu,100,481.0,73.6,19.7,2.2
Keripik Ubi,100,486.0,67.6,23.9,0.2
Kerupuk Cumi Goreng,100,444.0,71.3,14.6,6.9
Kerupuk Kemplang (Ikan) Mentah,100,325.0,78.5,0.4,1.8
Kerupuk Kemplang Goreng,100,504.0,57.1,28.1,5.6
Kerupuk Mie Kuning Goreng,100,476.0,71.3,21.1,0.1
Kue Bangket,100,338.0,80.3,1.2,1.5
Kue Putu Singkong,100,217.0,53.2,0.5,1.2
Mi Golosor,100,71.0,15.9,0.8,0.2
Mie Bendo,100,353.0,88.0,0.0,0.3
Ongol-Ongol Sagu,100,111.0,21.2,2.7,0.3
Oyek,100,351.0,84.9,0.9,0.9
Papeda,100,61.0,14.9,0.1,0.2
Rasbi (Beras Ubi),100,394.0,76.6,8.8,2.2
Rasi (Beras Singkong),100,350.0,85.7,0.4,0.9
Sagu Forno,100,291.0,63.4,4.0,0.5
Sagu Lemak (Kue Sagon),100,452.0,76.8,14.8,2.8
Sagu Manis,100,287.0,62.4,3.9,0.5
Sagu Rendang,100,364.0,90.5,0.2,0.1
Sagu Sinole,100,354.0,68.9,8.3,0.8
Serimping Talas Kebumen,100,478.0,69.2,21.2,2.5
Tapai Singkong,100,169.0,40.2,0.3,1.4
Tiwul,100,353.0,83.4,1.1,2.4
Tiwul Instan,100,395.0,76.5,8.5,3.2
Ubi Cilembu,100,186.0,44.3,0.2,1.9
Uli Batatas,100,150.0,27.4,4.0,1.1
"Batagor, Batagor",100,165.7,16.7,8.5,5.9
"Kenari Banda, Kering",100,616.0,13.7,56.2,13.9
"Kenari, Kering",100,657.0,13.0,66.0,15.0
"Komak Polong, Segar",100,99.0,21.2,0.1,3.3
"Koro Andong, Kering",100,356.0,61.6,4.1,20.5
"Koro Benguk, Biji, Kering",100,332.0,55.0,3.0,24.0
"Koro Kerupuk, Biji, Segar",100,125.0,22.1,0.7,8.3
"Koro Loke, Biji, Segar",100,33.0,7.9,0.2,2.7
"Koro Roay, Kering",100,344.0,69.4,2.1,12.5
"Koro Wedus, Biji, Kering",100,338.0,61.0,1.5,22.2
"Lamtoro Biji, Muda, Segar",100,85.0,15.4,0.3,5.7
"Lamtoro Biji, Tua, Segar",100,148.0,26.2,0.5,10.6
"Lamtoro Var, Gung Tanpa Kulit",100,367.0,32.5,5.4,46.4
"Lamtoro Var, Lokal Dengan Kulit",100,336.0,59.7,1.2,23.8
"Nangka, Biji, Segar",100,165.0,36.7,0.1,4.2
"Saga Merah Terkupas, Mentah",100,449.0,31.9,25.5,30.6
"Kacang Belimbing, Rebus",100,204.0,17.5,8.8,16.9
"Kacang Bogor, Goreng",100,479.0,58.9,23.2,12.7
"Kacang Bogor, Rebus",100,161.0,27.1,2.8,7.7
"Kacang Gude, Rebus",100,147.0,27.5,0.5,9.0
"Kacang Hijau, Rebus",100,109.0,18.3,0.5,8.7
"Kacang Kedelai, Goreng",100,521.0,22.9,37.7,32.2
"Kacang Kedelai, Rebus",100,189.0,12.7,8.2,20.2
"Kacang Merah Kering, Rebus",100,158.0,28.2,0.9,10.3
"Kacang Merah Segar, Rebus",100,144.0,24.7,1.0,10.0
"Kacang Mete/Biji Jambu Monyet, Goreng",100,629.0,19.8,56.3,20.4
Kacang Tanah Rebus Dg Kulit,100,360.0,12.8,31.2,13.5
"Kacang Tanah, Goreng",100,564.0,25.5,44.4,25.5
"Kacang Tanah, Rebus",100,220.0,8.0,18.0,10.6
"Kacang Tolo, Rebus",100,138.0,22.6,1.1,10.7
Ampas Kacang Hijau,100,96.0,19.1,0.6,3.7
"Ampas Tahu, Mentah",100,67.0,8.1,2.1,5.0
Ampas Tahu Kukus,100,75.0,10.7,2.1,4.1
"Ampas Tahu, Kering",100,414.0,41.3,18.3,26.6
Pepea Oncom Ampas Tahu,100,76.0,10.6,1.8,5.2
Bungkil Biji Karet,100,333.0,50.0,3.3,29.3
Bungkil Kacang Tanah,100,336.0,30.5,13.0,37.4
Bungkil Kelapa,100,368.0,40.0,15.0,23.0
Dodol Banjarmasin,100,368.0,70.0,8.6,2.6
Emping (Kerupuk Melinjo),100,345.0,71.5,1.5,12.0
Emping Komak,100,355.0,60.7,4.6,17.8
Enting-Enting Gepuk Hello Kity,100,538.0,52.6,30.3,13.6
Enting-Enting Gepuk Kacang Tanah,100,524.0,52.0,29.2,13.3
Enting-Enting Wijen,100,565.0,36.8,38.4,18.2
Geplak,100,350.0,53.6,14.4,1.4
Geplak Jahe,100,462.0,57.7,24.4,3.1
Kacang Goyang,100,516.0,44.4,31.1,14.7
Kacang Negara,100,480.0,58.5,19.1,18.4
Kacang Sukro,100,484.0,57.7,26.1,8.8
Kacang Tanah Sari,100,561.0,26.0,43.8,25.5
Keju Kacang Tanah (Peanut Butter),100,590.0,20.9,49.0,27.0
Kembang Tahu Rebus,100,90.0,4.7,4.0,10.7
Keripik Oncom,100,598.0,42.6,43.8,8.3
Keripik Tempe Abadi Besar,100,556.0,39.8,37.1,15.8
Keripik Tempe Abadi Murni,100,542.0,11.6,42.4,40.3
Keripik Tempe Abadi Sedang,100,510.0,52.4,27.9,12.3
Keripik Tempe Abadi Telur,100,529.0,40.2,31.7,20.8
Kerupik Tempe Abadi Prima,100,540.0,42.0,33.9,16.7
Kwaci,100,515.0,13.8,42.1,30.6
Melinjo Emping Tebal Goreng Manis,100,439.0,65.7,16.4,10.0
"Melinjo Emping Tebal, Goreng Asin",100,431.0,63.0,16.2,11.1
Melinjo Emping Tipis Goreng,100,485.0,59.1,24.5,11.5
Moon Tahu,100,128.0,1.3,10.0,8.0
Oncom,100,187.0,22.6,6.0,13.0
Oncom Ampas Kacang Hijau,100,376.0,65.7,6.0,14.9
Oncom Kacang Hijau + Singkong,100,351.0,65.9,5.3,11.0
Oncom Kacang Tanah Pepes,100,132.0,13.7,3.8,12.7
Rempeyek Kacang Tanah,100,513.0,44.3,32.5,17.5
Rempeyek Kacang Tolo,100,451.0,59.7,20.2,11.2
Rempeyek Kacang Uci,100,497.0,50.8,27.6,17.0
Sayur Lebui,100,64.0,12.5,0.6,2.1
"Saridele, Bubuk",100,344.0,43.0,20.0,30.0
"Tahu, Mentah",100,80.0,0.8,4.7,10.9
Tahu Goreng,100,115.0,2.5,8.5,9.7
Tahu Telur,100,328.0,24.6,19.9,12.6
Takwa,100,148.0,4.0,8.5,13.8
Tauco,100,184.0,22.2,5.5,11.4
"Tauco Cap Beruang, Cake",100,347.0,67.6,5.2,7.4
"Tauco Cap Das, Cake",100,358.0,70.4,4.3,7.5
Tauco Cap Meong,100,159.0,21.3,4.9,7.4
Tauji Cap Singa,100,277.0,49.6,4.7,9.1
Tempe Bongkrek,100,119.0,18.3,3.5,4.4
Tempe Gembus P3G,100,73.0,10.3,1.3,5.7
Tempe Gembus Yogya,100,76.0,10.6,0.7,6.8
Tempe Kacang Babi,100,139.0,21.9,0.8,12.5
Tempe Kacang Belimbing,100,212.0,12.9,10.0,17.5
Tempe Kedelai + Jagung,100,143.0,11.4,5.5,12.0
"Tempe Kedelai Murni, Goreng",100,350.0,10.4,26.6,24.5
"Tempe Kedelai Murni, Mentah",100,201.0,13.5,8.8,20.8
Tempe Koro Benguk,100,141.0,23.2,1.3,10.2
Tempe Lamtoro,100,128.0,21.3,0.5,10.7
"Tempe Lamtoro Var, Gung Dengan Kulit",100,146.0,19.6,2.3,11.7
"Tempe Lamtoro Var, Gung Tanpa Kulit",100,131.0,13.0,0.8,18.0
Tempe Pasar,100,150.0,9.1,7.7,14.0
Tempe Pasar Goreng,100,336.0,7.8,28.0,20.0
Tepung Hunkwe (Pati Kacang Ijo),100,364.0,83.5,1.0,4.5
Tepung Jalejo,100,388.0,61.2,7.5,19.0
Tepung Kacang Kedelai,100,347.0,29.9,20.6,35.9
"Bayam, Kukus",100,30.0,5.8,0.7,1.3
"Bayam ,Rebus",100,23.0,3.7,0.6,1.2
"Buncis, Rebus",100,30.0,6.4,0.2,2.2
"Daun Kacang Panjang, Kukus",100,40.0,8.0,0.3,3.7
"Daun Katuk, Rebus",100,53.0,9.1,0.9,5.3
"Daun Kelor, Rebus",100,61.0,10.0,0.9,6.1
"Daun Mengkudu, Kukus",100,63.0,11.5,1.5,3.8
"Daun Singkong, Rebus",100,31.0,4.8,0.6,3.7
"Daun Talas, Rebus",100,27.0,5.9,0.2,1.3
"Daun Ubi Merah, Kukus",100,56.0,13.0,0.3,3.1
"Kacang Panjang ,Kukus",100,39.0,7.6,0.6,3.0
"Kacang Panjang, Rebus",100,30.0,5.8,0.4,2.3
"Kangkung, Kukus",100,30.0,4.7,0.7,3.2
"Kangkung, Rebus",100,22.0,3.1,0.6,2.5
"Paria Putih, Kukus",100,16.0,3.4,0.2,0.8
"Selada, Rebus",100,19.0,2.9,0.2,2.7
"Taoge, Goreng",100,88.0,14.0,2.1,3.2
"Taoge, Seduh",100,28.0,4.0,0.8,3.0
"Terung Panjang, Kukus",100,23.0,4.9,0.1,1.8
"Wortel, Rebus",100,28.0,6.3,0.5,0.7
"Wortel, Kukus",100,37.0,8.3,0.6,1.0
"Asinan Bogor, Sayuran",100,98.0,14.8,2.6,3.9
"Anyang, Sayur",100,126.0,10.3,7.9,3.4
"Ares, Sayur",100,113.0,11.2,7.2,0.9
Arwan Sirsir,100,277.0,10.7,25.0,2.4
Beberuk,100,65.0,3.5,5.2,1.1
Botok Lamtoro,100,186.0,13.0,9.7,11.7
Buntil Daun Talas,100,141.0,8.0,10.2,4.4
Cammetutu,100,102.0,8.7,6.0,3.2
"Cap Cai, Sayur",100,97.0,4.2,6.3,5.8
Gado-Gado,100,137.0,21.0,3.2,6.1
"Gudeg, Sayur",100,160.0,16.0,9.2,3.3
Gulai Pakis,100,143.0,6.0,11.4,4.0
Gulai Pliek,100,176.0,3.2,14.9,7.3
Kadada Katembe,100,110.0,7.1,6.9,4.5
"Kaparende, Sayur",100,38.0,2.6,2.0,2.4
"Karedok, Sayur",100,92.0,14.1,3.3,2.2
Kotiu Hinela Tawang Nggole,100,46.0,6.0,1.5,2.2
Lema/ Rebung Asam,100,15.0,1.9,0.4,1.0
Lilin Bungkus Gedi,100,79.0,5.8,5.2,2.3
Olah-Olah,100,9.0,7.1,6.0,2.1
Paku Hinela Wulelenggapaya,100,77.0,5.4,4.6,3.5
Pelecing Kangkung,100,75.0,10.0,2.8,2.5
Purundawa,100,25.0,3.6,0.5,1.5
Rujak Cingur,100,153.0,8.0,8.4,11.3
Sayur Asem,100,29.0,5.0,0.6,0.7
Sayur Bunga Pepaya,100,49.0,9.8,0.3,1.7
Sayur Garu,100,178.0,10.6,13.9,2.6
Sayur Kohu-Kohu,100,133.0,11.2,6.6,7.3
Sayur Lilin-Terubuk,100,36.0,4.8,0.7,2.7
Sayur Ndusuk,100,49.0,3.6,2.5,3.1
Sayur Sop,100,27.0,1.0,2.0,1.3
Sayur Umbut Rotan,100,57.0,3.1,2.6,5.4
Shabu-Shabu,100,88.0,0.8,8.0,3.2
Semur Jengkol,100,212.0,29.1,10.0,6.0
Tinira Ninahu Nggaluku,100,33.0,4.1,1.3,1.2
Tumis Bayam Bersantan,100,48.0,2.6,4.2,1.4
Waluh Balamak,100,45.0,8.1,0.9,0.8
Woku Ubi,100,143.0,15.0,7.8,3.1
"Alpukat, Segar",100,85.0,7.7,6.5,0.9
"Anggur Hutan, Segar",100,30.0,6.8,0.2,0.5
"Apel Malang, Segar",100,57.0,12.8,0.4,0.5
"Apel, Segar",100,58.0,14.9,0.4,0.3
"Arbai, Segar",100,37.0,8.3,0.5,0.8
"Belimbing, Segar",100,31.0,6.7,0.4,1.0
"Biwah, Segar",100,51.0,12.1,0.1,0.3
"Buah Atung, Segar",100,23.0,5.2,0.2,0.8
"Buah Kelenting, Segar",100,110.0,21.4,2.1,1.4
"Buah Kom, Segar",100,264.0,59.6,1.1,4.0
"Buah Mentega (Bisbul), Segar",100,39.0,9.7,0.2,0.7
"Buah Naga Merah, Segar",100,71.0,9.1,3.1,1.7
"Buah Naga Putih, Segar",100,56.0,10.9,1.0,0.8
"Buah Negri, Segar",100,55.0,12.2,0.1,1.2
"Buah Nona, Segar",100,101.0,25.2,0.6,1.7
"Buah Rotan, Segar",100,78.0,18.2,0.3,0.6
"Buah Rukam, Segar",100,113.0,26.8,0.3,0.8
"Buah Ruruhi, Segar",100,29.0,3.6,0.7,2.1
"Buah Tuppa, Segar",100,67.0,15.9,0.2,0.4
"Carica Papaya, Segar",100,24.0,3.7,0.2,1.9
"Cempedak, Segar",100,116.0,28.6,0.4,3.0
"Duku, Segar",100,63.0,16.1,0.2,1.0
"Durian, Segar",100,134.0,28.0,3.0,2.5
"Duwet, Segar",100,80.0,18.2,0.6,0.5
"Embacang, Segar",100,98.0,25.4,0.2,1.4
"Encung Asam, Segar",100,122.0,17.5,4.5,3.5
"Erbis, Segar",100,70.0,18.9,0.0,0.6
Gandaria Masak,100,68.0,18.0,0.1,0.7
"Gatep, Segar",100,191.0,39.7,1.5,4.5
"Jambu Air, Segar",100,46.0,11.8,0.2,0.6
Jambu Bj Putih Tdk Brbj,100,61.0,15.4,0.3,0.9
"Jambu Bol, Segar",100,49.0,9.6,0.2,2.3
"Jambu Monyet, Segar",100,64.0,15.8,0.6,0.7
"Jeruk Bali, Segar",100,48.0,12.4,0.2,0.6
"Jeruk Banjar, Segar",100,61.0,14.1,0.2,0.8
Jeruk Garut-Keprok,100,44.0,10.9,0.3,0.8
"Jeruk Kalamansi, Segar",100,39.0,8.9,0.3,0.3
"Jeruk Manis, Segar",100,45.0,11.2,0.2,0.9
"Jeruk Nipis, Segar",100,44.0,10.0,0.2,0.5
"Jeruk Ragi, Segar",100,49.0,11.1,0.2,0.7
"Kawista, Segar",100,120.0,20.8,2.5,3.5
"Kedondong Masak, Segar",100,46.0,10.3,0.1,1.0
"Kedondong, Segar",100,47.0,10.4,0.2,0.5
"Kelapa Hutan, Kering",100,623.0,36.5,52.1,2.0
"Kelapa Muda, Daging, Segar",100,68.0,14.0,0.9,1.0
"Kemang, Segar",100,48.0,11.9,0.2,1.0
"Kesemek, Segar",100,78.0,20.0,0.4,0.8
"Kokosan, Segar",100,86.0,13.0,0.2,1.6
"Kranji, Segar",100,315.0,73.5,1.4,2.1
"Langsat, Segar",100,56.0,14.3,0.2,0.9
"Lemon, Segar",100,34.0,6.2,0.8,0.5
"Lontar, Segar",100,27.0,6.0,0.2,0.4
"Mangga, Segar",100,52.0,12.3,0.0,0.7
"Mangga Benggala, Segar",100,63.0,12.4,0.4,2.4
"Mangga Gedung, Segar",100,44.0,11.2,0.2,0.7
"Mangga Golek, Segar",100,63.0,16.7,0.2,0.5
"Mangga Harumanis, Segar",100,46.0,11.9,0.2,0.4
"Mangga Indramayu, Segar",100,72.0,18.7,0.2,0.8
"Mangga Kopek, Segar",100,56.0,14.6,0.2,0.4
"Mangga Kwini, Segar",100,86.0,19.8,0.5,0.7
"Mangga Manalagi, Segar",100,133.0,32.1,0.1,1.0
"Mangga Muda, Segar",100,59.0,15.1,0.4,0.5
"Manggis, Segar",100,63.0,15.6,0.6,0.6
"Markisa, Segar",100,144.0,29.8,1.2,3.5
"Matoa, Segar",100,90.0,21.1,0.1,1.2
"Melon, Segar",100,37.0,7.8,0.4,0.6
"Menteng, Segar",100,65.0,16.1,0.3,1.7
"Nanas Palembang, Segar",100,58.0,13.3,0.2,0.7
"Nanas, Segar",100,40.0,9.9,0.3,0.6
"Nangka Masak Pohon, Segar",100,106.0,27.6,0.3,1.2
"Pala, Daging, Segar",100,42.0,10.9,0.2,0.3
"Pepaya, Segar (Papaya, Fresh)",100,46.0,12.2,0.1,0.5
"Pisang Ambon, Segar",100,108.0,24.3,0.8,1.0
"Pisang Angleng (Pisang Ampyang), Segar",100,68.0,17.2,0.2,1.3
"Pisang Ayam, Segar",100,120.0,26.8,0.2,1.1
"Pisang Gapi, Segar",100,131.0,31.1,0.1,1.6
"Pisang Goroho, Segar",100,119.0,27.9,0.2,1.5
"Pisang Hijau, Segar",100,121.0,28.9,0.1,1.0
"Pisang Kayu, Segar",100,100.0,23.6,0.5,1.4
"Pisang Kepok, Segar",100,109.0,26.3,0.5,0.8
"Pisang Ketip, Segar",100,145.0,34.5,0.3,1.1
"Pisang Kidang, Segar",100,96.0,22.5,0.2,1.0
"Pisang Lampung, Segar",100,99.0,25.6,0.2,1.3
"Pisang Mas Bali Ampenan, Segar",100,92.0,21.0,0.2,1.4
"Pisang Mas Bali Kopang, Segar",100,127.0,31.8,0.2,1.4
"Pisang Mas, Segar",100,127.0,33.6,0.2,1.4
"Pisang Raja Sereh, Segar",100,108.0,28.2,0.3,1.3
"Pisang Raja, Segar",100,120.0,31.8,0.2,1.2
"Pisang Ua, Segar",100,128.0,30.2,0.5,0.8
"Pisang Uli, Segar",100,134.0,35.5,0.5,1.1
"Purut, Segar",100,76.0,15.2,1.1,4.1
"Rambutan Binjai, Segar",100,76.0,18.0,0.2,0.5
"Rambutan, Segar",100,69.0,18.1,0.1,0.9
"Salak Bali, Segar",100,57.0,13.6,0.1,0.5
"Salak Medan, Segar",100,55.0,12.8,0.2,0.4
"Salak Pondoh, Segar",100,87.0,20.1,0.4,0.8
"Salak, Segar",100,77.0,20.9,,0.4
"Sawo Duren, Segar",100,64.0,8.0,3.1,1.0
"Sawo Kecik, Segar",100,111.0,21.6,2.3,0.9
"Sawo Manila, Segar",100,92.0,22.4,1.1,0.5
"Semangka, Segar",100,28.0,6.9,0.2,0.5
"Sirsak, Segar",100,65.0,16.3,0.3,1.0
"Sowa, Segar",100,48.0,9.1,0.6,1.6
"Srikaya, Segar",100,63.0,13.9,0.5,1.1
"Sukun Muda, Segar",100,119.0,28.1,0.2,1.4
"Sukun Tua, Segar",100,126.0,24.5,0.2,1.6
"Vigus, Segar",100,44.0,8.3,0.1,2.4
"Wani, Segar",100,74.0,17.1,0.3,0.8
Keripik Lampung,100,485.0,69.7,22.2,1.7
Ledre Pisang,100,405.0,84.9,5.1,4.8
Lempog Durian,100,320.0,63.7,5.7,3.5
Loka Anjoro,100,163.0,30.0,4.3,1.1
Rica-Rica Taipa,100,49.0,10.0,0.3,1.6
Rujak Aceh,100,82.0,19.7,0.3,0.4
Sale Kesemek,100,296.0,71.4,0.6,1.1
Sale Pisang Siam,100,281.0,66.1,0.7,2.4
"Sale Pisang, Cilacap",100,295.0,66.9,2.1,2.3
Tepung Pisang,100,338.0,80.6,0.4,2.9
Tepung Sukun,100,353.0,84.4,0.5,2.9
"Ayam, Ampela, Goreng",100,270.0,9.9,11.2,32.3
"Ayam, Usus, Goreng",100,473.0,13.9,26.3,45.2
"Bebek, Daging, Goreng",100,300.0,4.5,20.7,24.0
"Buaya, Daging, Dendeng, Mentah",100,365.0,30.8,4.8,49.6
Ham,100,384.0,0.3,35.0,16.9
"Itik Alabio, Daging, Dendeng, Mentah",100,496.0,18.4,33.5,30.3
Kerupuk Urat,100,588.0,1.2,40.9,53.7
"Menjangan, Daging, Dendeng, Mentah",100,322.0,22.7,2.0,55.8
"Punai, Daging, Goreng",100,224.0,4.4,11.3,26.2
"Rusa, Daging, Dendeng, Mentah",100,536.0,0.0,41.5,40.5
"Sapi, Abon",100,212.0,59.3,10.6,18.0
"Sapi, Abon, Asli",100,358.0,38.6,16.1,14.6
"Sapi, Daging, Asap",100,182.0,0.0,6.0,32.0
"Sapi, Daging, Dendeng, Mentah",100,301.0,0.0,9.0,55.0
"Sapi, Daging, Kornet",100,289.0,0.0,25.0,16.0
"Sapi, Daging, Sosis (Worst)",100,448.0,2.3,42.3,14.5
"Sapi, Hati, Sosis (Liverworst)",100,274.0,3.0,22.0,16.0
"Sapi, Paru, Dendeng, Mentah",100,360.0,19.2,6.0,57.3
"Sapi, Paru, Goreng",100,268.0,14.5,12.7,23.9
"Ulat Sagu, Panggang",100,380.0,14.9,30.3,11.9
"Ayam Goreng Church Texas, Dada",100,338.0,0.4,20.6,35.2
"Ayam Goreng Church,Texas Paha",100,287.0,1.7,15.7,31.0
"Ayam Goreng Church Texas, Sayap",100,295.0,1.5,16.0,34.0
"Ayam Goreng Kentucky, Dada",100,298.0,0.1,16.8,34.2
"Ayam Goreng Kentucky, Paha",100,286.0,1.1,16.1,32.1
"Ayam  Goreng Kentucky,Sayap",100,297.0,1.6,15.2,35.9
Ayam Goreng Mbok Berek Dada,100,295.0,1.0,13.6,39.2
"Ayam Goreng Pasundan, Dada",100,246.0,0.7,9.0,37.9
"Ayam Goreng Pasundan, Paha",100,245.0,0.3,11.4,33.1
"Ayam Goreng Pioneer, Dada",100,295.0,0.6,14.7,37.4
"Ayam Goreng Sukabumi, Dada",100,244.0,1.0,9.2,36.7
"Ayam Goreng Sukabumi, Paha",100,283.0,0.5,14.3,35.7
"Ayam Taliwang, Masakan",100,264.0,2.7,20.1,18.2
"Babi Hutan Masak Rica, Masakan",100,491.0,0.2,16.3,24.6
Beef Burger,100,258.0,32.5,9.5,10.6
"Beef Teriyaki, Masakan",100,151.0,22.3,3.1,8.6
"Beef Yakiniku, Masakan",100,132.0,20.7,1.1,9.8
Brongkos,100,141.0,12.6,3.3,15.3
"Bulgogi, Masakan",100,72.0,1.4,4.9,11.4
"Chicken Teriyaki, Masakan",100,168.0,7.5,9.6,13.0
"Chikiniku, Masakan",100,143.0,22.8,1.4,9.8
"Coto Mangkasara, Kuda, Masakan",100,96.0,3.8,5.9,6.8
"Coto Mangkasara, Sapi, Masakan",100,84.0,1.4,6.0,6.0
"Djibokum, Masakan",100,248.0,40.9,2.3,10.0
"Empal (Daging) Goreng, Masakan",100,248.0,10.1,6.9,36.2
Gulai Kambing,100,126.0,6.2,9.4,4.2
"Jangang Bintatoeng, Masakan",100,107.0,16.5,2.2,5.3
"Kalio Ayam, Masakan",100,203.0,4.4,13.5,16.0
"Kalio Jeroan, Masakan",100,163.0,4.1,9.0,16.5
"Kalio Kikil (Tunjang), Masakan",100,122.0,3.9,5.7,13.8
"Kalio Otak, Masakan",100,157.0,11.4,8.8,8.1
"Lawar Babi, Masakan",100,174.0,3.0,10.0,17.0
"Lawar Penyu, Masakan",100,141.0,7.6,1.5,23.0
"Lawara Jangang, Masakan",100,159.0,10.1,10.9,5.0
"Naan Maran Sapi, Masakan",100,478.0,5.1,33.9,38.3
"Nasu Likku, Masakan",100,196.0,15.9,8.3,14.5
"Oramu Ninahu Ndawa Olaho, Masakan",100,117.0,4.3,5.0,13.7
"Paniki Masak Santan, Masakan",100,460.0,7.2,35.2,28.5
"Pelolah Manuk, Masakan",100,219.0,4.4,13.6,19.7
"Rawon, Masakan",100,60.0,4.0,2.5,5.4
"Rendang Sapi, Masakan",100,193.0,7.8,7.9,22.6
"Rw, Anjing, Masakan",100,198.0,0.9,10.7,24.6
"Sate, Penyu, Masakan",100,179.0,13.3,3.5,22.5
"Sate Pusut, Masakan",100,274.0,13.6,18.6,12.9
"Penyu, Serapah, Masakan",100,174.0,2.2,12.2,13.1
"Sie Reuboh, Masakan",100,474.0,11.7,42.5,11.2
"Sop Buntut, Masakan",100,71.0,2.2,3.6,7.5
"Sop Daging Sapi, Masakan",100,49.0,5.3,0.5,5.8
"Sop Kaki Sapi, Masakan",100,68.0,3.7,1.9,9.0
"Sop Kambing, Masakan",100,34.0,1.1,0.8,5.5
"Sop Konro, Masakan",100,71.0,4.5,2.6,7.4
"Sop Saudara, Masakan",100,89.0,3.9,5.0,7.2
"Soto Bandung, Masakan",100,42.0,2.8,1.7,3.9
"Soto Banjar, Masakan",100,110.0,3.2,9.5,2.9
"Soto Betawi, Masakan",100,135.0,11.5,8.8,2.5
"Soto Jeroan, Masakan",100,92.0,1.4,4.3,11.8
"Soto Kudus, Masakan",100,38.0,1.8,2.3,2.6
"Soto Madura, Masakan",100,60.0,1.3,4.5,3.5
"Soto Padang, Masakan",100,127.0,11.0,6.6,5.9
"Soto Pekalongan, Masakan",100,94.0,5.1,6.8,3.0
"Soto Pemalang, Masakan",100,75.0,3.5,5.2,3.6
"Soto Sukaraja, Masakan",100,80.0,9.0,3.5,3.2
"Soto Sulung, Masakan",100,86.0,0.0,8.5,2.3
"Sukiyaki, Masakan",100,75.0,12.2,0.4,5.6
"Tedong Pallu Basa, Masakan",100,83.0,2.8,3.4,10.4
"Tikus Rica, Masakan",100,257.0,3.8,18.5,18.8
"Tinoransa, Masakan",100,516.0,0.0,49.5,17.7
"Belut, Segar",100,70.0,1.0,0.8,14.6
"Belut,Laut, Segar",100,93.0,6.1,1.5,12.8
"Cumi-Cumi, Segar",100,75.0,0.1,0.7,16.1
"Ikan Bader, Segar",100,193.0,0.0,13.0,19.0
"Ikan Balong, Segar",100,107.0,1.5,3.9,16.5
"Ikan Bambangan, Segar",100,112.0,3.7,1.3,20.0
"Ikan Bandeng, Segar",100,123.0,0.0,4.8,20.0
"Ikan Banjar, Segar",100,111.0,4.8,0.9,19.4
"Ikan Baronang, Segar",100,78.0,3.7,0.6,14.5
"Ikan Batung, Segar",100,115.0,4.2,4.6,14.5
"Ikan Baung, Segar",100,123.0,3.3,5.5,15.1
"Ikan Bawal, Segar",100,91.0,0.0,1.7,19.0
"Ikan Belida, Segar",100,80.0,2.2,1.4,14.7
"Ikan Beunteur, Segar",100,109.0,0.0,4.0,17.0
"Ikan Biawan, Segar",100,90.0,2.1,2.5,14.9
"Ikan Bili, Segar",100,88.0,6.2,0.7,14.2
"Ikan Bubara, Segar",100,100.0,4.9,2.4,14.7
"Ikan Bulan-Bulan, Segar",100,134.0,5.0,1.3,25.5
"Ikan Cakalang, Segar",100,107.0,5.5,0.7,19.6
"Ikan Cakalang, Hati, Segar",100,120.0,10.0,3.9,11.3
"Ikan Cakalang, Jantung, Segar",100,116.0,10.2,1.2,11.2
"Ikan Cakalang, Perut, Segar",100,86.0,8.7,1.1,10.2
"Ikan Daun, Segar",100,101.0,4.6,4.1,11.5
"Ikan Ekor Kuning, Segar",100,108.0,2.1,1.2,22.3
"Ikan Gabus, Segar",100,80.0,2.6,0.5,16.2
"Ikan Heu, Segar",100,81.0,6.6,1.6,10.0
"Ikan Hitam, Segar",100,101.0,6.7,3.7,10.3
"Ikan Hiu, Segar",100,57.0,2.2,0.3,10.7
"Ikan Kacangan, Segar",100,77.0,1.6,0.9,15.6
"Ikan Kakap, Segar",100,92.0,0.0,0.7,20.0
"Ikan Kakatua, Segar",100,82.0,6.4,1.2,11.4
"Ikan Kalaban, Segar",100,77.0,1.3,0.7,16.4
"Ikan Kamera (Kakap Merah), Segar",100,86.0,0.0,0.8,19.7
"Ikan Kapar, Segar",100,132.0,0.8,6.7,17.0
"Ikan Kawalinya, Segar",100,110.0,5.4,4.2,12.6
"Ikan Keru-Keru, Segar",100,93.0,0.8,2.1,16.5
"Ikan Kima, Segar",100,70.0,5.2,0.7,10.8
"Ikan Lais, Segar",100,161.0,2.4,11.5,11.9
"Ikan Layang, Segar",100,109.0,0.0,1.7,22.0
"Ikan Layur, Segar",100,144.0,0.4,1.0,18.0
"Ikan Lehoma, Segar",100,90.0,0.0,0.9,20.4
"Ikan Lemuru, Segar",100,112.0,0.0,3.0,20.0
"Ikan Lidah, Segar",100,104.0,2.0,3.2,15.6
"Ikan Malalugis, Segar",100,99.0,0.9,1.4,20.6
"Ikan Mamar Merah, Segar",100,115.0,4.4,4.0,15.3
"Ikan Mas, Segar",100,86.0,0.0,2.0,16.0
"Ikan Mayong, Segar",100,97.0,0.4,2.0,17.9
"Ikan Mujahir, Segar",100,89.0,0.0,1.0,18.7
"Ikan Nasu Metti, Segar",100,154.0,10.5,5.0,16.8
"Ikan Paling, Segar",100,303.0,0.0,27.0,14.0
"Ikan Papuyu/ Betok, Segar",100,120.0,4.6,4.9,14.3
"Ikan Patin, Segar",100,132.0,1.1,6.6,17.0
"Ikan Pomo, Segar",100,147.0,2.6,5.2,22.5
"Ikan Puntin, Segar",100,76.0,2.2,1.1,14.4
"Ikan Saluang, Segar",100,113.0,3.4,4.9,13.9
"Ikan Sarden, Segar",100,109.0,3.4,1.8,19.9
"Ikan Selar, Segar",100,100.0,0.0,2.2,18.8
"Ikan Sepat, Segar",100,84.0,4.7,0.6,15.2
"Ikan Sidat, Segar",100,81.0,3.8,1.9,11.4
"Ikan Sunu, Segar",100,111.0,6.7,3.4,13.3
"Ikan Tahuman, Segar",100,88.0,4.1,0.9,15.9
"Ikan Tarmon, Segar",100,96.0,2.0,1.1,19.5
"Ikan Telan, Segar",100,95.0,6.5,0.7,15.8
"Ikan Tembang, Segar",100,204.0,0.0,15.0,16.0
"Ikan Tempahas, Segar",100,101.0,1.0,4.1,15.1
"Ikan Terbang, Segar",100,98.0,1.0,1.7,19.6
"Ikan Teri, Segar",100,74.0,4.1,1.4,10.3
"Ikan Titang, Segar",100,82.0,2.3,0.4,17.4
"Ikan Tongkol, Segar",100,100.0,8.0,1.5,13.7
"Ikan Turi, Segar",100,96.0,0.2,2.0,19.2
"Keong, Segar",100,64.0,2.0,1.0,12.0
"Kepiting, Segar",100,151.0,14.1,3.8,13.8
"Kerang, Segar",100,101.0,3.9,2.6,14.4
"Kodok, Segar",100,73.0,0.0,0.3,16.4
"Kura-Kura, Segar",100,83.0,0.0,0.2,19.1
"Kuro, Segar",100,87.0,1.0,2.2,16.0
"Lokan, Segar",100,217.0,5.1,1.7,11.0
"Rajungan, Segar",100,76.0,2.4,2.0,12.1
"Rebon, Udang Kecil, Segar",100,81.0,0.7,1.2,16.2
Rusip,100,110.0,11.7,2.0,11.5
"Udang Galah, Segar",100,81.0,3.0,0.3,16.5
"Udang, Besar, Segar",100,56.0,1.2,0.6,11.4
"Udang, Segar",100,91.0,0.1,0.2,21.0
"Ikan Gurame, Segar",100,127.0,0.0,5.6,18.0
"Ikan, Nila",100,128.0,0.18,0.18,16.79
"Seafood, Lobster, Mentah, Segar",100,112.0,2.43,1.51,20.6
"Bekicot, Dendeng, Mentah",100,441.0,15.8,20.3,48.7
"Belut, Goreng",100,417.0,32.0,19.4,25.9
"Cumi-Cumi, Goreng",100,265.0,0.0,10.1,40.6
"Ikan Asin, Kering",100,193.0,0.0,1.5,42.0
"Ikan Bandeng Presto, Masakan",100,296.0,11.3,20.3,17.1
Ikan Baung Bakar,100,144.0,5.2,5.8,17.8
Ikan Belida Bakar,100,128.0,7.2,3.0,18.0
"Ikan Cakalang Asap, Mentah",100,204.0,1.9,5.6,34.2
"Ikan Cakalang Asin, Mentah",100,198.0,5.5,2.2,36.5
"Ikan Calo/ Peda, Mentah",100,81.0,3.8,1.9,11.4
"Ikan Gabus Asap, Mentah",100,261.0,21.9,2.3,38.1
"Ikan Gabus, Kering",100,268.0,0.0,4.0,58.0
"Ikan Gete, Goreng",100,267.0,0.2,19.4,23.1
"Ikan Hiu, Kering",100,298.0,20.2,3.6,46.3
"Ikan Katombo, Asin",100,162.0,0.3,2.8,31.7
"Ikan Kayu, Kering",100,302.0,0.4,1.9,70.7
Ikan Lais Bakar,100,147.0,5.4,6.5,17.5
"Ikan Lomak Asin, Mentah",100,258.0,18.9,2.3,40.3
Ikan Mas Pepes,100,209.0,11.8,11.3,15.2
Ikan Mujahir Goreng,100,416.0,0.0,23.9,46.9
Ikan Mujahir Pepes,100,121.0,0.8,2.8,21.7
"Ikan Mujahir, Dendeng, Mentah",100,582.0,37.2,15.2,68.3
"Ikan Papuyu, Bakar",100,152.0,6.7,6.1,17.6
"Ikan Patin, Bakar",100,144.0,4.3,6.3,17.5
"Ikan Peda Banjar, Mentah",100,156.0,2.0,4.0,28.0
"Ikan Pepetek, Mentah",100,176.0,2.0,4.4,32.0
"Ikan Pindang Banjar, Mentah",100,157.0,1.8,4.2,28.0
"Ikan Pindang Benggol, Mentah",100,170.0,0.0,4.2,31.0
"Ikan Pindang Layang, Mentah",100,153.0,0.0,2.8,30.0
"Ikan Pindang Selar, Mentah",100,142.0,0.0,3.0,27.0
"Ikan Sale, Mentah",100,534.0,4.9,39.3,40.2
"Ikan Sale Lais, Mentah",100,415.0,2.9,17.6,61.3
"Ikan Saluang, Kering, Mentah",100,284.0,14.6,9.9,34.1
"Ikan Sanggang, Masakan",100,240.0,20.7,7.7,21.7
"Ikan Selar Kuning, Cue, Mentah",100,138.0,0.0,3.3,27.0
"Ikan Selar, Kering, Mentah",100,194.0,0.0,3.5,38.0
"Ikan Sepat, Kering, Mentah",100,289.0,0.0,14.0,38.0
"Ikan Sunu, Asin, Mentah",100,199.0,7.1,3.8,34.1
"Ikan, Tepung, Mentah",100,316.0,22.4,6.5,60.1
"Ikan Teri Nasi, Kering, Mentah",100,144.0,0.0,0.6,32.5
"Ikan Teri, Bubuk, Mentah",100,277.0,1.8,2.3,60.0
"Ikan Teri, Kering, Mentah",100,170.0,0.0,3.0,33.4
"Ikan Teri, Kering, Tawar, Mentah",100,331.0,0.0,4.2,68.7
"Ikan Teri, Tepung, Mentah",100,347.0,19.6,6.4,48.8
"Kerang, Asap, Mentah",100,393.0,29.4,13.3,38.9
"Kerang, Dendeng, Mentah",100,357.0,25.6,10.0,41.1
"Rebon, Kering, Mentah",100,299.0,3.2,3.6,59.4
"Rebung Laut, Mentah",100,320.0,63.3,4.2,7.2
Sardines Dalam Kaleng,100,338.0,1.0,27.0,21.1
"Teripang, Dendeng, Mentah",100,462.0,3.5,32.4,39.1
"Udang Kering, Mentah",100,278.0,2.2,4.1,62.6
"Udang Papay, Mentah",100,273.0,12.5,3.8,47.8
Abon Haruwan,100,513.0,21.3,37.0,23.7
Abon Ikan,100,435.0,36.1,20.2,27.2
"Betok Wadi, Masakan",100,145.0,4.1,7.0,16.3
"Bou Ninahu Ndamate, Masakan",100,79.0,1.1,1.0,6.3
"Bouiki Ninahu Nggaluku, Masakan",100,94.0,10.8,2.2,7.8
Cakalang Asar (Asap),100,155.0,10.2,3.8,20.1
"Dendeng Belut, Goreng, Masakan",100,382.0,8.0,14.1,55.7
"Dendeng Mujahir, Goreng, Masakan",100,598.0,9.2,26.9,74.3
Fillet O-Fish,100,270.0,19.3,15.9,12.3
"Gete Kuah Asam, Masakan",100,75.0,6.0,2.0,8.2
"Gulai Asam Keueung, Masakan",100,52.0,1.8,0.5,10.0
"Gulai Ikan Paya, Masakan",100,148.0,5.0,9.8,10.0
"Gulai Ikan, Masakan",100,106.0,2.5,3.3,16.5
"Gulai Keumamah, Masakan",100,110.0,3.2,8.2,5.9
"Gulai Tiram, Masakan",100,132.0,7.8,7.2,9.0
"Gurame Asem Manis, Masakan",100,192.0,12.7,10.1,12.7
"Ikan Asar Merah, Masakan",100,146.0,5.6,5.9,17.7
"Jambal Goreng, Masakan",100,286.0,2.3,9.2,48.5
"Jukku Pallu Kaloa, Masakan",100,15.0,8.8,4.3,15.2
"Kaholeo, Masakan",100,413.0,29.8,19.8,28.7
Lawara Penjah,100,207.0,9.6,15.4,7.4
"Model, Masakan",100,79.0,8.6,4.0,2.2
"Mujahir Acar Kuning, Masakan",100,330.0,12.1,23.4,17.8
"Parede Baleh, Masakan",100,87.0,5.5,2.5,10.5
"Pempek Adaan, Masakan",100,162.0,27.8,3.0,4.9
"Pempek Belida, Masakan",100,156.0,31.6,1.4,4.2
"Pempek Kapal Selam, Masakan",100,152.0,28.2,2.3,4.5
"Pempek Kelesan, Masakan",100,211.0,26.6,6.1,12.3
"Pempek Kulit, Masakan",100,243.0,39.1,7.3,5.2
"Pempek Telur, Masakan",100,156.0,28.3,2.7,4.7
"Pempek Tenggiri, Masakan",100,173.0,33.4,1.2,7.2
"Pencok Lele, Masakan",100,372.0,3.5,36.3,7.8
Pinda,100,107.0,0.4,0.6,15.9
"Pindang Kenari, Masakan",100,124.0,0.0,9.6,9.5
"Saboko Gurita, Masakan",100,87.0,2.6,1.5,15.7
"Saboko Saltan, Masakan",100,113.0,3.0,3.6,17.1
"Saboko Sardin, Masakan",100,110.0,4.9,4.3,12.9
Sate Bandeng,100,283.0,20.9,16.8,12.1
"Sepi, Masakan",100,88.0,10.6,1.6,7.9
"Tekwan, Masakan",100,53.0,9.4,0.9,1.9
"Teri Belado, Masakan",100,365.0,17.5,22.3,23.7
"Tumis Bandeng, Masakan",100,189.0,0.6,15.7,11.3
Tumis Keumamah,100,300.0,15.5,20.0,14.5
"Telur Ayam Kampung, Segar",100,174.0,1.2,14.0,10.8
"Telur Ayam Ras, Segar",100,154.0,0.7,10.8,12.4
"Telur Ayam Ras, Bagian Kuning, Segar",100,355.0,0.7,31.9,16.3
"Telur Ayam Ras, Bagian Putih, Segar",100,50.0,0.8,0.0,10.8
"Telur Bebek Alabio, Segar",100,187.0,3.0,14.2,11.8
"Telur Bebek, Bagian Kuning, Segar",100,386.0,0.8,35.0,17.0
"Telur Bebek, Bagian Putih, Segar",100,54.0,0.8,0.0,11.0
"Telur Bebek Tambak, Segar",100,187.0,7.9,12.4,10.9
"Telur Burung Maleo, Segar",100,436.0,0.4,36.3,26.5
"Telur Penyu, Segar",100,136.0,2.7,10.1,8.6
"Telur Burung Puyuh, Segar",100,116.0,1.6,7.0,10.7
"Telur Ayam, Dadar, Masakan",100,251.0,1.4,19.4,16.3
"Telur Bebek, Asin, Mentah",100,179.0,4.4,13.3,13.6
"Telur Bebek, Dadar, Masakan",100,301.0,0.0,23.7,20.0
"Ikan, Telur, Asin, Mentah",100,358.0,9.4,26.4,20.7
"Bayau Mi Balu, Masakan",100,313.0,44.8,12.2,6.0
"Cucuru Bayau, Masakan",100,349.0,38.3,18.7,6.8
"Kalio Telur, Masakan",100,193.0,9.7,12.4,10.6
"Kepala Susu - Krim, Segar",100,204.0,4.0,20.0,2.6
Susu Ibu - Asi,100,62.0,7.0,3.2,1.5
"Susu Kambing, Segar",100,64.0,6.6,2.3,4.3
"Susu Kerbau, Segar",100,160.0,7.1,12.0,6.3
"Susu Kuda, Segar",100,40.0,5.4,1.1,2.0
"Susu Sapi, Segar",100,61.0,4.3,3.5,3.2
Es Krim,100,210.0,20.6,12.5,4.0
Hangop,100,65.0,3.5,1.0,10.0
Keju,100,326.0,13.1,20.3,22.8
Kwark (Quark),100,242.0,3.0,17.0,19.0
"Susu Asam Untuk Bayi, Bubuk",100,418.0,65.5,9.0,19.0
Susu Kental Tak Manis,100,138.0,9.9,7.9,7.0
"Susu Skim, Bubuk",100,359.0,52.0,1.0,35.6
"Susu Skim, Segar",100,36.0,5.1,0.1,3.5
"Yoghurt, Segar",100,52.0,4.0,2.5,3.3
"Kelapa Setengah Tua, Daging, Segar",100,180.0,10.0,15.0,4.0
"Kelapa Tua, Daging, Segar",100,359.0,14.0,34.7,3.4
Lemak Babi (Lard),100,902.0,0.0,100.0,0.0
Lemak Babi (Bacon),100,626.0,1.1,65.0,9.1
Lemak Ikan,100,372.0,14.4,29.4,12.0
Lemak Kerbau (Lemak Sapi),100,818.0,0.0,90.0,1.5
"Minyak Hiu, Hati",100,902.0,0.0,100.0,0.0
Minyak Ikan,100,902.0,0.0,100.0,0.0
Minyak Kacang Tanah,100,902.0,0.0,100.0,0.0
Minyak Kedelai,100,883.0,0.0,99.9,0.0
Minyak Kelapa,100,870.0,0.0,98.0,1.0
Minyak Kelapa Sawit,100,884.0,0.0,100.0,0.0
Minyak Wijen,100,881.0,0.0,99.7,0.2
Margarin,100,720.0,0.4,81.0,0.6
Mentega,100,742.0,1.4,81.6,0.5
Santan (Dengan Air),100,122.0,7.6,10.0,2.0
Santan Murni,100,324.0,5.6,34.3,4.2
"Coklat Manis, Batang",100,527.0,62.7,29.8,2.0
"Coklat Pahit,Batang",100,615.0,29.2,42.6,5.5
"Coklat Susu, Batang",100,565.0,53.6,35.0,9.0
Gula Kelapa,100,386.0,76.0,10.0,3.0
Gula Putih,100,394.0,94.0,0.0,0.0
"Jam, Selai",100,239.0,64.5,0.6,0.5
Kopi Bubuk Instant,100,129.0,35.0,0.5,12.3
Madu,100,294.0,79.5,0.0,0.3
Markisa Squash,100,217.0,49.6,1.0,2.5
"Markisa Squash, Bd",100,104.0,23.7,0.5,1.2
Melase,100,276.0,71.0,0.1,
Sirup,100,213.0,55.0,0.0,0.0
Sirup Pirous,100,228.0,55.9,0.4,0.2
Teh Hijau Daun Kering,100,300.0,53.6,4.8,28.3
Teh Hitam Daun Kering,100,293.0,58.8,2.8,24.5
Teh Melati Daun Kering,100,299.0,59.0,3.5,24.1
"Asam Arang Coklat, Segar",100,130.0,30.9,1.1,0.5
"Asam Arang Merah, Segar",100,99.0,20.3,1.6,0.8
"Asan Kandis, Kering",100,261.0,63.3,1.6,0.9
"Asam Kandis, Segar",100,75.0,16.1,1.1,0.2
"Asam Masak Pohon, Segar",100,267.0,62.5,0.6,2.8
"Asam Payak, Segar",100,135.0,32.1,0.4,0.8
"Bawang Merah, Segar",100,46.0,9.2,0.3,1.5
"Bawang Putih, Segar",100,112.0,23.1,0.2,4.5
"Boros Kunci, Segar",100,40.0,7.2,0.8,1.0
"Boros Laja (Lengkuas), Segar",100,26.0,4.7,0.3,1.0
"Cabai Gembor Merah, Segar",100,38.0,6.3,0.8,1.6
"Cabai Hijau, Segar",100,26.0,5.2,0.3,0.7
"Cabai Merah, Kering",100,367.0,61.8,6.2,15.9
"Cabai Merah, Segar",100,36.0,7.3,0.3,1.0
"Cabai Rawit, Segar",100,120.0,19.9,2.4,4.7
"Cengkeh, Kering",100,330.0,57.4,8.9,5.2
"Daun Salam,  Bubuk",100,301.0,49.0,10.9,14.2
"Jahe, Segar",100,51.0,10.1,1.0,1.5
Kemiri,100,675.0,8.0,63.0,19.0
"Ketumbar, Kering",100,418.0,54.2,16.1,14.1
Kluwek,100,310.0,13.5,24.0,10.0
"Kunyit, Segar",100,69.0,9.1,2.7,2.0
"Merica, Kering",100,365.0,64.4,6.8,11.5
"Pala, Biji, Kering",100,518.0,40.1,36.4,7.5
Balichong,100,152.0,22.9,0.8,13.2
Bekasam,100,116.0,6.1,4.9,11.9
Bekasang,100,78.0,3.6,2.0,11.4
Cuka,100,21.0,5.0,0.1,0.1
Kecap,100,71.0,9.0,1.3,5.7
Petis Ikan,100,165.0,20.8,0.2,20.0
Petis Udang Kering,100,345.0,59.3,1.4,23.8
Petis Udang Pasta,100,220.0,38.0,0.9,15.0
Saos Tomat,100,110.0,24.5,0.4,2.0
Tempoya,100,110.0,21.9,1.3,1.7
Terasi Dobo,100,191.0,6.6,3.6,33.1
Terasi Merah,100,174.0,5.6,3.5,30.0
Kefir,100,52.0,7.34,0.92,3.59
"Susu Kedelai, Chocolate",100,63.0,9.95,1.53,2.26
"Susu Kedelai, Light, Chocolate",100,47.0,8.24,0.64,2.1
"Susu Almond, Sweetened",100,38.0,6.59,1.04,0.42
"Susu Almond, Sweetened, Chocolate",100,50.0,9.38,1.25,0.63
"Susu Almond, Unsweetened",100,15.0,0.58,1.1,0.59
"Susu Almond, Unsweetened, Chocolate",100,21.0,1.25,1.46,0.83
"Yogurt, Greek, Plain",100,73.0,3.94,1.92,9.95
"Yogurt, Greek, Whole Milk, Plain",100,97.0,3.98,5.0,9.0
"Yogurt, Greek, Low Fat Milk, Plain",100,73.0,3.94,1.92,9.95
"Yogurt, Greek, Nonfat Milk, Plain",100,59.0,3.6,0.39,10.19
"Yogurt, Greek, Fruit",100,103.0,11.89,2.57,8.17
"Yogurt, Greek, Whole Milk, Fruit",100,106.0,12.29,3.0,7.33
"Yogurt, Greek, Low Fat Milk, Fruit",100,103.0,11.89,2.57,8.17
"Yogurt, Greek, Nonfat Milk, Fruit",100,82.0,12.07,0.15,8.05
"Yogurt, Greek, Flavors Other Than Fruit",100,95.0,9.54,2.5,8.64
"Yogurt, Greek, Whole Milk, Flavors Other Than Fruit",100,111.0,9.35,4.44,8.47
"Yogurt, Greek, Low Fat Milk, Flavors Other Than Fruit",100,95.0,9.54,2.5,8.64
"Yogurt, Greek, Nonfat Milk, Flavors Other Than Fruit",100,78.0,10.37,0.18,8.64
"Yogurt, Greek, With Oats",100,154.0,23.81,3.14,8.65
"Cream, Light",100,191.0,2.82,19.1,2.96
"Cream, Half And Half",100,123.0,4.73,10.39,3.13
"Cream, Half And Half, Flavored",100,122.0,4.92,10.19,3.07
"Cream, Half And Half, Fat Free",100,59.0,9.0,1.4,2.6
"Cream, Heavy",100,340.0,2.74,36.08,2.84
"Cream, Whipped",100,343.0,8.49,33.94,2.67
"Keju, Blue Or Roquefort",100,353.0,2.34,28.74,21.4
"Keju, Brick",100,371.0,2.79,29.68,23.24
"Keju, Camembert",100,300.0,0.46,24.26,19.8
"Keju, Brie",100,334.0,0.45,27.68,20.75
"Keju, Cheddar",100,404.0,3.09,33.31,22.87
"Keju, Cheddar, Reduced Fat",100,309.0,4.06,20.41,27.35
"Keju, Cheddar, Nonfat Or Fat Free",100,157.0,7.14,0.0,32.14
"Keju, Colby",100,394.0,2.57,32.11,23.76
"Keju, Colby Jack",100,384.0,1.62,31.2,24.12
"Keju, Feta",100,264.0,4.09,21.28,14.21
"Keju, Fontina",100,389.0,1.55,31.14,25.6
"Keju, Susu Kambing",100,360.0,0.76,28.85,23.52
"Keju, Gouda Or Edam",100,357.0,1.67,27.69,24.98
"Keju, Gruyere",100,413.0,0.36,32.34,29.81
"Keju, Limburger",100,327.0,0.49,27.25,20.05
"Keju, Monterey",100,373.0,0.68,30.28,24.48
"Keju, Monterey, Reduced Fat",100,313.0,0.7,21.6,28.2
"Keju, Mozzarella",100,295.0,5.58,19.78,23.75
"Keju, Mozzarella, Whole Milk",100,300.0,2.19,22.35,22.17
"Keju, Mozzarella, Part Skim",100,295.0,5.58,19.78,23.75
"Keju, Mozzarella, Reduced Sodium",100,280.0,3.1,17.1,27.5
"Keju, Mozzarella, Nonfat Or Fat Free",100,141.0,3.5,0.0,31.7
"Keju, Muenster",100,368.0,1.12,30.04,23.41
"Keju, Muenster, Reduced Fat",100,271.0,3.5,17.6,24.7
"Keju, Parmesan, Dry Grated",100,420.0,13.91,27.84,28.42
"Keju, Parmesan, Dry Grated, Reduced Fat",100,395.0,26.96,16.42,34.21
"Keju, Parmesan, Hard",100,392.0,3.22,25.83,35.75
"Keju, Parmesan, Dry Grated, Fat Free",100,370.0,40.0,5.0,40.0
"Keju, Port Du Salut",100,356.0,2.22,27.44,24.94
"Keju, Provolone",100,351.0,2.14,26.62,25.58
"Keju, Provolone, Reduced Fat",100,274.0,3.5,17.6,24.7
"Keju, Swiss",100,393.0,1.44,30.99,26.96
"Keju, Swiss, Reduced Sodium",100,374.0,3.4,27.4,28.4
"Keju, Swiss, Reduced Fat",100,179.0,3.4,5.1,28.4
"Keju, Swiss, Nonfat Or Fat Free",100,127.0,3.4,0.0,28.4
"Keju, Cheddar, Reduced Sodium",100,398.0,1.91,32.62,24.35
"Keju, Mexican Blend",100,358.0,1.75,28.51,23.54
"Keju, Mexican Blend, Reduced Fat",100,282.0,3.41,19.4,24.69
"Pork, Bagian Perut, Mentah",100,518.0,0.0,53.0,9.3
"Domba, Dimasak",100,292.0,0.0,20.77,24.32
"Irisan Daging Domba, Dimasak",100,313.0,0.0,22.89,24.96
Daging Domba Kurus,100,214.0,0.0,9.65,29.74
"Domba, Bagian Lengan Atas",100,274.0,0.0,19.8,22.32
"Domba, Bagian Lengan Atas, Kurus",100,202.0,0.0,10.68,24.73
"Domba, Bagian Iga, Dimasak",100,233.0,0.0,12.84,27.51
"Domba, Bagian Iga, Dimasak, Kurus",100,358.0,0.0,29.34,21.95
"Domba, Panggang",100,265.0,0.0,18.07,23.83
"Domba, Panggang, Kurus",100,196.0,0.0,9.18,26.4
"Kambing, Boiled",100,142.0,0.0,3.0,26.87
"Kambing, Fried",100,153.0,0.0,4.52,26.46
"Kambing, Baked",100,142.0,0.0,3.0,26.87
"Kepala Kambing, Dimasak",100,144.0,0.48,5.46,21.82
"Kambing, Bagian Iga, Dimasak",100,142.0,0.0,3.0,26.87
"Hati Sapi, Direbus",100,189.0,5.09,5.22,28.84
"Hati Sapi, Digoreng",100,174.0,5.12,4.64,26.3
"Hati Ayam, Direbus",100,166.0,0.86,6.46,24.26
"Hati Ayam, Digoreng",100,189.0,6.41,8.66,19.98
"Jantung (Jeroan), Cooked",100,164.0,0.15,4.69,28.24
"Ginjal (Jeroan), Cooked",100,157.0,0.0,4.61,27.04
"Brains (Jeroan), Cooked",100,150.0,1.47,10.44,11.57
"Lidah Sapi (Jeroan), Cooked",100,282.0,0.0,22.11,19.13
"Lidah Sapi (Jeroan), Smoked, Cured, Or Pickled, Cooked",100,277.0,0.0,21.74,18.8
"Babat, Dimasak",100,89.0,0.0,3.85,12.6
"Rahang Babi, Dimasak",100,250.0,0.0,15.96,26.52
"Ampela Sapi, Dimasak",100,153.0,0.0,2.66,30.14
"Salmon, Raw",100,127.0,0.0,4.4,20.5
"Salmon, Baked Or Broiled, Made With Oil",100,188.0,0.1,9.06,25.08
"Salmon, Baked Or Broiled, Made With Butter",100,183.0,0.1,8.48,25.08
"Salmon, Baked Or Broiled, Made With Margarine",100,176.0,0.13,7.68,25.05
"Salmon, Baked Or Broiled, Made Without Fat",100,160.0,0.1,5.54,25.82
"Salmon, Baked Or Broiled, Made With Cooking Spray",100,164.0,0.2,5.92,25.72
"Salmon, Coated, Baked Or Broiled, Made With Oil",100,235.0,12.52,10.45,21.43
"Salmon, Coated, Baked Or Broiled, Made With Butter",100,227.0,12.5,9.56,21.44
"Salmon, Coated, Baked Or Broiled, Made With Margarine",100,217.0,12.55,8.35,21.4
"Salmon, Coated, Baked Or Broiled, Made Without Fat",100,194.0,13.1,5.07,22.42
"Salmon, Coated, Baked Or Broiled, Made With Cooking Spray",100,197.0,13.14,5.35,22.35
"Salmon, Coated, Fried, Made With Oil",100,253.0,9.85,14.08,20.5
"Salmon, Coated, Fried, Made With Butter",100,238.0,9.86,12.44,20.57
"Salmon, Coated, Fried, Made With Margarine",100,222.0,9.93,10.58,20.51
"Salmon, Coated, Fried, Made Without Fat",100,207.0,11.6,6.32,24.12
"Salmon, Coated, Fried, Made With Cooking Spray",100,209.0,11.64,6.61,24.05
"Salmon, Kukus/Rebus",100,160.0,0.0,5.53,25.78
"Salmon, Dried",100,397.0,0.0,13.75,64.06
"Salmon, Canned",100,137.0,0.0,5.48,20.55
"Salmon, Smoked",100,117.0,0.0,4.32,18.28
"Tuna, Fresh, Raw",100,109.0,0.0,0.49,24.4
"Tuna, Fresh, Baked Or Broiled, Fat Added In Cooking",100,166.0,0.1,4.28,29.85
"Tuna, Fresh, Baked Or Broiled, Fat Not Added In Cooking",100,138.0,0.1,0.62,30.73
"Tuna, Fresh, Coated, Baked Or Broiled, Fat Added In Cooking",100,218.0,12.52,6.8,25.08
"Tuna, Fresh, Coated, Baked Or Broiled, Fat Not Added",100,177.0,13.1,1.25,26.22
"Tuna, Fresh, Coated, Fried",100,237.0,9.85,10.75,23.82
"Tuna, Fresh, Steamed Or Poached",100,137.0,0.0,0.62,30.68
"Tuna, Fresh, Dried",100,341.0,0.0,1.53,76.25
"Tuna, Fresh, Smoked",100,200.0,0.0,10.04,25.54
"Tuna, Canned, Oil Pack",100,198.0,0.0,8.21,29.13
"Tuna, Canned, Water Pack",100,86.0,0.0,0.96,19.44
"Gurita, Dimasak",100,222.0,12.16,11.63,16.3
"Gurita, Steamed (Kukus)",100,163.0,4.37,2.07,29.62
"Gurita, Dried",100,311.0,8.34,3.94,56.52
"Gurita, Dried, Boiled",100,163.0,4.38,2.07,29.69
"Gurita, Smoked",100,164.0,4.4,2.08,29.82
"Cumi-Cumi, Raw",100,92.0,3.08,1.38,15.58
"Cumi-Cumi, Baked Or Broiled, Fat Added In Cooking",100,142.0,3.77,5.23,18.59
"Cumi-Cumi, Baked Or Broiled, Fat Not Added In Cooking",100,113.0,3.88,1.7,19.14
"Cumi-Cumi, Coated, Baked Or Broiled, Fat Added In Cooking",100,198.0,15.01,7.44,16.42
"Cumi-Cumi, Coated, Baked Or Broiled, Fat Not Added In Cooking",100,156.0,15.7,2.06,17.17
"Cumi-Cumi, Coated, Fried",100,231.0,12.94,11.93,16.89
"Cumi-Cumi, Steamed Or Boiled",100,183.0,6.13,2.75,31.02
"Cumi-Cumi, Dried",100,348.0,11.65,5.22,58.94
"Cumi-Cumi, Pickled",100,93.0,2.96,1.32,14.93
"Cumi-Cumi, Canned",100,106.0,3.54,1.59,17.9
"Oysters (Tiram), Raw",100,51.0,2.72,1.71,5.71
"Oysters (Tiram), Cooked",100,195.0,12.62,12.22,8.16
"Oysters (Tiram), Baked Or Broiled, Fat Not Added In Cooking",100,63.0,3.44,2.1,7.02
"Oysters (Tiram), Steamed",100,102.0,5.42,3.4,11.37
"Oysters (Tiram), Coated, Fried",100,195.0,12.62,12.22,8.16
"Oysters (Tiram), Coated, Baked Or Broiled, Fat Added In Cooking",100,160.0,14.69,7.74,7.43
"Oysters (Tiram), Coated, Baked Or Broiled, Fat Not Added In Cooking",100,117.0,15.36,2.38,7.77
"Oysters (Tiram), Canned",100,74.0,4.25,2.68,7.67
"Oysters (Tiram), Smoked",100,82.0,4.38,2.76,9.2
"Scallops (Kerang), Baked Or Broiled, Fat Added In Cooking",100,114.0,3.89,4.17,14.39
"Scallops (Kerang), Baked Or Broiled, Fat Not Added In Cooking",100,85.0,4.0,0.6,14.81
"Scallops (Kerang), Steamed Or Boiled",100,137.0,6.33,0.98,24.01
"Scallops (Kerang), Coated, Fried",100,211.0,13.03,11.14,13.78
"Scallops (Kerang), Coated, Baked Or Broiled, Fat Added In Cooking",100,177.0,15.1,6.63,13.21
"Scallops (Kerang), Coated, Baked Or Broiled, Fat Not Added In Cooking",100,134.0,15.8,1.22,13.82
"Almonds, Mentah",100,598.0,21.01,52.54,20.96
"Almonds, Unroasted",100,579.0,21.55,49.93,21.15
"Almonds, Salted",100,601.0,20.18,53.43,20.13
"Almonds, Lightly Salted",100,604.0,20.28,53.7,20.23
"Almonds, Unsalted",100,607.0,20.38,53.96,20.33
"Almonds, Flavored",100,599.0,20.12,53.27,20.07
"Almonds, Honey Roasted",100,575.0,35.92,45.27,14.11
Kacang Brazil,100,659.0,11.74,67.1,14.32
"Kacang Metes, Unroasted",100,574.0,32.69,46.35,15.31
"Kacang Metes, Salted",100,578.0,31.4,47.48,14.7
"Kacang Metes, Lightly Salted",100,580.0,31.55,47.72,14.78
"Kacang Metes, Unsalted",100,583.0,31.71,47.96,14.85
"Kacang Metes, Honey Roasted",100,558.0,43.79,41.11,10.31
Kacang Kastanye (Chestnuts),100,245.0,52.96,2.2,3.17
Hazelnut,100,628.0,16.7,60.75,14.95
Macadamia,100,716.0,12.83,76.08,7.79
"Peanuts, Raw",100,587.0,21.26,49.66,24.35
"Peanuts, Boiled",100,318.0,21.26,22.01,13.5
"Peanuts, Unroasted",100,567.0,16.13,49.24,25.8
"Peanuts, Roasted, Salted",100,599.0,15.26,52.5,28.03
"Peanuts, Roasted, Unsalted",100,599.0,15.26,52.5,28.03
"Peanuts, Dry Roasted, Salted",100,587.0,21.26,49.66,24.35
"Peanuts, Dry Roasted, Lightly Salted",100,584.0,21.15,49.41,24.23
"Peanuts, Dry Roasted, Unsalted",100,587.0,21.26,49.66,24.35
"Peanuts, Honey Roasted",100,572.0,30.07,45.21,20.7
"Pecans, Salted",100,690.0,13.31,72.09,8.81
"Pecans, Unsalted",100,697.0,13.44,72.81,8.9
"Pecans, Honey Roasted",100,637.0,31.11,58.36,6.17
Kacang Pinus (Pine Nut),100,673.0,13.08,68.37,13.69
"Kacang Pistachio, Raw",100,572.0,28.28,45.82,21.05
"Kacang Pistachio, Salted",100,576.0,27.16,46.98,20.22
"Kacang Pistachio, Lightly Salted",100,579.0,27.3,47.21,20.32
"Kacang Pistachio, Unsalted",100,581.0,27.43,47.44,20.42
"Walnuts, Honey Roasted",100,612.0,31.01,53.8,10.25
"Coconut Water, Unsweetened",100,18.0,4.24,0.0,0.22
"Biji Labu (Pumpkin Seeds), Raw",100,574.0,14.71,49.05,29.84
"Biji Labu (Pumpkin Seeds), Salted",100,567.0,14.54,48.47,29.49
"Biji Labu (Pumpkin Seeds), Unsalted",100,574.0,14.71,49.05,29.84
"Biji Bunga Matahari (Sunflower Seeds), Plain, Unsalted",100,582.0,24.07,49.8,19.33
"Biji Bunga Matahari (Sunflower Seeds), Plain, Salted",100,575.0,23.78,49.21,19.1
"Biji Bunga Matahari (Sunflower Seeds), Flavored",100,567.0,25.93,47.54,18.45
"Biji Bunga Matahari (Sunflower Seeds), Mentah/Raw",100,582.0,24.07,49.8,19.33
Tahini,100,595.0,21.19,53.76,17.0
Flax Seeds,100,534.0,28.88,42.16,18.29
Mixed Seeds,100,580.0,21.73,49.61,21.96
Chia Seeds,100,534.0,28.88,42.16,18.29
"Garlic Bread, From Fast Food / Restaurant",100,349.0,41.64,16.58,8.34
Croissant,100,406.0,45.8,21.0,8.2
"Croissant, Keju",100,414.0,47.0,20.9,9.2
"Croissant, Chocolate",100,421.0,49.4,22.79,7.4
"Croissant, Fruit",100,396.0,46.99,19.78,7.77
"Tortilla, Plain",100,262.0,47.01,5.42,6.95
"Tortilla, Corn",100,218.0,44.64,2.85,5.7
"Tortilla, Flour",100,306.0,49.38,7.99,8.2
"Tortilla, Whole Wheat",100,310.0,45.89,9.76,9.76
"Taco Shell, Corn",100,476.0,63.49,21.79,6.41
"Taco Shell, Flour",100,511.0,53.2,29.07,8.83
Burrito With Meat,100,242.0,14.44,14.48,13.03
Burrito With Meat And Beans,100,229.0,17.83,12.46,11.36
"Burrito With Meat And Beans, From Fast Food",100,180.0,23.37,6.8,7.03
Burrito With Meat And Sour Cream,100,236.0,13.09,15.15,11.57
"Burrito With Meat, Beans, And Sour Cream",100,225.0,16.06,13.39,10.16
"Burrito With Meat, Beans, And Sour Cream, From Fast Food",100,209.0,26.78,7.86,8.56
"Burrito With Meat, Beans, And Rice",100,223.0,18.52,11.66,10.79
"Burrito With Meat, Beans, Rice, And Sour Cream",100,219.0,16.76,12.63,9.73
Burrito With Chicken,100,242.0,16.57,12.01,16.9
Burrito With Chicken And Beans,100,228.0,19.06,11.2,12.93
Burrito With Chicken And Sour Cream,100,235.0,14.66,13.19,14.59
"Burrito With Chicken, Beans, And Sour Cream",100,224.0,16.98,12.38,11.42
"Burrito With Chicken, Beans, And Rice",100,221.0,19.72,10.42,12.2
"Burrito With Chicken, Beans, Rice, And Sour Cream",100,218.0,17.67,11.63,10.88
"Burrito With Beans And Rice, Meatless",100,211.0,21.5,9.89,9.32
"Burrito With Beans, Meatless",100,217.0,21.04,10.56,9.78
"Burrito With Beans, Meatless, From Fast Food",100,205.0,31.23,6.05,7.35
"Burrito With Beans, Rice, And Sour Cream, Meatless",100,210.0,19.41,11.06,8.47
"Raisins, Raw",100,299.0,79.18,0.46,3.07
"Raisins, Cooked",100,219.0,57.38,0.21,1.43
"Cherries, Sweet, Raw",100,63.0,16.01,0.2,1.06
"Juneberry, Raw",100,57.0,14.49,0.33,0.74
"Kiwi Fruit, Raw",100,61.0,14.66,0.52,1.14
"Lychee, Raw",100,66.0,16.53,0.44,0.83
"Peach, Raw",100,39.0,9.54,0.25,0.91
"Pear, Raw",100,57.0,15.23,0.14,0.36
"Pear, Japanese, Raw",100,42.0,10.65,0.23,0.5
"Persimmon, Raw",100,70.0,18.59,0.19,0.58
"Plum, Raw",100,46.0,11.42,0.28,0.7
"Plum, Cooked Or Canned",100,89.0,23.24,0.1,0.36
"Plum, Cooked Or Canned, Unsweetened, Water Pack",100,41.0,11.03,0.01,0.39
"Plum, Cooked Or Canned, In Heavy Syrup",100,89.0,23.24,0.1,0.36
"Plum, Cooked Or Canned, In Light Syrup",100,63.0,16.28,0.1,0.37
"Plum, Cooked Or Canned, Drained Solids",100,89.0,23.12,0.14,0.44
"Plum, Cooked Or Canned, Juice Pack",100,58.0,15.15,0.02,0.51
"Plum, Pickled",100,123.0,30.8,0.19,0.48
"Berries, Raw",100,32.0,7.68,0.3,0.67
"Berries, Frozen",100,51.0,12.17,0.64,0.42
"Blackberries, Raw",100,43.0,9.61,0.49,1.39
"Blueberries, Raw",100,57.0,14.49,0.33,0.74
"Cranberries, Raw",100,46.0,11.97,0.13,0.46
"Cranberries, Cooked Or Canned",100,159.0,40.4,0.15,0.9
"Dewberries, Raw",100,43.0,9.61,0.49,1.39
"Huckleberries, Raw",100,57.0,14.49,0.33,0.74
"Loganberries, Raw",100,55.0,13.02,0.31,1.52
"Loganberries, Frozen",100,55.0,13.02,0.31,1.52
"Mulberries, Raw",100,43.0,9.8,0.39,1.44
"Raspberries, Raw",100,52.0,11.94,0.65,1.2
"Raspberries, Black, Raw",100,52.0,11.94,0.65,1.2
"Raspberries, Red, Raw",100,52.0,11.94,0.65,1.2
"Strawberries, Raw",100,32.0,7.68,0.3,0.67
"Youngberries, Raw",100,43.0,9.61,0.49,1.39
"Asparagus, Raw",100,20.0,3.88,0.12,2.2
Kimchi,100,15.0,2.4,0.5,1.1
Almond Oil,100,884.0,0.0,100.0,0.0
Corn Oil,100,900.0,0.0,100.0,0.0
Cottonseed Oil,100,884.0,0.0,100.0,0.0
Flaxseed Oil,100,884.0,0.0,99.98,0.11
Olive Oil,100,884.0,0.0,100.0,0.0
Peanut Oil,100,884.0,0.0,100.0,0.0
Rapeseed Oil,100,884.0,0.0,100.0,0.0
Canola And Soybean Oil,100,884.0,0.0,100.0,0.0
"Canola, Soybean And Sunflower Oil",100,884.0,0.0,100.0,0.0
Safflower Oil,100,884.0,0.0,100.0,0.0
Soybean Oil,100,884.0,0.0,100.0,0.0
Soybean And Sunflower Oil,100,884.0,0.0,100.0,0.0
Sunflower Oil,100,884.0,0.0,100.0,0.0
Walnut Oil,100,884.0,0.0,100.0,0.0
"Mayonnaise, Light",100,238.0,9.23,22.22,0.37
"Mayonnaise, Reduced Fat,  With Olive Oil",100,361.0,0.0,40.0,0.37
"Mayonnaise-Type Salad Dressing, Light",100,158.0,16.4,10.0,0.65
"Coffee, Latte",100,43.0,4.27,1.68,2.76
"Coffee, Latte, Nonfat",100,30.0,4.4,0.1,2.82
"Coffee, Latte, With Non-Dairy Milk",100,35.0,5.07,1.07,1.28
Mojito,100,61.0,2.46,0.02,0.09
Whiskey Sour,100,123.0,16.11,0.08,0.08
Whiskey And Soda,100,59.0,0.0,0.0,0.0
Whiskey And Water,100,59.0,0.0,0.0,0.0
Whiskey And Cola,100,89.0,7.8,0.19,0.0
Whiskey And Diet Cola,100,60.0,0.22,0.02,0.08
Whiskey And Ginger Ale,100,83.0,6.59,0.0,0.0
Rum And Cola,100,89.0,7.8,0.19,0.0
Rum And Diet Cola,100,60.0,0.22,0.02,0.08
Pina Colada,100,151.0,19.5,2.13,0.36
Brandy And Cola,100,89.0,7.8,0.19,0.0
Vodka And Soda,100,59.0,0.0,0.0,0.0
Vodka And Lemonade,100,93.0,9.02,0.0,0.0
Vodka And Cola,100,89.0,7.8,0.19,0.0
Vodka And Diet Cola,100,60.0,0.22,0.02,0.08
Vodka And Energy Drink,100,90.0,7.7,0.0,0.35
Vodka And Water,100,59.0,0.0,0.0,0.0
Vodka And Tonic,100,84.0,6.57,0.0,0.0
"Wine, Table, Red",100,85.0,2.61,0.0,0.07
"Wine, Table, White",100,82.0,2.6,0.0,0.07
"Wine, Table, Rose",100,83.0,3.8,0.0,0.36
"Wine, Rice",100,134.0,5.0,0.0,0.5
"Wine, Dessert, Sweet",100,160.0,13.69,0.0,0.2
"Wine, Light",100,49.0,1.17,0.0,0.07
Wine Cooler,100,68.0,10.07,0.0,0.0
Whiskey,100,231.0,0.0,0.0,0.0
Scotch,100,231.0,0.0,0.0,0.0
Gin,100,231.0,0.0,0.0,0.0
Rum,100,231.0,0.0,0.0,0.0
Rum Cooler,100,68.0,10.07,0.0,0.0
Vodka,100,231.0,0.0,0.0,0.0
Tequila,100,231.0,0.0,0.0,0.0
Markisa,100,97.0,23.38,0.7,2.2
"Kerang (Clams), Raw",100,86.0,3.57,0.96,14.67
Lontong (Rice Cake),100,392.0,81.1,4.3,7.1
